NGO_name,CCReg,Contact_no,Contact,Address,longitude,latitude
"""DIVYA RASA"" (Centre for Healing, Learning,
Research and Communication)",9995,"9176300657 , 9629427411 ",Pekka Kontiainen ,"Su Kilnachipattu,Mathur, near Arunai Engineering college, Tiruvannamalai, Tamil Nadu 606603",79.08383,12.19307
"""Sankalp"" Manav Vikas Sanstha",10479,9096696633 ,Raju Sathe ,"Sudhakar Kshirsagar, Gautam Nagar Pathari Parbhani, Maharashtra 431506",76.42406,19.24029
"""VISHA"" VOCATIONAL INSTITUTES SOCIAL,HEALTH
AND AGRICULTURE",9807,"9438022310 , 7327914477 ",prakash ch.harijan ,"Goutam Nagar Last Lane, koraput, Odisha 764020",82.70526,18.8052
"`SEVAK' Society for Empowerment through
Voluntary Action in Karnataka",4961,9448193220 ,LATHAPUSHPA N. M. ,"Nityadhar Building, Tipu Sultan Building, MACHHE, BELGAUM, Belgaum, Karnataka 590014",74.47437,15.78688
1M1B FOUNDATION,12062,7053733974 ,Saffin Mathew ,"80 Feet Rd Koramangala, Bengaluru, Karnataka 560034",77.6323,12.93193
A Little Contribution Welfare Society,12859,9038337855 ,,"Tanupukur Road Dhakuria, Kolkata, West Bengal 700031",88.37282,22.51057
aaina,742,2360630 ,Smriti Mohanty ,"Hotel Mayfair, Jayadev Vihar, Bhubaneswar, Khordha,Odisha 751013",85.82376,20.29857
"AAO SAI SEWA SAMITI, FARIDABAD",9386,"9868370820 , 9811838748 ",Rajkumar Sharma ,"Shiv Durga Vihar, Dayal Bagh, Suraj Kund, Faridabad Haryana 121009",77.28258,28.47979
Aarohan,1214,"41007526 , 49065447 ",Abdul Azeem ,"Malviya Nagar, South Delhi New Delhi 110017",77.2087,28.5343
AASHISH FOUNDATION,5426,"67439941 , 9870183414 ",Mrs Shalini C Bijliwala ,"Unique Industrial, Near Shiddhivinayak Temple, Prabhadevi, Mumbai, Maharashtra 400025",72.82837,19.01763
Aashraydurg Bahuuddeshiy Samajik Sanstha,8494,"9029111777 , 9420535452 ",Dr Ulhas Vasave ,"Zamanzar, Khekda, Navapur Nandurbar Maharashtra 425418",73.73969,21.13335
Aashwasan Foundation,1382,"25450895 , 25450895 ",Trishna Pandey ,"A Cross HRBR Layout II Block Bangalore, Karnataka 560043",77.64337,13.02431
AASRAA,5788,"6456991 , 6456991 ",Neelu Khanna ,"Vasant Vihar, Dehradun Uttarakhand 248006",78.0033,30.32805
AASTHA FOUNDATION,4181,"9822035349 , 9325202897 ",Jayant Sangwikar ,"Sri Sankul, Shrey Nagar, New Osmanpura, Aurangabad, Maharashtra 431001",75.33104,19.8694
Aatmaja Foundation,9845,"7028009200 , 9890994966 ",Priya  Gurav ,"Vinode Nagar, Marunji Road, Wakad, Pune, Maharashtra 411057",73.72093,18.59885
Abha Mission for Social Health and Education,5498,9903290696 ,Mita G Basu Roy ,"East Road, Jadavpur, Central Road, Kolkata West Bengal 700032",88.36138,22.48628
ABHILASHA FOUNDATION,5780,,,"Gorai 2, Borivali (West), Mumbai 400091",72.78549,19.24568
ABHINAV SAMAJ,5252,"9810901970 , 9643405487 ",,R-Block Old Uttam Nagar Nagar West Metro Station Delhi 110059,77.04976,28.62937
Abhivyakti Foundation,8012,9801331700 ,,"Himani Bhawan, Barganda Sub Post Office, New Barganda, Giridih, Jharkhand 815301",86.30447,24.19186
Abhivyakti Media for Development,5296,"2346128 , 2346148 ",Ranjit Gadgil ,"Kalyani nagar, Off Gangapur road, Anandvali shivar, Nashik Maharashtra 422013",73.76062,20.01726
Abhoy Mission,808,"9436123069 , 2338607 ",Susmita De ,"Abhoy Mission, Ramnagar, Agartala, Tripura 799002",91.26438,23.84139
"ACIL NAVSARJAN RURAL DEVELOPMENT
FOUNDATION",7356,24474823 ,NITA MAHUVAKAR ,"New Udyog Mandir 2, Mogul Lane, Mahim (W), Mumbai, Maharashtra 400016",72.84668,19.03691
"Action for Agricultural Renewal in Maharashtra -
AFARM",628,"24244641 , 24268302 ",S M Tamboli ,"Raisoni Park, Market Yard, Pune, Maharashtra 411037",73.87171,18.48313
Action for Autism,1062,"40540994 , 65347422 ",Kathakali Das Pandey ,"Jasola Vihar, New Delhi 110025",77.28969,28.54586
Action for Development of Demos (ADD),308,"2367665 , 2321992 ",Ravindra Narayan Shahi ,"East Indira Nagar, Kankarbagh,Patna, Bihar 800020",85.14072,25.59239
Action for Protection of Wild Animals(APOWA),7203,8455913820 ,Bijaya Kumar Kabi ,"Hatapatana, Kadaliban, Hatapatana, Kendrapara, Odisha 754222",86.36379,20.46919
Action of Human Movement (AHM),1160,"27236074 , 9443596715 ","Charles M.S.W, M.A.B.Ed. ","Madha Koil St,Kammalam,Poondi Po,Uthiramerur Tk,Kancheepuram,Tamil Nadu 603406",79.77467,12.6143
Action on Disability and Development (India),1466,26765881 ,Mr. Rangegowda ,"19th cross, Banashankari 2nd stage, Bengaluru Urban, Karnataka 560070",77.57249,12.92537
Adivasi Chetna Shikshan Seva Samiti,3582,"245650 , 9425413600 ",Benedict Damor ,"Dilip Gate,Udaipuriya,Jhabua,Madhya Pradesh 457661 ",74.65587,22.70923
Adventist Development & Relief Agency/ India,11803,4056634 ,Rohan Jain ,"Kusum Marg, H-Block, DLF City Phase 1, Gurugram, Haryana 122002",77.10234,28.47493
Agariya Heet-Rakshak Manch,10591,26821553 ,Pankti Jog ,"Sahajanand Towers,Jivrajpark CharRasta,Ahmedabad,Gujarat 380051",72.53261,23.00643
Agewell Foundation,1284,"29836486 , 29840484 ",Narendra Singh Negi ,"Lajpat Nagar - II,New Delhi 110024",77.24242,28.56816
AHILLYABAI HOLKAR BAHUUDDESHIYA SANSTHA,9792,9922122474 ,,"Rani Amravati bhabulgaon, yavatmal, Maharashtra 445001",78.1037,20.53925
AKANKSHA SEVA SADAN,3524,"2250027 , 2250066 ",,"Madapur Choubey, Kharaunadih, Muzaffarpur, Bihar 843113",85.30657,26.09225
AKASH MEMORIAL CHARITABLE TRUST,6783,"2342118 , 2342118 ",,"Akashdeep,Sector-25,Noida,Gautam Buddha Nagar,Uttar Pradesh 201301",77.34002,28.58281
Akhil Gramin Yuva Vikash Samiti,12902,9199918786 ,,"Manifulkahan Raksha Kanti, Rani Pokhar Chowk, Muzaffarpur, Bihar 843109",85.24859,26.1749
Akhila Bharatha Mahila Seva Samaja,8824,"48148651 , 9480205334 ",Mithun Amin ,"Indiqube Penta, Richmond Road , Bengaluru Urban, Karnataka 560025",77.60362,12.96576
AKSHADHAA FOUNDATION,13360,"8310976860 , 9632220375 ",Shubhajit Bhattacharya ,"2nd Cross, HRBR Layout, Banaswadi,Bengaluru  Urban, Karnataka 560043",77.64623,13.00899
Akshara Foundation of Arts and Learning,11548,28686000 ,,"Sector 8 Charkop, Near MTNL Building Kandivali West, Mumbai, Maharashtra 400067",72.82923,19.20758
ALKHA FOUNDATION,13249,8112243305 ,Narendra Kumar Garwa ,"Alkha foundation,Nehru nagar,Pachar Road,Kishangarh renwal, Jaipur, Rajasthan 303603",75.35787,27.15901
All Creatures Great And Small,11348,9311011991 ,Purnima Bist ,"Gulmohr park, New Delhi,South Delhi 110049",77.21332,28.55629
Ambassadors Service Society,2722,"9474448095 , 8900490667 ",Bimal Mandi ,"Ambassadors Children Home, Telipuskarani, Tilaboni Mahisamura, Kultikri, West Medinipur, Bengal 721135",87.20833,22.17247
Ambuja Cement Foundation,521,"40667530 , 40667522 ",Communications Desk ,"Elegant Business Park, Andheri Kurla Road (E),Mumbai,Maharashtra 400059",72.86731,19.11359
AMMA FOUNDATION RAIBAG,13174,8197074359 ,,"Varji Apartment, Near Saraswati School Dupadal Road, Ghtaprabha, Daneshwari Road,Gokak,Belgaum,Karnataka 591306",74.76909,16.23096
ANAHATA UNITED EFFORTS FOUNDATION,11978,9632775119 ,,"F Cross Road,Jayanagar 4T block, Bengaluru Urban, Karnataka 560041",77.60361,12.92627
Anchalika Jana Seva Anusthan,2630,"9658808914 , 9937924994 ",Manoranjan Behera ,"SUNDHIMUNDA, CHANDOTARA,SINDHEKELA,Balangir,Odisha 767035",82.94258,20.22486
Andhjan Kalyan Trust,316,"223502 , 223502 ",CHINTAN VYAS ,"Aamba Wadi,Junagadh Road,Dhoraji,Rajkot,Gujarat 360410",70.44798,21.73847
Animal Rahat,12294,,Mr. Nair ,"Saket,New Delhi,South Delhi 110017",77.21193,28.52435
ANK,4680,"9810561157 , 9717422882 ",Shubhrajyoti Bhowmik ,"Mahesh Apartments, New Ashok Nagar,Delhi 110092",77.3033,28.5921
ANNAI TRUST,11053,9443070795 ,,"Vanya block,Arini Enclave,Aandalpuram,Madurai,Tamil Nadu 625003 ",78.1054,9.91011
Anubhuti Samiti,13136,"8130698203 , 7838235215 ",Dilip Suthar ,"Vasundhra,Buddha Chawk,Ghaziabad,Uttar Pradesh 201012",77.37098,28.66084
ANUGRAHA TRUST FOR THE HANDICAPPED,3612,"9443120368 , 9869339968 ",Amrita Amodkar ,"Melakattuvilai, Esakiamman Kovil,Manikattipottal,Kanyakumari,Tamil Nadu 629501 ",77.40013,8.13106
Apne Aap Women's Collective,4358,"23819721 , 23083326 ",YSK Prerana ,Municipal School Alankar Cinema Khetwadi Mumbai Maharashtra 400004,72.82461,18.95813
ARASAN RURAL DEVELOPMENT SOCIETY,9369,0944315042 ,Mr. T. Kingsly Moses ,"Anasalai Anna Statue (Silai), Naguneri, Tirunelveli, Tamil Nadu 627501",77.56642,8.53336
AROH Foundation,1403,"3088070 , 3088079 ",,"Sector 8,NOIDA,Gautam Buddha Nagar,Uttar Pradesh 201301 ",77.32671,28.59511
ARTH SHAKTI FOUNDATION,13295,8595080767 ,,"Tri Nagar,Joor Bagh,Sarai Rohilla.,Delhi 110035 ",77.15948,28.67603
ASHA Foundation (Action Service Hope for AIDS),982,"23332921 , 23332921 ",Elsie Jayaprakash ,"SBM Colony,Anand Nagar,Hebbal,Bangalore,Karnataka 560024 ",77.60261,13.05838
Asha Ka Jharna,257,"223094 , 9414036896 ",Vinod Saini ,"Harlal Ka Kothi,Nawalgarh,Jhunjhunu,Rajasthan 333042 ",75.26663,27.84909
Ashadeep Association,979,"28353880 , 9699265651 ",Santosh Panigrahi ,"Shakti Apts,Mumbai,Maharashtra 400099 ",72.86063,19.25501
"Ashoka Trust for Research in Ecology and the
Environment (ATREE)",3610,"23635555 , 8105144986 ",Meetu Desai ,"Royal Enclave,Srirampura,Jakkur Post,Bangalore,Karnataka 560064 ",77.6041,13.07794
Ashray-Akruti,319,"40042250 , 40042250 ",Anusha ,"Sri Nagar Colony,Hyderabad,Telangana 500073 ",78.43314,17.42946
"ASSET TRUST (Association for Social Solidarity &
Empowerment Training Trust)",9650,"4267389 , 4267389 ",,"Muniyandi koil lane,Manjanakara Stree,Madurai,Tamil Nadu 625001",78.1194,9.92016
Association for Democratic Reforms Ahmedabad,11352,7840067840 ,Pradeep Agarwal ,"Gulmohar Commercial Complex,Gautam Nagar, New Delhi,South Delhi 110049",77.2132,28.55926
"Association for Non Traditional Employment for
Women",126,"26210492 , 26200697 ",Girija Viswanathan ,"Shanthi Colony, Annanagar,Chennai,Tamil Nadu 600040",80.21077,13.08251
"ASSOCIATION FOR REHABILITATION OF VILLAGE AND
IMPAIRMENT (ARVI) TRUST",7253,"9843160475 , 9442160475 ",,"ARVI TRUST,Lakshmi Nagar,Seelapadi,Dindigul,Tamil Nadu 624005 ",78.00502,10.38309
Association for Rural Community Development,191,"232451 , 9443286782 ",T Sivamurthi ,"Krishnagiri Road,Rayakottai,Krishnagiri,Tamil Nadu 635116",77.84253,12.71176
Association for Social and Humanize Action(ASHA),1385,"9492381609 , 8179339047 ",Venkatesh ,"Yerrampeta,Chinturu,East Godavari,Andhra Pradesh 507126",81.43898,17.75805
Association for Sustainable Community Development,323,"27567115 , 27567115 ",S. Latha ,"West Pillayar Koil Street, Karunguzhi Post, Madurantakam Taluk, Madurantakam, Kancheepuram, Tamil Nadu 603303",79.90949,12.53524
ATSWA TRUST,13113,"42136966 , 9884474866 ",I.Richard Vijaya Kumar ,"Bajanai Koil Street,Redhills,Chennai,Tiruvallur,Tamil Nadu 600052",80.20186,13.18758
Aulia Adhayatmik Anusandhan Kendra Aulia Darbar,6638,9801067668 ,,"Pauni Hasanpur,Pauni Vaishali,Bihar 844123",85.19633,25.90826
Autism Society West Bengal,4958,"8274081576 , 9830139173 ",Ranjana Chakraborty ,"Krishakpally Mukundupur, RN Tagore Institute of Cardiac Sciences, Kolkata, West Bengal 700099",88.40236,22.49271
AVTAR Human Capital Trust,11387,9600018650 ,,"Udyog Gruhaa, Raja Nagar, East Coast Road, Neelangarai, Chennai,Tamil Nadu 600041",80.25255,12.93788
Avvai village welfare society,12383,"43652249 , 9150150400 ",,"Sattaiyapper Melaveethi,Nagapattinam, Tamil Nadu 611001",79.83318,10.78663
AWARENESS,11447,9094400022 ,,"Sridevi Nilayam, Chanrda Colony,Carolina Road,Coonoor, Tamil Nadu 643102",76.77546,11.33303
AYANG TRUST,12670,8638990636 ,Nikita Chatterjee ,"Court Road, Shantipur, Majuli, Assam 785104",94.25326,26.97842
AYATHI TRUST,5783,"8553033006 , 9945067947 ",Anima Nair ,"5th Cross, HRBR Layout, Kalyan Nagar,Bengaluru, Karnataka 560043",77.63301,13.01689
AYNGARAN FOUNDATION,12344,9677772176 ,VINCE THOMAS ,"TAMIL NAGAR, OBULAPURAM AYAKUDI, PALANI, Dindigul, Tamil Nadu 624601",77.51639,10.44352
Ayushi Jan Sewa Welfare Foundation,1169,45085132 ,Manoj Kumar ,"BRAHAMPURI COLONY, RANHOLLA, KALI MATA MANDIR, NAJAFGARH ROAD,NANGLOI,NEW DELHI 110041",77.05987,28.66845
Azad India Foundation,326,"222483 , 222483 ",Pervez Raza ,"Azad Manzil,Line Mohalla,Kishanganj, Bihar 855107 ",87.91338,26.09883
"AZAD VIKLANG KALYAN SAMITI, MEGHNAGAR",9538,"8085646965 , 9827827312 ",Manoj Vasuniya ,"Railway Colony, Meghnagar, Jhabua Madhya Pradesh 457779",74.63342,22.93652
Baikunthapur Tarun Sangha,4809,9733524070 ,,"Baikunthapur, Kultali,  South 24 Parganas, Baikunthapur, Sunderban, West Bengal 743383",88.52902,21.9115
Bal Sakha,6916,"9234938631 , 7542034556 ",,"New Patliputra Colony, Patna, Bihar 800013",85.10724,25.62516
Bal Sansar Sanstha,4226,"9829011880 , 7728004090 ",Priyamvada Singh ,"Saraswati Marg, Bajaj Nagar, Jaipur Rajasthan 302015",75.8022,26.87306
BALAJEE SEWA SANSTHAN,2328,"7969675 , 8859993336 ",Mamta Thapa ,"Turner Road, Clement Town, Dehradun,Uttarakhand 248002",78.00415,30.27727
Bangalore Medical Services Trust,11937,9902234484 ,Shubha ,"New Thippasandra Main Road, HAL 3rd Stage,Thippasandra,Bengaluru Karnataka 560075",77.64753,12.96964
BARADRONE SOCIAL WELFARE INSTITUTION,4270,"9434024631 , 215032 ",,"Diamond Harbour 1, South 24 Parganas,West Bengal 743332",88.18992,22.1919
BAREFOOT EDU FOUNDATION,12343,8920702958 ,,"Ashoka Centre, L.T. Marg, Mumbai,Maharashtra 400001",72.83138,18.94566
Basudeo Bubna Memorial Trust,4275,"40400000 , 40400000 ",,"Aarey Road,Goregaon East,Mumbai Maharashtra 400063",72.85577,19.16642
Behala Institute of Allied Health Sciences,9143,"23481550 , 8697488882 ",Sanchita Mondal ,"Ho Chi Minh Sarani, Sanjib Pally, Behala, Kolkata,West Bengal 700034",88.30963,22.48582
Belda Society to Promote Awareness and Concern for Environment,9455,"9476112876 , 255042 ",,"Susinda, Belda, West Medinipur, Bengal 721424",87.35204,22.08427
BEST FOUNDATION,10889,"7799666999 , 244229 ",Suneela GA ,"Church Road, Subbaraopet, Vayu Krupa Marg, Tadepalligudem, Andhra Pradesh 534101",81.50182,16.86094
Bethany Society,807,"2210631 , 2227705 ",Prakarsh Diwaker ,"Bethany Society, Lady Veronica Lane, Laitumkhrah, Shillong, East Khasi Hills, Meghalaya 793003",91.89696,25.56947
Bhagini Nivedita Pratishthan Pune,329,"24459734 , 8275765734 ",Neelima Karkhanis ,"Bhoopati Complex, Sadashiv Peth, Pune, Maharashtra 411030",73.85045,18.50804
Bhanru Ramkrishnapur Gramin Unnayan Sanstha,9397,"9836290593 , 7890686702 ",,"Bhanru Ramkrishnapur, Bishnupur,South 24 Parganas,West Bengal 743610",88.34844,22.32347
Bharatiya Varishtha Nagarik Samiti,4679,4016048 ,Jagat Behari Agarwal ,"Kasmanda Apartments, Park Road, Hazratganj, Lucknow,Uttar Pradesh 226001",80.94701,26.84598
Bhartiya Jan Kalyan Sewa Sansthan,8301,"8874779586 , 8874779586 ",Devatadeen Pandey ,"Veerpur, Sirsiya, Shrawasti, Bhinga, Uttar Pradesh 271840",82.09573,27.79647
Bhavishya Bharat,1932,"9963722293 , 23607019 ",Hemant K Jha ,"DK Road, Ameerpet, Hyderabad, Telangana 500016",78.44907,17.44251
BHOJPUR MAHILA KALA KENDRA,6788,"7903100990 , 7903737181 ",Santosh Kumar ,"Ranjan Palace, Magistrate Colony, Ashiana, Patna, Bihar 800014",85.08049,25.61262
Bijapur Integrated Rural Development Society,720,"9448117058 , 9731341150 ",Mahantesh Agasimundin ,"Nagaling Nagar,Hungund, Bagalkot, Karnataka 587118",76.10397,16.13384
Biswa Gouri Charitable Trust,6683,"28465336 , 28465336 ",,"Shaneshwara Temple, Billishivalle, Kothanur,Bangalore, Karnataka 560077",77.64832,13.06423
Blessings Life Foundation Trust,554,"9444142914 , 281093 ",,"Jacob Memorial Community college campus, Balmore Road, Erachakulam, Nagercoil, Kanyakumari, Tamil Nadu 629902",77.43227,8.17899
Blind People's Association (India),331,"26304070 , 26300106 ",Nandini Rawal ,"Surdas Marg, Jagdish Patel Chowk, Vastrapur, Ahmedabad, Gujarat 380015",72.53047,23.03805
Blind Welfare Council Dahod,332,"221367 , 243389 ",Abbas Kharodawala ,"Mandaav Road, Panchmukhi Hanuman Temple, Dahod, Gujarat 389151",74.25394,22.84476
BNM - TSK TRUST,8023,"8883333113 , 7094991117 ",Kirupakar .S ,"TSM Colony, K.K.Pudur Road, Kovilmedu, Coimbatore, Tamil Nadu 641025",76.9319,11.03325
Brahmi Educational and Cultural Trust,6703,"9945013193 , 9448584569 ",Dr Channa Raju ,"Anjana Vidya Kendra, Desapande Guttahalli, Tattanur Village, Kalkunte Post, Bengaluru, Karnataka 560067",77.72343,13.02051
BRO SIGA ANIMATION CENTRE,877,"26731284 , 9940173901 ",S.Sumithra Devi ,"B. Kalyanapuram, S.M.Nagar main road, Vyasarpadi, Chennai, Tamil Nadu 600039",80.26569,13.11412
BUILDING DREAMS FOUNDATION,10683,"8384897524 , 6399463996 ",Surbhi Jaiswal ,"Thakurpur Road, Premnagar, Dehradun, Uttarakhand 248007",77.95048,30.33414
"Bureau of Obligate and Accompainer for Rural
Development",4430,"9835252736 , 9631369572 ",Ms. Sangita Kumari ,"Shahjahanpur, Nagarnousha, Patna, Bihar 801305",85.30453,25.40251
Calcutta Rescue,3554,22175675 ,Jaydeep Chakraborty ,"85 Collin Street, Kolkata, West Bengal 700016",88.35621,22.55525
Cancer Foundation of India,4524,"24053131 , 8961313131 ",,"Selimpur Road, Kolkata, West Bengal 700031",88.3689,22.50495
CARE VILLAGE FOUNDATION (CVF),7698,9350004647 ,RUPA SINGH ,"New Highway Apartment Loknayakpuram, Mundaka, Delhi 110041",77.03195,28.69189
Catalysts for Social Action (CSA),333,8291890505 ,Kinjal Mehta ,"Bhaveshwar Arcade Annex, Nityanand Nagar, LBS Marg, Ghatkopar (West), Mumbai, Maharashtra 400086",72.9067,19.09252
"Center of Needy, Creative, Experiment &
Participatory Techniques Society",4149,"9425350272 , 9754570864 ",,"Ahilya Nagar Main, Annapurna Road, Indore, Madhya Pradesh 452009",75.83469,22.6802
Centre for Development,1060,"2290023 , 9431929367 ",,"Gayatri Sadan, Tapudana, Hatia, Ranchi, Jharkhand 834003",85.31565,23.29685
Centre for Development Service,7223,9937683561 ,,"Prachi Vihar, Palasuni, Bhubaneshwar, Khordha, Odisha 751025",85.86757,20.29848
"Centre for Documentation, Information, Research, Education, Communication & Training (Centre
Direct)",789,"2540599 , 2265938 ",,"Srikrishanapuri, Patna, Bihar 800001",85.11482,25.61546
Centre for Health and Social Justice,1058,"26536041 , 26511425 ",Mr. Satish Kumar Singh ,"G Block, Saket, New Delhi, Delhi 110017",77.21131,28.52197
Centre for Integrated Rural Development,12307,9791473649 ,,"Salai Street, Vedasandur, Dindigul, Tamil Nadu 624710",77.97789,10.58353
Centre for Promotion of Social Concerns,7314,2539520 ,Henri Tiphagne ,"Besant Road, Chokkikulam, Madurai, Tamil Nadu 625002",78.1316,9.94012
Centre for Rural Education and Development Action,6123,"220285 , 9415206651 ",Noorul Islam ,"Awas Vikas Colony, Khushbu Child Hospital, Mirzapur, Uttar Pradesh 231001",82.58082,25.14862
"CENTRE FOR SOCIAL AND BEHAVIOUR CHANGE
COMMUNICATION",11005,"26152403 , 9820441866 ",Priya Subnis Arte ,"Nehru Road, Santa Cruz East, Mumbai, Maharashtra 400055",72.84424,19.08062
"CENTRE FOR THE SUSTAINABLE USE OF NATURAL
AND SOCIAL RESOURCES(CSNR)",11696,9437385757 ,,"NANDAN ENCLAVE, NANDAN VIHAR, Bhubaneswar, Odisha 751024",85.83196,20.36305
Centre for Womens Development And Research,1227,24455868 ,V.Balakrishnan ,"Vasanth Apartments, Kuppam Beach Road, Thiruvanmiyur, Chennai, Tamil Nadu 600041",80.26438,12.9845
"Chaitanya Educational and Rural Development
Society",679,"252333 , 9666159615 ",Narra Srinivasa Rao ,"Pandaripuram, Chilakaluripet, Guntur, Andhra Pradesh 522616",80.18623,16.0805
Chaitanya Grameena Abhivrudhi Shikshana Samsthe,12734,9448981715 ,M Thippeswamy ,"Errithatha Colony, Durgamma Temple, Toranagallu, Bellary, Karnataka 583123",76.65825,15.21505
"CHAITANYA RURAL DEVELOPMENT SOCIETY,
SHIMOGA",12723,9986730159 ,Umashankara M ,"SONA Complex, Kuvempu Road, Shivamogga, Karnataka 577201",75.57478,13.94005
CHAK KUMAR ASSOCIATION FOR SOCIAL SERVICE,4342,"243600 , 9434958200 ",TRIDIB DAS BERA ,"CHAK KUMAR, DEBRA BAZAR, West Medinipur, Bengal 721126",87.56015,22.3952
CHANDRAMOHAN FOUNDATION,10187,"61246131 , 61246131 ",Mayuri Mehrotra ,"Peninsula Business Park, Lower Parel, Mumbai, Maharashtra 400013",72.82851,18.99817
Change Initiatives,12889,0983100730 ,,"Salt lake City, Kolkata, West Bengal 700106",88.41681,22.57625
"CHIKMAGALORE MULTI PURPOSE SOCIAL SERVICE
SOCIETY",10569,9448141075 ,,"Arsikere road, Hassan, Karnataka 573201",76.12354,13.00994
Child in need Institute,337,"24978192 , 24978241 ",Dr. Indrani Bhattacharyya ,"Daulatpur, Pailan, 24 Parganas (South), Kolkata, South Parganas, West Bengal 700104",88.30493,22.44496
Child Survival India,338,"27844740 , 43046996 ",Prabhat Kumar Singh ,"Kalka Ji, New Delhi 110019",77.25813,28.53839
Childline India Foundation,339,68251098 ,Vikas Puthran ,"Ratan Central, Dr.Babasaheb Ambedkar Road, Parel East, Mumbai, Maharashtra 400012",72.84067,19.00639
CHILDREN OF INDIA FOUNDATION,12813,9164050000 ,Mahima Sashank ,"Hutchins Road, St. Thomas Town, Bangalore, Karnataka 560084",77.62231,13.00569
Children Toy Foundation,102,"22842517 , 9167769557 ",Devendre Shivlal Desai ,"Gandhi Road, Fort, Mumbai, Maharashtra 400001",72.8299,18.94054
Children's Lovecastles Trust,4164,"65967021 , 9008174000 ",Omar Wani ,"Jakkur Circle, Bangalore, Karnataka 560064",77.60478,13.07558
"Citizen Development Centre (CD for Leprosy Persons,
Handicapped & Women Welfare)",2657,"9962298833 , 26571029 ",,"Old Post office Raod, Venkatapuram, Ambattur, Tiruvallur, Chennai, Tamil Nadu 600053",80.15427,13.12037
CITIZENS ASSOCIATION FOR CHILD RIGHTS,9161,"9987598509 , 9821112418 ",,"Prabhav Society, Santa Cruz (E), Mumbai, Maharashtra 400055",72.84148,19.07715
CLOTHES BOX FOUNDATION,10702,7838371356 ,,"Paras Trade Centre, Gwal Pahari, Gurgaon, Gurugram, Haryana 122003",77.13363,28.43594
CMCA,996,"9880885000 , 25538585 ",Nagaveni ,"3rd Cross, 8th 'A' Main, 4th Block, Bangalore, Karnataka 560034",77.62621,12.93513
Community Action for Rural Development,342,9442339669 ,P Vedachalam ,"Samathuvapuram, Pulivalam, Thirumayam, Pudukkottai, Tamil Nadu 622507",78.75097,10.24861
"Community Action for Rural Development Society
(CARDS)",3434,9894191571 ,,"Adhil Complex, Gandhi Bazaar, Gingee, Viluppuram, Tamil Nadu 604202",79.43119,12.25346
COMMUNITY ACTION SOCIETY,3551,"24416453 , 9831107383 ",ASHESH CHAKRABORTI ,"RAJDANGA MAIN ROAD, KOLKATA, West Bengal 700107",88.39666,22.51386
"Community Action,Development,Liberative and
Education Trust (CANDLE)",1340,9486814622 ,C M Narayanan ,"Santhanathapuram, Pudukkottai, Tamil Nadu 622001",78.82148,10.39032
"COMMUNITY AWARENESS & VILLAGE
IMPROVEMENT",8455,9704038050 ,,"Gandhewar Thota, Shanti Nagar, Adilabad, Telangana 504001",78.54027,19.66666
Community Development Centre,845,9425822228 ,Ameen Charles ,"Maharishi Vidya Mandir, Lodhi Hostel, Bhatera, Balaghat, Madhya Pradesh 481001",80.1771,21.81017
"Community Organisation for Social Transformation
Trust (COST Trust)",2725,"2470178 , 9245893158 ",Dr. Malarvizhi ,"Erandelliaparai, Rettiapatty, Dindigul, Tamil Nadu 624003",78.01372,10.31891
CONSUMER GUIDANCE SOCIETY,6446,"22621612 , 22659715 ",Dr. Sitaram Dixit ,"Azad Maidan, Mahapalika Marg, Mumbai, Maharashtra 400001",72.83027,18.94287
Counsel To Secure Justice,11857,46573846 ,Urvashi Tilak ,"Usha Niketan, Safdarjung Development Area, New Delhi, South Delhi 110030",77.16102,28.49324
Creation Welfare Society,7385,8743022106 ,,"Dihuli Buzurg, Rajapur, Muzaffarpur, Bihar 843104",85.6093,25.94813
CREATOR,12924,9661448036 ,,"Aamgola, Prao Pokhar, Super Janta Tent House, Muzaffarpur, Bihar 842002",85.40997,26.12284
"CREDIT-I (Center for Rural, Education, Development and Innovative Technologies of India)",6646,"2957614 , 9448988746 ",Dr M P Varsha ,"3rd Cross, 4th Main, Gowrishankara Nagara, Ganapathi Sacchidananda Ashrama, Mysore, Karnataka 570025",76.66453,12.26215
"CRICKET ASSOCIATION FOR THE BLIND OF
MAHARASHTRA",12041,9324288877 ,,"Apna Bazar, P. M. Road, Fort, Mumbai, Maharashtra 400018",72.84811,19.09651
Cuddles Foundation,4929,"9930062840 , 9702633000 ",Wilma Correa ,"Konarkshram, Tardeo Road, Tardeo, Mumbai, Maharashtra 400034",72.815,18.97054
"CULP: Centre For Unfolding Learning Potentials
Society",3246,"2351212 , 9414068212 ",Sudhir Upadhyay ,"Vishwamitra Marg, Hanuman Nagar Extension, Khatipura, Jaipur, Rajasthan 302012",75.73558,26.92595
"DAKSHAYANI AND AMARAVATI HEALTH AND
EDUCATION",11044,9818859650 ,D Sita Ratna Devi ,"Mahindra Aura, New Palam Vihar, Gurugram, Haryana 122017",77.02736,28.51188
DAMIEN FOUNDATION INDIA TRUST,9160,"28360496 , 28360496 ",Dr.M.Shivakumar ,"Venugopal Avenue, Spur Tank Road, Chetpet, Chennai, Tamil Nadu 600031",80.24375,13.06947
DEEPALAYA,346,"28520347 , 28520546 ",Jaswant Kaur ,"Institutional Area, Janak Puri, New Delhi 110058",77.08903,28.6219
"Delhi Branch of the National Association for the
Blind",12153,9971360222 ,,"SECTOR 5, R K PURAM, New Delhi 110022",77.17358,28.56093
Delhi Council For Child Welfare,1547,23968907 ,Radhika Ramnath ,"Qudsia Bagh, Yamuna Marg, Civil Lines, Delhi 110054",77.22828,28.67193
DESIRE Society,348,"64581108 , 64581108 ",Dr Neelima Mohanty ,"DESIRE Society, Hyderabad, Telangana 500072",78.40113,17.49197
DEVELOPMENT CONSORTIUM,10676,49053913 ,Arnab Bhattacharya ,"Nelson Mandela Marg, Vasant Kunj, Delhi 110070",77.15988,28.54571
DEZINELIFE SOCIAL WELFARE FOUNDATION,13176,9820383120 ,Nishith  Parikh ,"Shreyas Industrial E, Jai coach, Mumbai, Maharashtra 400063",72.85293,19.16134
DHAGAGIA SOCIAL WELFARE SOCIETY,5263,9732009757 ,HRIDAY GHOSH ,"Sundarikhali, Agarhati, North 24 Parganas, West Bengal 743329",88.79242,22.80862
Dhosa Chandaneswar Bratyajana Samity,962,"7797200310 , 9474807247 ",Sudipta Bhadra ,"Sector I, Salt Lake City, KOLKATA, West Bengal 700064",88.41096,22.59342
DHRUVH,5719,"9873343383 , 9968697193 ",Dr KR Dhar ,"SHREEDEEP APARTMENT, NAYA BASTI ROAD DEVLI, Delhi 110062",77.22897,28.50184
Dhwani Foundation,11076,9986028346 ,Greg Mathias ,"3rd Phase, J. P. Nagar, Bengaluru, Karnataka 560078",77.59726,12.90894
Digambarpur Angikar,978,"9830568630 , 24283363 ",Narayan Samanta ,"Digambarpur, Kashinagar, Sonarpur, South 24 Parganas, West Bengal 743349",88.43205,22.4382
"Disability Entrepreneurship And Leadership
Foundation",11442,9900190431 ,Rohan Roche ,"25th A Main jayanagar 9th block, Bengaluru, Karnataka 560069",77.59296,12.91796
DISCUSSION CLASS ASSOCIATION,12936,9535177000 ,Archana R Hemmady ,"VS Cozy Apartment, AR Layout, 28th A Main Road, JP Nagar 6th Phase, Bengaluru, Karnataka 560078",77.58445,12.90008
DISHA FOUNDATION,249,"2393319 , 2390624 ",,"Nirman Nagar, Jaipur, Rajasthan 302019",75.74923,26.88609
"Dishantar, Chiplun",6320,"9850562818 , 9822987410 ",Seema N. Yadav ,"Laukik Apartment, Markandi, Chiplun, Ratnagiri, Maharashtra 415605",73.52992,17.5045
Diya Foundation,353,"25430040 , 42108066 ",Maria S Santamaria ,"Chikkatayappa Reddy Layout, Chelkere, Kalyan Nagar, Bengaluru, Karnataka 560043",77.64321,13.025
"DIYA SOCIAL FOUNDATION (A Micro Finance
Organization)",11049,9933846576 ,,"Hospital Para, Kaliyaganj, North Dinajpur, West Bengal 733129",88.34329,25.61438
Don Bosco Tech Society,1665,"28011433 , 9711859872 ",Stanley Jones ,"Don Bosco Tech Society, Dashrathpuri, Dabri-Palam Road, Delhi 110045",77.08722,28.60742
DOPHA HAMKWRAI BODOL,5734,"8974674266 , 8787548997 ",,"Ramdewan Chowdhury Para, Rajnagar (Tulashikhar), Champahour, Khowai, Tripura 799207",91.58174,24.00108
"DR ANJALI MORRIS EDUCATION & HEALTH
FOUNDATION",10323,25538157 ,Tanima Sarkar ,"Gopur Apartment, Ghole Road, Shivaji Nagar, Pune, Maharashtra 411005",73.84228,18.5246
Dr Shroff s Charity Eye Hospital,354,"43528888 , 43528816 ",Kiran Mehta ,"Kedarnath Road, Daryaganj, New Delhi 110002",77.25417,28.63327
DREAM GIRL FOUNDATION,7605,9873133134 ,,"SURYA VIHAR, Gurugram Haryana 122001",77.00589,28.468
DREAMS ALIVE,12206,"9841437698 , 9884800862 ",Abinaya Gopalan ,"Mahalakshmi Apartments, Manikandan Nagar, Metro Star City, Kundrathur, Chennai, Tamil Nadu 600069",80.11249,12.98808
Dreamz Foundation Trust,10478,"8681939730 , 7708102194 ",I.David Paul ,"RPG Global City, Pillaipakkam, Kolathur, Sriperumbudur, Kancheepuram, Tamil Nadu 602105",79.95567,12.94594
EARTH Trust,12099,7871977534 ,,"Vellaimalaipatti, Usilampatti Taluk, Madurai, Tamil Nadu 625537",77.79284,10.01079
Education Support Organization,8797,"9426511272 , 9574360540 ",Zalak Desai ,"Atul Book Stall Diva Eye Hospital, Ellisbridge, Ahmedabad, Gujarat 380006",72.56681,23.02699
Educational and Development Initiatives,6048,"9867586304 , 41759434 ",,"YUSUF SARAI, NEW DELHI, 110016",77.20782,28.55961
Edufun Foundation Trust,9066,9725297187 ,,"Madhusudan Plaza, Navgrah society, Dhanera, Banaskantha, Gujarat 385310",72.01871,24.51238
EDUNET FOUNDATION,12268,4080107 ,,"Arcadia, South City 2, Gurugram Haryana 122018",77.05247,28.41967
EK TARA,12326,9836446830 ,Manjusmita Bagchi ,"Gentex Plaza, Topsia Road South, kolkata, West Bengal 700046",88.37689,22.5364
Ekam Foundation,1362,42072785 ,Charles ,"Jayalakshmipuram, Nungambakkam, Chennai, Tamil Nadu 600034",80.23969,13.06172
"EKVIRA MULTIPURPOSE FOUNDATION, AKOLA",8073,9420705782 ,,"Dhone Chitrkala Collage, Jyoti Nagar, Jatharpeth, Akola, Maharashtra 444005",77.01848,20.7172
ELSHADDAI,774,"9225901278 , 9370712173 ",Punitha Raj ,"Socol Vaddo, Assagao, Bardez, Goa 403507",73.77726,15.59385
END POVERTY,7243,"9810538308 , 9871919300 ",Ms.Swati Bisht ,"South City 1, Gurugram Haryana 122001",77.05234,28.4771
ENNOBLE SOCIAL INNOVATION FOUNDATION,12820,9768002221 ,Swapnil Abhale ,"Runwal Elina, Mehra Compound, Kurla W, Mumbai, Maharashtra 400072",72.88502,19.09423
Entrepreneurship Development Center,1339,"64011026 , 25865877 ",Manisha Premnath ,"NCL Innovation Park, Dr Homi Bhabha Road, Pune, Maharashtra 411008",73.80693,18.53848
Environment Conservation Society,5777,"7044101911 , 8420104759 ",,"D.L. Khan Road, Jaju Bhawan, Kolkata, West Bengal 700027",88.33954,22.53866
"ENVIRONMENT, HEALTH AND MALNUTRITION
RESEARCH FOUNDATION",5631,8849850885 ,,"Krishna, South Bopal, Ahmedabad, Gujarat 380058",72.47069,23.02013
ERAVI CHARITABLE TRUST,12825,9994600506 ,Karthikeyan Arjunan ,"Venkatachalapuram, Karuvampalayam, Tiruppur, Tamil Nadu 641604",77.33841,11.09621
eVidyaloka Trust,5441,40903939 ,,"4TH CROSS, 35TH MAIN, BTM LAYOUT, Bengaluru, Karnataka 560076",77.60137,12.91153
Evolve Sangh Foundation,13347,8881192867 ,Yogananda Kuruva ,"Bapu Kutir, Lakhanpur, Kanpur, Uttar Pradesh 208024",80.2771,26.49903
FACE (Foundation for Awareness Counselling and Edu,6892,9431165148 ,Ritu Pandey ,"SONNET, FACE, RAJAPARA, PAKUR, SANTOSH GOLD SHOP, Jharkhand 816107",87.83806,24.61772
Family Development Services,11618,"41321117 , 9591099110 ",Tom Joseph ,"1st Cross Road, MEG officers Colony, Jeevanahalli Main Maruthi Seva Nagar, Bengaluru, Karnataka 560033",77.63817,12.99422
FAMILY WELFARE AGENCY,2315,"23082085 , 9076264511 ",,"N.M.Joshi Marg, Lower Parel, Parel(E), Mumbai, Maharashtra 400013",72.83103,19.00391
"Financial Inclusion Improves Sanitation and Health
Society",5948,8009905588 ,Santwana Sneha ,"Bajpai Girls Hostel, New Wisdom Progressive inter college, Nandi Vihar Colony, Chinhat, Lucknow, Uttar Pradesh 226028",81.05645,26.88453
Foster Care Society,10207,9414029147 ,,"Kesar Prakash, Janta Marg, Surajpole, Gulab bagh road, Udaipur, Rajasthan 313001",73.69379,24.57826
"Foundation for Initiatives in Development and
Education for All (IDEA)",374,"25440615 , 9890119732 ",Mrinal Badawe ,"Chaitanya Society, Brahmachaitanya Society lane, Near Ambedkar Chowk, Warje, Pune, Maharashtra 411058",73.80983,18.48272
FOUNDATION FOR PARTICIPATORY DEVELOPMENT COMMUNICATION AND RESEARCH,12447,9404011148 ,NIKHIL AMBEKAR ,"Somwari Ward, Pauni, Bhandara, Maharashtra 441910",79.6435,20.75293
Foundation of Arts for Social Change in India,10845,9910806108 ,Seep Agarwal ,"Ground Yamuna Apartments, Alaknanda, New Delhi 110017",77.25158,28.52738
Fourth Wave Foundation,11437,2342975 ,Rohit Chelat ,"Panthaplackal Ho, Mamangalam, Palarivattom, Ernakulam, Kerala 682025",76.30064,10.00736
Fragile X Society,10511,9820199092 ,Kinisha Sanhgvi ,"Krishna Bhawan, Walkeshwar road, Mumbai, Maharashtra 400006",72.79507,18.94483
FRANCISCAN SISTERS OF MARY HOSADURGA,12725,"9980821009 , 9482260587 ",Sunitha Smitha D'Souza ,"Nisarga, Hiriyur Road, Shanthi Nagara, Hosadurga, Chitradurga, Karnataka 577527",76.32978,13.83665
FREEDOM FIRM,5425,"2442093 , 2443053 ",Jacqueline Olivia ,"Glenrock, Ooty, The Nilgiris, Tamil Nadu 643001",76.70073,11.40928
Friends of Moral Re-Armament (India),12189,240241 ,,"Asia Plateau, Initiatives of Change Training Center, Panchgani, Satara, Maharashtra 412808",73.79774,17.92345
Front for Rapid Economic Advancement of India,1584,24328699 ,Sakina Bahora ,"Akshara Centre, Duru Building , Dadar West, Mumbai, Maharashtra 400028",72.83762,19.02069
FUTURE HOPE INDIA,12866,9830059249 ,Sanjay Ghosh ,"Rowland Road, Kolkata, West Bengal 700020",88.35659,22.5365
FXB India Suraksha,665,"4751900 , 4751901 ",,"Kalkaji, New Delhi, 110019",77.25813,28.53839
"Garden Reach Institute for The Rehabilitation and
Research",11133,9831517499 ,Fatema Khatoon ,"Ram Nagar Lane, Garden Reach, Dhankhetti Bazar, Garden Kolkata, West Bengal 700024",88.28448,22.54708
Gautam Buddha Jagruti Samiti,1970,"252152 , 9415163366 ",Hari Prasad Pathak ,"Uska Bazar, Siddharthnagar, Uttar Pradesh 272208",83.12318,27.19522
GeoHazards Society,5861,"46509848 , 9810600821 ",,"Vinobapuri, Lajpat Nagar-II, New Delhi 110024",77.24866,28.56678
GHASWALA VISION FOUNDATION,6456,9820863931 ,Percy Ghaswala ,"52 C Road, Churchgate, Mumbai, Maharashtra 400020",72.82626,18.94232
GiftAbled Foundation,10636,"9980350180 , 9980350180 ",,"3rd Cross road, 1st Block, Jayangar East, Bengaluru, Karnataka 560011",77.59339,12.92884
GIVFUNDS SOCIAL VENTURES,12288,9871772386 ,,"Hub & Oak, Devika Towers, Nehru Place, New Delhi 110019",77.25097,28.54657
"Global Foundation for Advancement of Environment
and Human Wellness",11617,9953048097 ,,"Okhla Phase II, New Delhi 110020",77.26911,28.53367
GODS TRUST,11482,9938506875 ,OMPRAKASH NAYAK ,"Bhagbat Sandhan, GGP Canal Road, Bomikhal, Bhubaneswar, Odisha 751010",85.86135,20.28587
"GOLDEN BUTTERFLIES- Children's Palliative Care
Foundation",10890,8754448845 ,Nandhini  Sundar ,"Golden Butterflies, Ashwin Flats, Chennai, Tamil Nadu 600010",80.23987,13.08362
GOODWILL FOUNDATION,6843,"2323991 , 9436140812 ",Christopher Lun ,"PC Lianchungnunga Building, Aizawl West College, Dawrpui Vengthar, Aizawl, Mizoram 796001",92.71122,23.7403
GOODWILL HANDS,3391,"27429167 , 27429167 ",,"Mukkanniamman Koil Street, Periyar Nagar, Tirusulam, Chennai, Tamil Nadu 600043",80.16118,12.97445
Goodwill Social Work Centre,10692,9443108595 ,,"South Street Extension, Singarayar Colony, Madurai, Tamil Nadu 625002",78.1252,9.94006
Gram Chetna Kendra,363,"282234 , 282234 ",Nathmal Gour ,"Kheda Milak Renwal, Jaipur, Rajasthan 303603",75.40727,27.14952
GRAM SATHI,7580,8809597125 ,,"T.K Ghosh Campus Kumudani Road, Barmasia, Deoghar, Jharkhand 814112",86.68168,24.49916
Gram Seva Trust,364,"246248 , 246362 ",,"Kharel, Gandevi, Khaparia, Navsari, Gujarat 396430",73.04868,20.86305
GRAM SEWA SANGH,12036,9637400727 ,VISHAL PHILIP PARANJAPE ,"NIRMALA APARTMENT, TILAK NAGAR, AMRAVATI ROAD, NAGPUR, Maharashtra 440010",79.05846,21.14717
GRAM URJA HUMAN DEVELOPMENT FOUNDATION,12529,9911887565 ,,"Ambajogai, Ambajogai Beed, Maharashtra 431517",76.37276,18.69613
"Gram Vikas Sewa Sansthan, Amethi, UP",9867,9936012878 ,Himanshu M. ,"Ram Lila ground, Jagdishpur, Amethi, Uttar Pradesh 227809",81.63856,26.47832
Grameen Va Samajik Vikas Sanstha,7317,"9214569944 , 2695871 ",,"Uttranchal Colony, Parbatpura, Ajmer, Rajasthan 305002",74.55512,26.40225
"Grameen Vikas Shodh Avam Takniki Kendra
Sansthan",8428,"9414439296 , 9602122224 ",Pankaj Chaudhary ,"Pachewar, Malpura, Tonk, Rajasthan 304509",75.30616,26.54247
Gramin Evam Nagar Vikas Parishad,365,"2270089 , 9430677449 ",Anju Sinha ,"Tulsi Vatika, Vivekanand Park, New Paliputra Colony, Patna, Bihar 800013",85.10724,25.62516
GRAMIN PUNARNIRMAN SANSTHAN,7452,9451113651 ,,"Bilari, Barhya, Azamgarh, Uttar Pradesh 223223",82.94012,26.32382
GRAMIN SAMAJ VIKAS KENDRA,2108,"4001935 , 4001935 ",,"GANGA NAGAR, Meerut, Uttar Pradesh 250001",77.75357,29.0081
Gramin Vikas Mandal,12534,9416129081 ,Sunil Kumar ,"Nihalgarh Charkhi Dadri, Haryana 127312",76.24963,28.60328
Gramya Vikas Parishad Mangalpur,3430,"9934692320 , 241109 ",Rupak kumar ,"Mangalpur nautan, West Champaran, Bihar 845459",84.3555,26.8337
Grand Alliance Trust,4365,"3268648 , 3268648 ",,"Kovalan Nagar Main Road, T.V.S.Nagar, Madurai, Tamil Nadu 625003",78.10144,9.89949
Grassroots Research And Advocacy Movement,6681,9686666306 ,,"KIADB Industrial Housing Area, Ring Road, Hebbal, Mysore, Karnataka 570016",76.61639,12.34996
GREEN INDIA TRUST,4239,"2334289 , 9393433833 ",,"Lotus Hospital, Raghava Cine Complex Road, Pogathota, Nellore, Sri Potti Sriramulu Andhra Pradesh 524001",79.98453,14.4487
Grey Sim Learnings Foundation,6027,"25181012 , 9869468942 ",,"Kailas Industrial Complex, Parksite, Vikhroli West, Mumbai, Maharashtra 400079",72.91772,19.11395
GRRAMIUM Trust,1244,"223128 , 223709 ",Dhanapalraja.N ,"Gokulam Building, Periyar Street, Cauvery Nagar, Kulithalai, Karur, Tamil Nadu 639104",78.39815,10.91115
HAQ: CENTRE FOR CHILD RIGHTS,5674,"26677412 , 26674688 ",Preeti Singh ,"Malviya Nagar, New Delhi 110017",77.2087,28.5343
Hariraj Charitable Trust,992,"223525 , 296196 ",Dhirajlal Vagadia ,"Omnagar, GIDC, Hanumanpara road, Amreli, Gujarat 365601",71.16976,21.57447
"HaritaDhara Research Development and Education
Foundation",6573,"9412989631 , 2710616 ",Anant Bhaskar Garg ,"10 Vishnu Road, Dehradun, Uttarakhand 248001",78.05964,30.33064
HEAD HELD HIGH FOUNDATION,11583,9743992762 ,,"Palm Meadows, Phase 1, Varthuru Road, Bengaluru, Karnataka 560066",77.66341,12.98971
Headstreams,1892,"41201071 , 9342858056 ",,"17A Main, 5E Cross, Bengaluru, Karnataka 560008",77.62771,12.974
Healing Hands Foundation,12232,24447777 ,Tejashree ,"Mangal Murti complex, Hirabaug Ganpati Chowk, Tilak road, Pune, Road, Maharashtra 411002",73.85654,18.5089
HEALIS SEKHSARIA INSTITUTE FOR PUBLIC HEALTH,5105,"27575487 , 27579032 ",,"TECHNOCITY TTC INDUSTRIES MAHAPE GHANSOLI, Navi Mumbai, Thane, Maharashtra 400701",73.00496,19.12361
Healthier Hearts Foundation,11491,9032368936 ,Kondapally Ranga Rao ,"Paramount Hills Colony, Tolichowki, Hyderabad, Telangana 500008",78.41202,17.40635
HELP FOUNDATION,12488,7989518611 ,,"Maddur Nagar, Kurnool, Andhra Pradesh 518002",78.04202,15.8117
HELPERS OF THE HANDICAPPED KOLHAPUR,2116,"2680026 , 3590244 ",MANOHAR VITHUJI DESHBHRATAR ,"Atmaram Apartments Tarabai Park, Kolhapur, Maharashtra 416003",74.24162,16.70935
Helping Hand Foundation,1669,"28451365 , 28451365 ",,"Ganesh Society, Uttan Navghar Church Road, Uttan, Bhayander West, Thane, Maharashtra 401106",72.81043,19.29296
HELPING HAND INDIA NGO,9870,9582291326 ,,North Delhi 110063,77.10598,28.66679
Hi5 Youth Foundation,10720,28575711 ,Mayur Pateria ,"Kanakia Boomerang, Chandivali Farm Road, Andheri (E), Mumbai, Maharashtra 400072",72.89075,19.11353
HOLY CROSS EDUCATIONAL AND CHARITABLE TRUST,3012,"22780261 , 9444028003 ",,"VIJAYANAGARAM, MEDAVAKKAM, Chennai, Tamil Nadu 600100",80.17871,12.91475
HOPE EK ASHA,11808,9810034342 ,Harish C. Chawla ,"Greater Kailash Enclave 2, DT Savitri Cinema, New Delhi 110048",77.23892,28.54533
HOPE Foundation,739,26686370 ,Ian Correa ,"Tejus Saraswati Ammal Road, Maruti Sewa Nagar, Maruthi, Bengaluru, Karnataka 560033",77.63368,13.00317
Human Capital for Third Sector,225,"66603558 , 66603559 ",Megha Verma ,"Aurus Chambers, Amrutwar Marg, Worli, Mumbai, Maharashtra 400013",72.82252,19.00443
Human Rights Organisation,9718,2409465 ,Ajit Kumar Singh ,"HUMAN RIGHTS ORGANISATION BOSE PARK, HOTEL BHAWNA, MAHATMA GANDHI ROAD, Bhagalpur, Bihar 812001",86.99571,25.25082
Humane Animal Society (HAS),9036,"9366127215 , 9791532266 ",Alphonse Xavier A. ,"Co-operative Colony, PERKS Arch Road, Uppilipalayam, Coimbatore, Tamil Nadu 641015",77.01538,11.00234
HUMARA BACHPAN TRUST,13018,7381096906 ,Arpita Pattnaik ,"Pokhariput, Hunuman Temple, Bhubaneswar, Khordha, Odisha 721020",85.80591,20.24138
Hyderabad Karnataka Disabled Welfare Society,10641,9535393900 ,Dattu Agarwal ,"Maktampura, Kalaburagi (Gulbarga), Karnataka 585101",76.84086,17.33772
I CREATE INDIA,3017,9632255990 ,Chitra Jagannath ,"8th Main, Vijaynagar, Bengaluru, Karnataka 560040",77.54213,12.97102
IHEALTH AND SAFETY FOUNDATION OF INDIA,10761,9717937294 ,,"Lower Ground Ardee City, Sector 52, Gurugram Haryana 122001",77.04051,28.47017
"INDIA COMMUNITY DEVELOPMENT SERVICE
SOCIETY",12597,7406444074 ,Dr. Ramachandrappa H T ,"3rd Cross, Dr Raj Kumar Road, Rajaji Nagar D Block Stage, Bengaluru, Karnataka 560010",77.55936,12.98845
India Foundation for Humanistic Development,7622,9845362533 ,Hemalatha.D. ,"Gopala Krishna Complex, Residency Road, Bengaluru, Karnataka 560025",77.60843,12.97269
INDIA HIV/ AIDS ALLIANCE,10776,45367700 ,P. Sarbeswar Patnaik ,"Community Centre, Zamrudpur, Kailash Colony Extension, New Delhi, 110048",77.24046,28.55684
INDIA TRIBAL CARE TRUST,9225,9088866944 ,Sukanta Bhattacharjee ,"Ananda Dhara Apartment, Station Road East, New Barrackpore, Kolkata, West Bengal 700131",88.4284,22.66354
INDIA WATER PARTNERSHIP,9454,2348022 ,Mangla Rai ,"WAPCOS Ltd, Sector 18, Institutional Area, Gurugram Haryana 122015",77.06599,28.48326
India Youth for Society,7685,"8985377300 , 9703489797 ",,"4th Lane, Dwaraka Nagar, Visakhapatnam, Andhra Pradesh 530016",83.30442,17.72808
"Indian Association for Promotion of Adoption and
Child Welfare",528,"9820081788 , 24374938 ",Dulcine Irani ,"Kanara House, Mogul Lane, Matunga (West), Mumbai, Maharashtra 400016",72.84665,19.03282
Indian Association for the Blind,4659,9600822995 ,,"Sundarajanpatty, Alagar Koil Main Road, Arumbanur Post, Madurai, Tamil Nadu 625104",78.20949,9.9689
Indian Centre for Integrated Development,894,"2630615 , 9049473743 ",Chhaya Gurav Raut ,"Yuvajyothi, St Martin Nagar, Jaripatka, Nagpur, Maharashtra 440014",79.09347,21.1834
INDIAN GRAMEEN SERVICES,12324,"23596264 , 8506054815 ",Sanjib Kumar Sarangi ,"Second, Salt Lake Sector 1, Kolkata, North 24 Parganas, West Bengal 700064",88.40467,22.59262
INDIAN SOCIAL WELFARE SOCIETY GONDIA,6341,9423383910 ,ASHOK BELEKAR ,"ISWS OFFICE, SIGNAL TOLI, AMBEDKAR WARD, GONDIA, Maharashtra 441601",80.25758,21.51968
INDIAN WOMEN AND CHILD WELFARE TRUST,5910,"25353022 , 9810003222 ",David Dass ,"DDA Janta Flats, Hastsal Uttam Nagar, New Delhi, 110059",77.0565,28.63345
Indian Women And Children Foundation,8227,"9975591865 , 9987969540 ",Prasad Kabadi ,"Shopping Complex Mansarovar, Vidyashram, Bhiwandi, Thane, Maharashtra 421305",73.15988,19.28785
"INDIGENOUS AND FRONTIER TECHNOLOGY
RESEARCH CENTRE (IFTR)",10433,9840656575 ,,"Shah Flats, Thillai Ganga Nagar, Nanganallur, chennai, Tamil Nadu 600062",80.19055,12.98993
Indore Cancer Foundation Charitable Trust,4712,2563878 ,Dharmesh Yogi ,"Manishpuri, Indore, Madhya Pradesh 452018",75.90083,22.72594
Institute for Integrated Rural Development,4638,"2640761 , 2843528 ",,"IIRD Complex, Shanan, Sanjauli Shimla, Himachal Pradesh 171006",77.1971,31.10159
Institute for Self Management,12911,2300519 ,,"Bharathidhasan Salai, Travellers Bunglow Road, Madurai, Tamil Nadu 625016",78.10662,9.92059
"INSTITUTE OF LIVELIHOOD RESEARCH AND
TRAINING",9389,"66585800 , 9406661012 ",Anitha ,"Surabhi Arcade, Bank Street, Koti, Hyderabad, Telangana 500001",78.47975,17.38572
Institute of Social Development,7361,9927066957 ,,"Haldwani Byepass Road, Kishanpur, Kichha, Udham Singh Nagar, Uttarakhand 263148",79.5283,28.93299
Integrated Action Trust (INTACT),5829,"9843133421 , 2458776 ",Nelson Vinodh ,"Intact Campus, K. Sathanur, Tiruchirapalli, Tamil Nadu 620021",78.67916,10.75287
"INTEGRATED PROJECT FOR DEVELOPMENT OF
PEOPLE (IPDP)",12710,9341495716 ,,"1st cross IPDP, Kaveri nagar, vidhana soudha layout, Bengaluru, Karnataka 560058",77.53534,13.00762
Integrated Rural Community Development Society,599,"240605 , 9842071873 ",,"Madurai Road, R C Church, Sivagangai, Tamil Nadu 630561",78.47921,9.84711
Integrated Tribal Shining Society (ITSS),6253,"8133038996 , 8638217356 ",Mr. Nitin Ronghang ,"SHG HUT, Gohpur, Biswanath, Assam 784168",93.61951,26.91347
International Rural Education & Cultural Association,6961,"234334 , 234333 ",Gopal Singh D Kshatria ,"INRECA Complex, Rajpipla Road, Dediapada, Narmada, Gujarat 393040",73.69234,21.69123
Internet Freedom Foundation,11424,9667718415 ,,"C R Park, Delhi, 110019",77.2558,28.52133
Ipas Development Foundation,12456,41662006 ,Anisha Aggarwal ,"Vasant Marg Vihar, New Delhi, 110057",77.16125,28.56413
I-Saksham Education and Learning Foundation,10174,"8467960342 , 9199018050 ",Aditya Tyagi ,"LAJPAT NAGAR, New Delhi 110024",77.24193,28.56823
ISCI FOUNDATION,12798,9462543217 ,,"Elexir M.K. City, New Sirol Road, City Center, Gwalior, Madhya Pradesh 474001",78.19918,26.19417
ISHANYA INDIA FOUNDATION,12590,"7349676668 , 9916977585 ",,"18th Main Road, 2nd Stage, BTM Layout, Bengaluru, Karnataka 560076",77.6106,12.90977
JAAGO BHARAT,12532,9582071411 ,Akash Arya ,"Gail apartment, sector 62, Noida, Gautam Buddha Nagar, Uttar Pradesh 201301",77.37078,28.62138
JABALA ACTION RESEARCH ORGANISATION,5224,"24602229 , 9830014643 ",BIPLOB MONDAL ,"RASHBEHARI AVENUE, KOLKATA, West Bengal 700019",88.36911,22.52124
Jago Foundation,12678,9430315117 ,Birendra Verma ,"Krishna Nagar, Carmel School Giridih, Jharkhand 815301",86.29606,24.19354
JAHNVIS MULTI FOUNDATION,8226,"9221437415 , 9892531965 ",KUMAR B DUPATE ,"Sanskriti Vihar Nemade Lane, Telcoswadi Old Dombivli, Thane, Maharashtra 421202",73.08393,19.22817
JAN LOK KALYAN PARISHAD,7656,"220568 , 220568 ",,"Near quarry association Sindhi Para, Pakur, Jharkhand 816107",87.85826,24.6402
Jan Shiksha Evam Vikas Sangathan,11831,9414105129 ,,"Mada, Dungarpur, Rajasthan 314001",73.68383,23.78419
"Jan Shiksha, Sanskritik Prashikshan Avam Gramin
Karm Society (Spectra)",1844,"9414857385 , 7232000222 ",Monisha Ghosh ,"Patel Nagar Mannaka Road, Alwar, Rajasthan 301001",76.63762,27.56742
Janakalyan,908,"264140 , 264488 ",Prasen Raptan ,"Shantinagar, R H Colony No.4, Sindhanur, Raichur, Karnataka 584143",76.9046,15.85228
Janpath,204,"26821553 , 26820719 ",Pankti Jog ,"Sahjanand Tower, Jivaraj Park CharRasta, Ahmedabad, Gujarat 380051",72.53261,23.00643
JANSEWA TRUST,10354,"9415681376 , 9628553218 ",Sunita ji ,"Kharidar Ka Pokhara (Kothari Mind) Rasra, Anup Nagar, Ballia, Uttar Pradesh 221712",83.82729,25.86652
Jayaprakash Narayan Memorial Trust,506,9810097572 ,Ruchi Shah ,"ATS Greens , Sector 93 A, Noida, Gautam Buddha Nagar, Uttar Pradesh 201304",77.38181,28.51688
Jayavantrao Ghyar Patil Sevabhavi Sanstha,7014,"9422878944 , 9422878944 ",Chandrakant Ghyar ,"Adarash Colony, Hingoli, Maharashtra 431513",77.2149,19.83477
Jeevajyothi,222,"9444287738 , 25580923 ",ANDREW SESURAJ ,"2nd Cross Street K.K.R Nagar, Madhavaram, chennai, Tamil Nadu 600060",80.23732,13.13464
JEEVAN DHARA,9418,9833417274 ,,"Rear Helal, Dr. Mascarenhas Road, Mazgoan, Mumbai, Maharashtra 400010",72.84032,18.97278
JEEVAN JYOTI SAMAJ SEWA SANSTHAN,2407,2447878 ,MANJU VERMA ,"Ruchi Khand I, Sharda Nagar, Lucknow, Uttar Pradesh 226002",80.93264,26.78937
JEEVAN REKHA PARISHAD,10607,7854872808 ,,"JRP, Damana Square, Bhubaneswar, Khordha, Odisha 751016",85.82157,20.33251
Jeevan Stem Cell Foundation,384,43504246 ,Ramesh TS ,"Wheatcrofts Road, Nungambakkam, Chennai, Tamil Nadu 600034",80.24291,13.06472
JEEVAN VIKAS SANSTHA PAITHAN,7976,"9404584032 , 31223519 ",chandrakant kulbhaiyya ,"Chandamama Marg Laxmi Nagar, Paithan, Aurangabad, Maharashtra 431107 ",75.54409,19.50407
Jeevantirth,9186,9898110897 ,,"Jeevantirth, Juna Koba, Gandhinagar, Gujarat 382007 ",72.63864,23.14422
JESUDAS WILSON CHARITABLE TRUST,11487,8880571444 ,,"Chetan MBA College, Brahmagiri Colony, Unkal, Hubballi, Dharwad, Karnataka 580031 ",75.11666,15.38784
Jivdaya Charitable Trust Ahmedabad,10703,8758207778 ,Mr. Ratiranjan Mahapatra ,"Kamdhenu Complex, Ambawadi, Ahmedabad, Gujarat 380015",72.54511,23.02682
Jiwhala Bahuuddeshiya Sanstha,12379,9423434143 ,,"Devi Ward Mulawa . Umarkhed, Yavatmal, Maharashtra 445211 ",77.56271,19.6807
JODO INDIA SOCIAL FOUNDATION,11197,9822057682 ,,"Chaitraban Residency CHSL, Aundh, Pune, Maharashtra 411007",73.80649,18.55356
Joint Action Networking (Jan),7305,9955221862 ,,"Momindpur, Gandhi Nagar, Hilsa, Nalanda, Bihar 801302",85.29989,25.32917
Jove Conscious Foundation,11466,"9811845000 , 28344001 ",Manisha Sharma ,"Mundka Industrial Area, Rohtak Road, Delhi, North West Delhi 110041",77.01716,28.68319
Jyoti Bahu Udesiya Sevabhavi Sanstha,1269,"221280 , 221280 ",Usha Bankar ,"Shivaji Nagar Pachod, Paithan, Aurangabad, Maharashtra 431121",75.54846,19.6715
K. C. Mahindra Education Trust,247,"22021031 , 22852441 ",Gauri Rajadhyaksha ,"Cecil Court, Regal Cinema, Mahakavi Bhushan Marg, Colaba, Mumbai, Maharashtra 400001",72.83213,18.92422
Kaladanga Al-Qirat Charitable Society,9355,9733778975 ,ABUL KASHEM SK ,"Majhdia, Sekhpara, Judge Court, Berhampore, Murshidabad, West Bengal 742101",88.25036,24.08554
KALAMANDIR - The Celluloid Chapter Art Foundation,5526,"2320109 , 2320109 ",,"Bistupur, Jamshedpur, East Singhbhum, Jharkhand 831001",86.18604,22.78065
KALYANAM KAROTI MATHURA,4881,"9897203030 , 9412280508 ",Gaurav Agrawal ,"KALYAN DHAM, SARASWATI KUND, DELHI MASANI ROAD, MATHURA, Uttar Pradesh 281003 ",77.67901,27.5095
Kalyani Life Institute,8068,"9830017416 , 25828824 ",Dr Arun Kumar Pal ,"Kalyani, Nadia, West Bengal 741235",88.44449,22.97377
Kankura Masat Social Welfare Society,9664,9830963053 ,Sajal Kanti Kayal ,"Kankura Masat, South 24 parganas, Masat, West Bengal 743375 ",88.24719,22.25889
KARMA FOUNDATION,10521,8390944337 ,,"Jacinta Villa, bandhangad Society, Aundh, Pune, Maharashtra 411007",73.81019,18.55882
Karna-Subarna Welfare Society,1470,"9434856496 , 1953011466 ",Abdul Aziz ,"Jadupur, Satui, PS Berhampore, Murshidabad, West Bengal 742405",88.17685,23.9992
KARUNYAVARSHAM CHARITABLE TRUST,10477,"9446315690 , 9447195690 ",THRESIAMMA JOHN ,"Mavelinagar, Puthanpura Cross Road, Changampuzhanagar , Kochi, Ernakulam, Kerala 682033",76.32006,10.04153
Katakhali Swapnopuron Welfare Society,10461,"8420579906 , 9830781958 ",Satabdi Das ,"Baghajatin, Vivekananda Sangha Club, Iris Hospital, Kolkata, West Bengal 700086",88.38176,22.48052
KAUSHALYA Foundation,6514,"9334407981 , 9304446443 ",Rekha Kumari ,"Awaas Apartment, East Boring Canal Road, Patna, Bihar 800001",85.12388,25.62203
KEYSTONE HUMAN SERVICES INDIA ASSOCIATION,10542,49053452 ,Dr Imran Ali ,"Safdarjung Enclave, New Delhi 110025",77.19468,28.56484
"KHUSHII-KINSHIP FOR HUMANITARIAN SOCIAL AND
HOLISTIC INTERVENTION",9568,"8882149737 , 9899078012 ",Kuntala Sengupta ,"Okhla Industrial Area Phase, Crowne Plaza, New Delhi, 110020",77.26941,28.55106
"KIDDERPORE CHILDS WORLD ENGLISH MEDIUM
SCHOOL",2157,"24495913 , 9836530286 ",,"Bhukailash Road, Kidderpore, Kolkata 700023",88.31838,22.53006
Kindness Unlimited,12619,9820710081 ,Sunita Machado ,"Sant Muktabai Road, Navpada, Vile Parle East, Mumbai, Maharashtra 400057",72.84662,19.09412
Koshish Foundation,8097,"9825325731 , 9825465731 ",,"Arshad Park, Amber Tower, Sarkhej Road, Ahmedabad, Gujarat 380055",72.51309,22.98903
"Krushi Vikas Va Gramin Prashikshan Sanstha, Talni",1667,"8551919293 , 224710 ",Amitkumar Naphade ,"Santaji Nagar, Bodvad Road, Malkapur, Buldhana, Maharashtra 443101 ",76.20031,20.86749
Kshamtalaya Foundation,11629,"7080921768 , 9549648360 ",Abhilasha Sachan ,"Goverdhan Vilas Police Station, Udaipur, Rajasthan 313001",73.68106,24.53206
L. Dey Road Sarada Society Purulia,12780,7001343866 ,,"Po-Dulmi-Nadiha, Purulia, West Bengal 723102",86.35618,23.31711
LABHYA FOUNDATION,10704,"9654444217 , 9911508095 ",,"Todarmal Road, Bengali Market, Mandi House, New Delhi, 110001",77.23089,28.62841
Lakshyam,4540,9540790002 ,Aishwarya Jain ,"Hauz khas, New Delhi 110016",77.20146,28.55095
LASA CHARITABLE FOUNDATION,7016,9822729186 ,,"Ramnath City, Koradi Road, Nagpur, Maharashtra 441111 ",79.08341,21.22917
Leadership For Skilled Education Foundation,11537,8766701627 ,Sonali Pawar ,"Alankaar Building, Narveer Tanaji Wadi, Shivaji Nagar, Pune, Maharashtra 411005",73.84886,18.53483
Lend-A-Hand India,1285,"25630092 , 9552579543 ",Raj Gilda ,"Jeevan Vihar Housing Society, Pride Panorama, Senapati Bapat Road, Pune, Maharashtra 411016",73.83222,18.53106
Lepra Society,283,"9000111270 , 27801391 ",,"Krishnapuri Colony, West Marredpally, Hyderabad, Telangana 500026",78.50638,17.45398
LEXQUEST FOUNDATION,12331,"8448922751 , 9650563263 ",Tanya Chandra ,"Asaf Ali Road, New Delhi 110002",77.2269,28.64412
LHA CHARITABLE TRUST,4390,,Lobsang Rabsel ,"Temple Road, McLoed Ganj, Dharamshala, Kangra, Himachal Pradesh 176219 ",76.32516,32.23237
LIGHT IN FRUITFUL EFFECT (LIFE) CHARITABLE TRUST,10492,9848339940 ,Dr.K.Prasanth Kumar ,"Vindhya Lakeview Apartment, Pragathinagar, Kukatpally, Hyderabad, Telangana 500090",78.3929,17.51356
LIPOK SOCIAL FOUNDATION,12175,9823067272 ,,"Hindustan Awas, WALMI-Waluj Road, Nakshatrawadi, Aurangabad, Maharashtra 431002",75.27442,19.82177
LOK KALA BIKAS KENDRA,3382,9438364576 ,Sitakanta Sahu ,"SARASARA, Boudh, Odisha 762026",84.30551,20.80169
Lok Kalayan Seva Kendra,6006,"9431368468 , 9006673781 ",Priya Bharti ,"Devinagar, Maheshpur, Pakur, Jharkhand 816106",87.64566,24.42902
Lok Prabhat,836,"214212 , 9431616689 ",,"Postmortem Road, Nawada, Bihar 805110",85.53773,24.86271
Lok Vikas Samiti,7464,9935922333 ,,"Bahraich Bypass Ikauna, Shravasti, Uttar Pradesh 271845",81.96117,27.55118
LOKAMATA RANI RASHMONI MISSION,2164,"226028 , 9433219813 ",,"Nimpith Ashram, South 24 Parganas, West Bengal 743338",88.4317,22.16197
Madad Welfare society,1586,"9210165165 , 9210265265 ",Patrick Bazira ,"Mahavir Enclave, New Delhi 110045",77.07952,28.59829
Madat Charitable Trust,9179,9987779639 ,Ish Chowdhary ,"Mangal Anand Hospital, Swastik park, Sion trombay road, chembur, Mumbai, Maharashtra 400071",72.8971,19.0554
Madhi Foundation,10376,9176518317 ,Srivathsan Ramaswamy ,"A.R.K. Colony, Eldams Road, Alwarpet, Chennai, Tamil Nadu 600018",80.25615,13.03821
Madurai Health and Leprosy Relief Centre,1411,"2360159 , 8754210273 ",M. Raja ,"Sister Rose 2nd Street, Melaponnagaram, Madurai, Tamil Nadu 625016",78.10721,9.93264
Mahadebnagar Rural Welfare Society,5669,9732807273 ,,"Farakka, Mahadebnagar, Murshidabad, West Bengal 742202",87.93927,24.68378
MAHER,2172,"27033421 , 9011086134 ",Mr. Mathew Joseph ,"MAHER, Vadhu Budruk, Koregaon Bhima, Shirur, Pune, Maharashtra 412216",74.06332,18.64595
Mahila Jagat Lihaaz Samiti,12231,9425943023 ,,"Krishnodayanagar, Khandwa Naka, Indore, Madhya Pradesh 452001",75.87711,22.67885
"Majhipara Ambedkar Centre For Human Research
And Development",3353,"24532315 , 9433211479 ",,"Majhipara Road, Kolkata, South 24 Parganas, West Bengal 700063",88.3128,22.46544
Make-A-Wish Foundation of India,399,"24919139 , 24919140 ",Ms. Bhakti Lad ,"High Street Phoenix Mall, Senapati Bapat Marg, Lower Parel, Mumbai, Maharashtra 400013",72.82561,18.99475
Making The Difference Charitable Trust,12352,"9769559889 , 9930559889 ",,"BANEGAR ENCLAVE, BEVERLY PARK, MIRA ROAD (EAST), THANE, Maharashtra 401107",72.86794,19.28795
Manas Foundation,12046,9637100234 ,Amita Jadhav ,"Shriya Apartment, Vadgaon Phata, Sinhgad Road, Pune, Maharashtra 411041",73.81676,18.4377
MANAV UTTHAN SAMITI,5438,9452134628 ,NANHOO CHAUHAN ,"Manav utthan samiti, Basti, Mau, Uttar Pradesh 275103",83.68919,25.95173
MANAVA ADHIKAR SEVA SAMITI,8525,"2532743 , 9437050974 ",,"Girijasankar Mishra, Jaganath Mandir Colony, Budharaja, Sambalpur, Odisha 768004",83.98147,21.48926
Manbhum Ananda Ashram Nityananda Trust,4533,"9433011418 , 24848977 ",Papiya Sen ,"Swapnaneer, P. Majumder Road, North Purbachal, Kolkata, West Bengal 700078",88.3984,22.50881
Manik Jore Seva Sangha,8945,"9733038034 , 9732844440 ",Amit Kumar Das ,"Manikjore, East Medinipur, West Bengal 721456",87.6948,21.95642
Manthan Sanstha,13280,"6350582892 , 9636610733 ",Ummed Singh ,"Manthan Sanstha Kotri, Teja mandir, Roopangarh, Ajmer, Rajasthan 305814",74.83505,26.83715
Marathwada Gramin Vikas Sanstha,777,"2341411 , 2984416 ",Appasaheb Ugale ,"Karanjgaon Vaijapur, Karangjaon, Aurangabad, Maharashtra 423703",74.94368,19.92865
Matoshree Chariatable Trust Pangara Bokhare,13141,"9881843070 , 9881843070 ",,"Sourabh bar, Amdar nagar, Malegaon road, Taroda, Nanded, Maharashtra 431605",77.29464,19.19646
MATRI SUDHA- A CHARITABLE TRUST,8881,"9910144337 , 9990783443 ",Arvind Singh ,"Basti Vikas Kendra, Nardan Basti, Lal Kuan, Mehrauli Badarpur Road, New Delhi 110044",77.30649,28.50362
Mauli Multipurpose charitable society,6372,"229880 , 229880 ",Dr Ashok B Yadav ,"Mauli Hospital, Budhwar Peth, Prabhat Talkies, KARAD, Satara, Maharashtra 415110",74.19009,17.27958
Maxvision Social Welfare Society,9776,"9250920005 , 4057946 ",Brijesh Tripathi ,"Ashok Vihar, Phase-1, Railway Road, Gurugram Haryana 122001",77.01457,28.48016
"MAYA (Movement for Alternatives and Youth
Awareness)",121,"9448283801 , 26493700 ",Alex Rodrigues ,"9th cross, JP Nagar, Marenahallipalya, Bangalore, Karnataka 560078",77.58562,12.90186
MAYA CARE FOUNDATION,13251,7721053535 ,Kanu Mahajan ,"Shukravar Peth, Subhash Nagar, Pune, Maharashtra 411002",73.85712,18.50522
MAYURAKSHI JANAKALYAN SOCIETY,6547,9775807384 ,,"Nabagram, Abadanga, LABPUR, Birbhum, West Bengal 731303",87.84358,23.80642
MBA Foundation,403,"27795995 , 27795994 ",Jayshri Patil ,"Abhudaya Bank, Sector 17, Airoli, Navi Mumbai, Maharashtra 400708",72.99311,19.15327
Medha Learning Foundation,6378,"4044932 , 9506003333 ",Byomkesh Mishra ,"Dr. Baijnath Road, Lucknow, Uttar Pradesh 226007",80.95098,26.86625
"MIRACLEFEET FOUNDATION FOR ELIMINATING
CLUBFOOT",11663,40664600 ,Jahnvi Shah ,"Business Square, solitaire Corporate Park, Chakala, Andheri East, Mumbai, Maharashtra 400093",72.8607,19.11152
MISSION FOR VISION,7401,22824994 ,Preeti Dhingra ,"JAMNALAL BAJAJ MARG, NARIMAN POINT, MUMBAI, Maharashtra 400021",72.82211,18.9248
MITRA JYOTHI,405,25727623 ,Sathiya B ,"HSR Layout, Sector 1, 18th Cross, 31st Main, Bengaluuru Karnataka 560102 ",77.64574,12.9125
Mobility India,644,"26492222 , 26597337 ",Jaikodi ,"1st & 'A' Cross, 2nd Phase, J P Nagar, Bengaluru, Karnataka 560078",77.58896,12.916
Monk Prayogshala,8798,"28575919 , 9167226458 ",Anirudh Tagat ,"Oberoi Garden, Chandivali Studios, Powai, Mumbai, Maharashtra 400072",72.89703,19.11748
Mountain Children's Foundation,6747,9045032937 ,Smita Patel ,"Vyom Prasth, G.M.S Road, Dehradun, Uttarakhand 248001",78.00912,30.31832
MUKTI,2514,6290589664 ,Ankita Kothiyal ,"Purba Shridharpur, Nagendrapur, South 24 Paraganas, West Bengal 743383",88.4317,22.16197
Multiple Sclerosis Society of India,874,"9962100256 , 9884314021 ",,"Shafee Mohammed Road, Apollo Children's Hospital, Chennai, Tamil Nadu 600006",80.25255,13.05986
Mumbai Mobile Creches,186,"22020869 , 22020879 ",Aarti Paranjape ,"Abbas, Merewhether Road, Colaba, Mumbai, Maharashtra 400001",72.83031,18.92465
MUSKAAN FOUNDATION,9282,9312369843 ,AJAY KUMAR PRASAD ,"Maa Gayatri Complex, Mirchaibari, Katihar, Bihar 854105",87.51764,25.49189
"Muskan Foundation for People with Multiple
Disabilities",1189,"35598881 , 9930386115 ",Simran Galipothu ,"Prashanti, MHADA Building, Bandra East, Mumbai, Maharashtra 400051",72.85399,19.06189
NADA (INDIA) FOUNDATION,5850,9810594544 ,,"Sondhi Building, Mehrauli, Delhi, 110030",77.17956,28.51964
NAGARALU WELFARE ASSOCIATION,12572,9884453309 ,,"Venkata Ratnabindu, Chittinagar, Vijayawada, Krishna, Andhra Pradesh 520001",80.61433,16.53395
Nathani Charitable Trust,10418,61226122 ,Yasmeen Shaikh ,"Cecil Court, Mahakavi Bhushan Marg, Near Regal Cinema, Colaba, Mumbai, Maharashtra 400039",72.83213,18.92422
"NATIONAL CENTRE FOR PROMOTION OF
EMPLOYMENT FOR DISABLED PEOPLE",12687,26221275 ,Rosy Martin ,"Kailash, New Delhi 110065",77.25086,28.55784
National Social Society,1450,"9717544908 , 7428359950 ",Deepa Yadav ,"Kusumpur, vasant kunj, New Delhi 110057",77.1502,28.53151
Native Medicare Charitable Trust,413,"2401747 , 2402735 ",Duraisamy ,"Kalappanaickenpalayam, Somayampalayam Post, Coimbatore, Tamil Nadu 641108",76.90418,11.04713
NATURE FOUNDATION,12107,9003328989 ,,"First Nesavalar colony, Thathiengarpet, Musiri Taluk, Tiruchirappalli, Tamil Nadu 621214",78.41282,11.1262
Nav Bhartiya Nari Vikas Samiti,1870,"8220118 , 8220141 ",Khalikun Nisha ,"Baheri, Ballia, Uttar Pradesh 277001",84.15547,25.76316
Navjyoti India Foundation,1516,"9818814440 , 8800528880 ",M.C.Sharma ,"Majri karala, Main Kanjhawala Road, Rohini, Sector 22, New Delhi 110081",77.07309,28.71641
Nayan Foundation for Performing Arts,12257,9920917167 ,,"Bindra Complex, Mahakali Caves Road, Mumbai, Maharashtra 400093",72.86852,19.12844
NAYI DISHA RESOURCE CENTRE,11183,9666087231 ,,"ISB Campus, Gachibowli, Hyderabad, Telangana 500072",78.38625,17.43169
Nehru Vikas Manav Samiti,1417,"9414973011 , 7877224122 ",Suryakant Sharma ,"Chowk Mohalla, Kaman, Bharatpur, Rajasthan 321022",77.27154,27.64896
NELE Foundation,12773,9632933499 ,,"Lashmidevi Nagara Main Road, Veena Education Trust, Laggere, Bengaluuru Karnataka 560096",77.52645,13.01856
New Life,418,9952415496 ,F Beatrice Vanaja ,"Naadaar Street, Chathiram, Somarasampettai, Tiruchirappalli, Tamil Nadu 620102",78.6205,10.81453
New Mighty Grace Charitable Trust,1639,9902379599 ,Kishore ,"Munivenkatappa Layout, Horamavu Main Road, Kalkere, Bengaluru Karnataka 560043",77.67507,13.03599
NIDHI SMILE GLOBAL FOUNDATION,12571,9884453309 ,,"Ithanagar, Tenali, Guntur, Andhra Pradesh 522201",80.65673,16.21807
NIRMAAN ORGANIZATION,1664,9961871112 ,Swati Vempati ,"Jaihind Enclave, Madhapur, Hyderabad, Telangana 500081",78.38887,17.44618
Nirman Foundation,12886,9611075215 ,,"14th Cross, Aravindanagara, Mysuru, Karnataka 570023",76.62785,12.27604
NISHA SOCIAL WELFARE SOCIETY,9651,"9811264654 , 9540526344 ",,"Basti Vikas Kendra C, Colony Bawana Delhi 110039",77.04716,28.79611
NIVASA,11509,9880651015 ,,"Brigade Wisteria, Saalu Hunase, Anjaneya Temple, Udayapura, Kanakapura Road, Bengaluru, Karnataka 560082 ",77.5153,12.82591
NLR India Foundation,1075,"26498546 , 26497964 ",Dr. Pradeepta Nayak ,"Safdarjung Development Area, New Delhi 110016",77.19875,28.55123
NOEL FOUNDATION,12183,"29885614 , 9444245151 ",Sudheer Merugumalla ,"KG Signature City, 200 Feet Bypass Road, Maduravoyal, Chennai, Tamil Nadu 600095",80.15509,13.05414
Noida Deaf Society,2645,9811643244 ,VINOD KUMAR ,"Sector 29, Noida, Gautam Buddha Nagar, Uttar Pradesh 201303",77.33464,28.56854
Noor E Falah,6919,"9835258435 , 8863937902 ",,"Nadra Ganj Teli Tola, Ramsagar Road, Gaya, Bihar 823001 ",84.9814,24.77151
"NOPANIANS EDUCATIONAL AND SERVICES TRUST
(1987)",11058,"9830043256 , 9831008589 ",Rajesh Agarwala ,"Beadon Row, Kolkata, West Bengal 700006",88.36241,22.58503
North Bengal Art Academy,8399,"9126145259 , 9832093348 ",Somesh Ghosh ,"Niladri Sikhar Building, Hill Cart Road, Siliguri, Darjeeling, West Bengal 734001",88.42521,26.71239
"NORTH EAST CENTRE FOR EQUITY ACTION ON
INTEGRATED DEVELOPMENT NE AID",10594,7086013179 ,,"Madhabpur, Noonmati-Kharguli Road, Guwahati, Kamrup Metropolitan, Assam 781020",91.79907,26.19924
NTR MEMORIAL TRUST,9033,"30145800 , 9100433499 ",Gopi Krishna ,"NTR Trust Bhavan, Banjara Hills, Hyderabad, Telangana 500034",78.42564,17.42405
"NYDHEE (Network for Youth Development and
Healthy Environment)",5863,2593807 ,,"Laxmisagar Brit, Bhubaneswar, Khordha, Odisha 751006",85.8517,20.26545
ONKAR SEVA SANSTHAN,2430,"9931521501 , 7004148098 ",,"Hazra Villa, Mihijam, P.BANERJEE ROAD, Janmtara, Jharkhand 815354",86.86658,23.87299
Openheart Social Organisation And Charitable Trust,11463,9490845517 ,R. Bala Ambicanadh ,"Narayana Nilayam Apartment, 2nd Line Nehrunagar, Krishnalanka, Vijayawada, Krishna, Andhra Pradesh 520013",80.62839,16.50255
OPERATION EYESIGHT INDIA,11145,"9100637631 , 8008377224 ",Subhadip Bhattacharya ,"L V Prasad Kismatpur Campus, Hyderabad, Telangana 500086",78.37528,17.33767
Opportunity Foundation Trust,5000,9483501003 ,Sriram S N ,"Nitesh forest Hills, Seegahalli, Kadugodi Hosakote Road, Bengaluuru Karnataka 560067",77.76262,12.99307
ORAL HEALTH PROMOTION FOUNDATION,13389,9829796627 ,Jitendra Kumar Panwar ,"MD Road, Anandpuri, Jaipur, Rajasthan 302004",75.82094,26.90216
OSAAT Educational Charitable Trust,11406,9880836947 ,Satheesh Heddese ,"Lakeshore Homes Kasavanahalli, Sarjapura Road, Bengaluru, Karnataka 560035",77.67413,12.90398
OVEE TRUST,12840,9004135250 ,,"Yashoda parwati jangan CHS, Sector 5, NMMC school, Sanpada navi mumbai, Thane, Maharashtra 400705",73.00981,19.05955
P.M.SANTOSHA CHARITABLE TRUST,11579,9448375528 ,,"Surveyor Street, Basavanagudi, Bengaluuru Karnataka 560004",77.57584,12.94737
PADALA CHARITABLE TRUST,10751,"7331123044 , 7331126044 ",ASVC Deepthi ,"Rajiv Nagar 2, Ctc Church, Rayudupalem, Kakinada, East Godavari, Andhra Pradesh 533005",82.24938,17.00826
"PADASALAI (Centre for skills - Development and
Training)",12118,"9080388187 , 7708503737 ",Sailaja ,"Bajanaikoil Street, Potheri East, Katankulathur, Chengalpattu, Chennai, Kancheepuram, Tamil Nadu 603203",80.0526,12.81877
PAGARIA WELFARE FOUNDATION,12018,9870365312 ,,"MAYURESH SQUARE, SECTOR 15, BELAPUR, NAVI MUMBAI, Thane, Maharashtra 400614",73.03641,19.0326
PALLI VIKASH,2691,"9437474751 , 243777 ",NAMITA PANDA ,"STATION ROAD, THERUBALI, RAYAGADA, Odisha 765018",83.46612,19.40929
Panchavati Rural Development Society (Panchavati),168,"9296200845 , 9032000845 ",A Manorama ,"CREVIS RESIDENCY, Renuka Yellamma Temple, Kothapet, Hyderabad, Telangana 500060",78.60505,17.3639
PARA MEDICAL EDUCATIONAL TRUST,5467,9442311796 ,Dr.Joicy Paul ,"Rajastreet, Chengam, Tiruvannamalai, Tamil Nadu 606701",78.76985,12.31714
Paribartan,12652,"9437550800 , 9437091365 ",Sudhansu Mohan Dash ,"Penderabasa, Dimiria, Pallahara, Angul, Odisha 759119",85.24758,21.4741
"Paripurnata, Kolkata",421,"24328824 , 24329339 ",,"Panchasayar Road, Panchasayar, Kolkata, West Bengal 700094",88.39206,22.47971
Pattem Foundation,12378,9620333307 ,Vidyasagar ,"4th Indiqube Gamma Building, Outer Ring Rd, Kadubeesanahalli, Bengaluru , Karnataka 560103 ",77.69578,12.93774
PDS EDUCATIONAL & CHARITABLE TRUST,2489,"256146 , 256146 ",,"bharathidasan nagar, SRINIVASA THEATRE, Hosur, Krishnagiri, Tamil Nadu 635109",77.85683,12.75154
"PEACE FORUM (Poverty elimination and community
empowerment forum)",12173,7680921844 ,,"Rezimental Bazar, Blue Sea Hotel Secunderabad, Hyderabad, Telangana 500025",78.505,17.43686
PEARLTRI FOUNDATION,12280,67404000 ,S Sathappan ,"Second Trust Link Road, Mandaveli, Chennai, Tamil Nadu 600028",80.26748,13.02598
PEOPLE,11170,9035109361 ,Imthiyaza khan ,"4th cross Devaraj Urs layout, Layout Playground, Davangere, Karnataka 577002",75.92366,14.4585
PEOPLE FOR ANIMALS BANGALORE,8751,"28611986 , 28612767 ",Chitra ,"ABHIMAN STUDIO, UTTARAHALLI ROAD, KENGERI, BANGALORE, Karnataka 560060",77.48578,12.91219
"PEOPLE FOR THE ETHICAL TREATMENT OF ANIMALS
INDIA",1649,40727382 ,Ruchi Bhatnagar ,"PETA India, Mumbai, Maharashtra 400049 ",72.8294,19.11324
PEOPLE HELPING CHILDREN,11214,8686900800 ,Santhosh Bogam ,"Sarojini Chambers, Chikkadpally, RTC X Roads, Hyderabad, Chikkadpally, Telangana 500020",78.49426,17.40386
PEOPLE TO PEOPLE HEALTH FOUNDATION,10858,35121441 ,,"Jangpura Extension, New Delhi, South West Delhi 110014 ",77.24705,28.58224
PEOPLE'S ACTION FOR PEOPLE IN NEED,9533,"9816980644 , 9816925128 ",Sumitra Sharma ,"PAPN Andheri, Tehsil Sangrah, Sirmour, Sangrah, Sirmaur, Himachal Pradesh 173023 ",77.48126,30.70027
PERIAMMAL CHARITABLE TRUST,11384,8838828281 ,Srividhya ,"Jayalakshmipuram 1st street, Nungambakkam, Chennai, Tamil Nadu 600034",80.23996,13.06231
PINKISHE FOUNDATION,12640,9818004713 ,,"Madhu Vihar, I.P. Extension, Patparganj, East Delhi 110092 ",77.30017,28.63368
PLANETREAD,9895,"9345696141 , 4210421 ",Parthibhan Amudhan ,"St. Francois d'Assise Street, Marwadi street, Kuruchikuppam, Puducherry 605012",79.83657,11.9414
Plustrust,11556,9481781804 ,,"Langford Rd, Bangalore, Karnataka 560025",77.60468,12.95751
Poddar Foundation,12775,"8975336552 , 66164444 ",Neha Shah ,"Mathuradas mill Compound, lower parel, Mumbai, Maharashtra 400013",72.83097,19.00086
Prabha Hira Pratishthan,710,"9673069949 , 9860069949 ",Tejas Dimple Ghadge ,"Old Karad Naka, Pandharpur, Solapur, Maharashtra 413304",75.31346,17.67276
Prachi Youth Social Organisation,607,231493 ,Samarendra Dixit ,"Kakatpur, Puri, Odisha 752108",86.18431,20.01161
Prafulla Dahanukar Art Foundation,12109,"22811752 , 7021704031 ",,"Industrial Assurance Building, Veer Nariman Road, Churchgate, Mumbai, Maharashtra 400020",72.82745,18.93297
PRAGATEE FOUNDATION,8947,9619680613 ,RAKESH MADHUKAR WANI ,"SECTOR 23, SIDDHI TOWER, JUINAGAR NAVI MUMBAI, Thane, Maharashtra 400706",73.01617,19.05025
Pragati Path Foundation,8377,"9389220813 , 9369338976 ",Neelam Patel ,"Badagaon, Kuar Mod Anei Road, Varanasi, Uttar Pradesh 221204",82.81914,25.43006
PRAGYA,5444,"4947000 , 4947000 ",Mr. Samir Ghosh ,"Institutional Area, Sector 44, Gurugram Haryana 122003 ",77.04039,28.44556
Prajayatna,6449,26769676 ,Mary Punnoose ,"7th Block, Jayanagar, Bengaluuru Karnataka 560070 ",77.57691,12.92876
"Prakriti Foundation for Natural Resources
Regeneration",1070,"226884 , 9426339155 ",,"Rayan Falia Dahod Road, Muwada, Jhalod, Dahod, Gujarat 389170 ",74.19073,23.10404
PRASAD CHIKITSA,10440,261424 ,Govardhana Poojary ,"Ganeshpuri, Bhiwandi , Thane, Maharashtra 401206",73.06349,19.29711
PRASTUTEE,953,"296006 , 296006 ",Susanta Kumar Balabantaray ,"Pujariput, Girls High School, Koraput, Odisha 764020",82.70526,18.8052
PRATHAM AADHAR FOUNDATION LATUR,8766,"7028489442 , 7028190822 ",,"Opera Function Garden, D Block Amir Ali Road, Khori Galli, Latur, Maharashtra 413512",76.58004,18.39696
PRATHAM BOOKS,1654,"25420925, 42052574 , 9990444437 ",Himanshu Giri ,"5th Main, OMBR Layout, Banaswadi, Bengaluru , Karnataka 560043",77.65349,13.00472
PRATIGYA,9390,9608335915 ,,"HEC, Dhurwa, Ranchi, Jharkhand 834004",85.30551,23.3226
Pravara Educational Trust,1823,"502596 , 9848546504 ",,"Pravara Edu Trust, Jubilee Hills, Hyderabad, Telangana 500033",78.4222,17.42659
PRAVEENLATA SANSTHAN,4948,"9829281408 , 9982076666 ",Bharti Singh Chauhan ,"Peepli House, Sitarampuri, AMer Road, Govind Nagar East, Brahmpuri Thane, Jaipur, Rajasthan 302002",75.8457,26.95238
Prayas,173,"9420722107 , 2573255 ",,"PRAYAS Sevankur Bhavan, Vimalnagar, Farshi Stop, Amravati, Maharashtra 444605 ",77.77329,20.89421
PRAYAS KENDRA SANSTHA HARSOLI,7041,9829246164 ,,"Harsoli, Jaipur, Rajasthan 303008",75.4546,27.1555
Prayatna,11949,"9810634666 , 9899901276 ",,"Sector-10 , Noida, Gautam Buddha Nagar, Uttar Pradesh 201301",77.33193,28.58974
PRIME EDUCATIONAL AND SOCIAL TRUST,1914,"+91 413 2214652 , 9443287622 ",Jeanne Francoise ,"10, 9th Cross (East), Rainbow Nagar, Puducherry, Puducherry 605011 ",79.82244,11.9437
Professional Assistance for Development Action,2743,"40407700 , 40407701 ",Surya Ghildiyal ,"Kailash Colony, New Delhi 110048 ",77.2416,28.55498
Progressive Rural Active Youth's Action for Society,2727,"9836509314 , 26670044 ",L. K. Das ,"ICHAPUR Sealdanga, Santragachi, Howrah, West Bengal 711104",88.30895,22.59516
PROTSAHAN,6071,"26498556 , 26498556 ",Jasmine Jose ,"Shahpur Jat,  New Delhi 110049 ",77.21395,28.54859
proVISION INDIA,11939,"23339339 , 9845583242 ",,"Krishna Diamond Apartment, Sahakarnagar, Bengaluuru Karnataka 560092 ",77.58725,13.06468
Psycho Educational Society,430,"27479009 , 27472415 ",,"Shalimar Bagh, Delhi, New Delhi 110088 ",77.15777,28.71338
Public Affairs Centre,3519,"27839918 , 27839919 ",S S Iyer ,"KIADB Industrial Area, Jigani-Bommasandra Link Road, Jigani, Anekal, Bengaluru, Karnataka 560105",77.6438,12.77911
PURAIYUR WELFARE TRUST,11966,9535533716 ,Asiq Hussain ,"Small Street, Near Masjid, Puraiyur, Thoothukudi, Tamil Nadu 628207",79.38203,12.11852
Pushp-kiran Union for Real Enlightenment (PURE),6888,"9212102580 , 8376884522 ",Prashant Pal ,"Jhenda Colony, Chhattarpur Road, South Delhi 110074 ",77.18472,28.44872
Quality Medical Knowledge Foundation,3336,"40054474 , 40054475 ",Dipti Suvarna ,"Shubham Centre, Cardinal Gracious Road, Chakala, Andheri ( East), Mumbai, Maharashtra 400099 ",72.85925,19.11414
R. K. Foundation,831,"9845453403 , 22210088 ",Sumathi Rangachar ,"N. R. Road, Bengaluru ,Karnataka 560002 ",77.57762,12.96403
RAAH Foundation,4415,"9869440237 , 24448082 ",Sarika Kulkarni ,"Moti Sagar, Keluskar Road South, Shivaji Park, Mumbai, Maharashtra 400028",72.83555,19.02661
RAILWAY CHILDREN INDIA,10600,"9818269004 , 9818710704 ",,"Arjun Nagar, Harsukh Marg, New Delhi 110029 ",77.2003,28.55867
RAJASTHAN NAT SAMAJ SUDHAR SAMITI,2201,9829091976 ,,"civil line kota, Dudu, Jaipur, Rajasthan 324007",75.84479,25.17286
Rajasthan Samgrah Kalyan Sansthan,1951,"2310134 , 2693094 ",,"Somalpur Road, Chandra Vardai Nagar, Ajmer, Rajasthan 305001",74.61894,26.41878
Rakshak Foundation,12807,9646066696 ,,"Chanderlok Colony, Julani Railway Fatak, Patel Nagar, Jind, Haryana 126102",76.29665,29.3244
Ramakrishna Sarada Samiti,11450,"9967651962 , 24041180 ",Raghu Pilaka ,"Ekvira Darshan ,Pratiksha Nagar, Sion East, Mumbai, Maharashtra 400037",72.87495,19.03531
"Raphael Ryder Cheshire International Centre for the
Relief of Suffering",2561,"2674901 , 2674901 ",Mrs Priyo Lall ,"Mohini Road End, Trans Rispana Nadi, Dehradun, Uttarakhand 248001",78.05683,30.30908
Rashtriya Jan Hit Sewa Sansthan,9556,"7017680869 , 9897403453 ",Prakash Chandra Tiwari ,"Rupikura Diyari Dhaulchhina, Almora, Uttarakhand 263624",79.74705,29.61818
Ratna Nidhi Charitable Trust,869,"23878930 , 23898930 ",Asha Mehta ,"Sathye Marg, Mumbai, Maharashtra 400004 ",72.82159,18.95478
Rays - Aasha ki ek kiran,1513,"9784517200 , 9829061618 ",Rashmi Kuchhal ,"Aakash Ganga Apartments, 22 Godown, Jaipur, Rajasthan 302006",75.78871,26.89825
REAP BENEFIT FOUNDATION,11439,9886361805 ,Gautam Prakash ,"Church Road, Shantinagar, Bengaluuru Karnataka 560027 ",77.60063,12.97671
RED DOT FOUNDATION,6388,9867644975 ,Supreet K Singh ,"FOUR BUNGALOWS, ANDHERI WEST, Mumbai, Maharashtra 400058 ",72.8242,19.1264
REDDIWAR FOUNDATION,12696,29668587 ,Pooja Reddiwar ,"Autumn Grove, Kandivali (East), Mumbai, Maharashtra 400101 ",72.87508,19.19713
"Redemption Research for Health and Educational
Development Society",1088,"251010 , 9985692033 ",G.P.D.KUMAR ,"GUNDAIAH THOTA, CHILAKALURIPET, GUNTUR, Andhra Pradesh 522616",80.18623,16.0805
REGENBOOG INDIA FOUNDATION,2780,"233013 , 9994209507 ",,"VEDIYAPPANUR , ADI ANNAMALAI, Tiruvannamalai, Tamil Nadu 606604",79.02561,12.25405
Rein India Foundation Trust,12090,9740377854 ,Mr. Rajarathinam Lakshmnan ,"Mahendra Arana, Grandmart Hypermarket, Anathnagar kammasandra  road, Electronic City phase-2, Bengaluru, Karnataka 560100",77.67537,12.8534
"Rereeti Foundation for Museums Galleries and
Heritage Sites",7319,9342060461 ,Sajju ,"Richmond road, Bengaluru Karnataka 560025",77.61025,12.96691
RESCUE FOUNDATION,2776,"28060707 , 28625240 ",Manika Khandelwal ,"ASHA KIRAN BUILDING, LADY FATIMA ROAD, POISAR, KANDIVALI WEST, MUMBAI, Maharashtra 400067",72.85272,19.21156
Resource Foundation,781,"9942060027 , 244068 ",,"MIN Nagar, Sethiyathope, Cuddalore, Tamil Nadu 608702",79.54426,11.43648
RESTORING DREAMS FOUNDATION,12174,"7208114071 , 9892119951 ",,"Lakhani Galaxy, Sector 15, CBD Belapur, Navi Mumbai, Thane, Maharashtra 400614",73.03672,19.01028
Right Track,1149,"24485597 , 9331296610 ",Md. Israfil ,"Braunfeld Row, Mominpore, Kolkata, West Bengal 700027",88.32313,22.52612
Rise Against Hunger India,7509,25426948 ,,"3rd Cross, 9H Main Road, HRBR Layout, Kalyan Nagar, Bengaluuru Karnataka 560043",77.53409,12.9686
RISING SUN FOUNDATION,11553,9142309982 ,,"BIBIGANJ BHATTA, BARI MACHUATOLI, OPP. DR. MANIKCHAND CLINIC, DANAPUR, Patna, Bihar 801503 ",85.04933,25.60753
Ritham Charitable Trust,1274,"226040 , 226040 ",K.Venkataramanan ,"Dharmaraja Big street, Periya Chavadi, kadai Bazar, Rajapalayam, Virudhunagar, Tamil Nadu 626117 ",77.55882,9.43715
Root Institute for Wisdom Culture Charitable Trust,6909,"2200714 , 9199053908 ",Ms. Shanti Yajnik ,"Saxena Road, Bodhgaya, Gaya, Bihar 824231 ",84.97603,24.70339
ROSHNI NILAYA,10274,9500804321 ,Samuel J ,"Semmal Apartment, Selvamani Nagar, Kaspapettai, Erode, Tamil Nadu 638115",77.72884,11.23233
RRR EDUCATIONAL SOCIETY,6846,9441901959 ,,"Gandhi Nagar, VEDAYA PALEM, NELLORE, Sri Potti Sriramulu Andhra Pradesh 524004",79.94823,14.41159
RUGNA SEVA PRAKALP,3514,"2221500 , 9422406785 ",,"SANT VEENABAI MATH, Brahmainpuri Sent Venabai Miraj, Sangli, Maharashtra 416410",74.64973,16.82825
RUPRANI FOUNDATION,7681,9919906969 ,,"Civil Lines, GONDA, Uttar Pradesh 271001",81.95437,27.13017
Rural Educational Activities for Development,7234,"9438039026 , 9437722771 ",Sudhir Kumar Nayak ,"Ambapua main road, New Depaul School, Engineerings School Road, Berhampur, Ganjam, Odisha 760010",84.82847,19.30881
Rural Health Care Foundation,1258,40082981 ,Shreyas Nevatia ,"Alexendra Court, 63 Chowringhee Road, Kolkata, West Bengal 700020",88.34951,22.55349
"RURAL INSTITUTE OF CENTRE FOR EXCELLENCE
(RICE)",7104,9849158728 ,,"NEW BALAJI COLONY, R.K.PURUM, SECUNDERABAD, Rangareddy, Telangana 500056",78.531,17.46844
Rural Reconstruction Organisation,1106,"220087 , 9437129824 ",Krushna Ch Barik ,"Tukuna, salapada by pass Road, Keonjhar, Odisha 758020",86.15561,21.1664
RURAL RECONSTRUCTION SOCIETY,11707,9885870972 ,,"MBT Road, Angallu, Madanapalle, Chittoor, Andhra Pradesh 517325",78.49937,13.56445
S M Sehgal Foundation,1560,4744100 ,Sam Kapoor ,"Sector 44 Institutional Area, Gurugram Haryana 122003",77.04039,28.44556
S.S.RESEARCH FOUNDATION,10091,252369 ,,"Veerappapuram Street, Saibaba Temple, Kallidaikurichi, Tirunelveli, Tamil Nadu 627416",77.46454,8.68236
Sabuj Sangha,1226,"24414357 , 40723577 ",Arunabha Das ,"Rajdanga, Kolkata, West Bengal 700107",88.38898,22.51209
Sadayanodai Ilaignar Narpani Mandram,1609,"9443039103 , 298033 ",M. SHAHEEDHA BEGAM ,"VALARAGHAM, SINAM DEVELOPMENT CENTER, AVALURPET ROAD, TIRUVANNAMALAI, Tamil Nadu 606604",79.04402,12.27072
Sadhana Society for the Mentally Handicapped,999,"27152366 , 27152366 ",P.Madhusudhan Reddy ,"Hyderabad, Telangana 500076",78.56154,17.43294
SAFE (Social Association for Everyone),10031,8763135767 ,Kamal Lochan Sarangi ,"Housing Board, Bhimatangi, Bhubaneswar, Khordha, Odisha 751002",85.82129,20.23705
Safe Society,1967,9839339403 ,,"Mirchinetola, Tikariya, Gorakhpur, Uttar Pradesh 273165",83.42113,26.84969
SAGARPUTRA SHIKSHAN PRASARAK MANDAL,7720,"223519 , 223519 ",,"Kulbhaiyya, Navin Kawsan, Paithan, Aurangabad, Maharashtra 431107",75.54409,19.50407
SAHAYOG,10357,9438100779 ,Santosh Kumar Patra ,"Sahayog, Surya Nagar, Mumtaz Ali Park, Bhubaneswar, Khordha, Odisha 751003",85.81412,20.26573
Sahyadri Nisarga Mitra,2623,"9373610817 , 295094 ",Bhau Katdare ,"United Park, Markandi, Chiplun, Ratnagiri, Maharashtra 415605",73.52992,17.5045
Sai Educational Rural & Urban Development Society,464,"255626 , 255626 ",G.Malliakarjuna ,"Budhavarapeta, Kurnool, Andhra Pradesh 518002",78.04658,15.82213
Sai Kripa,444,"2531521 , 9958699149 ",Sujatha Sasidharan ,"Sector 12, Noida, Gautam Buddha Nagar, Uttar Pradesh 201301",77.33906,28.59542
SAKSHI,12119,20890871 ,,"Ghitorni, MCD School, Ghitorni, New Delhi 110030",77.13469,28.49856
Salaam Bombay Foundation,1190,61491900 ,Tasnim Motorwala ,"Nirmal Building, Nariman Point, Mumbai, Maharashtra 400021",72.82182,18.92728
Samajik Arthik Vikas Mahamandal,4396,9922914102 ,Dhondiram Sarang ,"Dreamland, Kerwadi, Palam, Parbhani, Maharashtra 431720",76.99953,19.02568
Samaritan Help Mission,216,"9836777600 , 26380234 ",Mamoon Akhtar ,"Belilious Road, Howrah, West Bengal 711101 ",88.32808,22.59233
Samarthanam,447,25729922 ,Kumaraswamy C R ,"15th Cross, 16th Main, Sector 4, HSR Layout, Bengaluuru Karnataka 560102 ",77.64131,12.91415
Samarthya,11074,234449 ,H.N.Basappa ,"Samarthya, Feenicks Petrol Bunk, Kushtagi road, Koppal, Karnataka 583231",76.16448,15.34603
"Samast Mahajan, Ahmedabad",9655,9825860865 ,Khushbu Sheth ,"Sanidhya Building, Sanyas Ashram, Ashram Road, Ahmedabad, Gujarat 380009",72.57124,23.02457
Sambhali Trust,937,"9828089293 , 2512361 ",,"Setrawa House, Old Public Park Lane, K.N.College for Women, Raikabagh, Jodhpur, Rajasthan 342001",73.04356,26.26504
SAMPADA UDUPI,12708,"9448158852 , 9880250900 ",,"BISHOP'S HOUSE, DON BOSCO BUILDING, UDUPI, Karnataka 576101 ",74.75503,13.33207
Sampark Foundation,12170,4217660 ,,"A Block, Sector 40, Noida, Gautam Buddha Nagar, Pradesh 201301",77.35041,28.56317
Samuel Foundation Charitable India Trust,1083,"25335453 , 65485455 ",Ravi Raj Atrey ,"M.C.D Community Centre, New Delhi 110027",77.11477,28.65591
SAMUHA,449,240576 ,Rama Satish ,"Vithalapur Road, Kanakagiri, Gangavathi, Koppal, Karnataka 583283",76.43365,15.5849
SAMUHIK UTTHAN SEWA SAMITI,7353,9795013869 ,,"SANJAY GANDHI NAGAR NAUBASTA, KANPUR, Uttar Pradesh 208021",80.31037,26.41441
SAMYAK BAHUUDDESHIYA SAMAJIK VIKAS SANSTHA,8328,"8652457099 , 8898183671 ",,"Vishwakarmanagar, New Belapur road, Infront west, Kalwa, Thane, Maharashtra 400605",72.99874,19.20247
"SANDESHKHALI MAA SARODA WOMEN & RURAL
WELFARE SOCIETY",6380,"9732549110 , 8436473455 ",SUBHASIS MONDAL ,"CHHOTOJIRAKEPUR, BERMAJUR, SANDESHKHALI, BASIRHAT, North 24 Parganas, West Bengal 743411",88.86549,22.63808
Sandnya Sanwardhan Sanstha,451,"2220713 , 2236043 ",Navin V Deshpande ,"Madhav Nagar, Nagpur, Maharashtra 440010",79.05693,21.12608
Sanga Mithra Development Association,1739,"225352 , 9618355721 ",D.Veerabhadrarao ,"Pedashaikalipalem , Kokkirapalli Post, Yellamanchili Mandal, Visakhapatnam, Andhra Pradesh 531055 ",82.83441,17.53213
"Sangai Youth Tobacco Free and Educational
Organisation",11050,"2444032 , 7085521754 ",,"Singjamei Chongtham Leikai Chingamakong, Near Masum Plaza, Imphal West, Manipur 795008 ",93.92389,24.78182
Sangeeta Darvekar Charitable Trust,926,"9224320230 , 8108360380 ",,"Sealand Tower, Jesal Park, Near Ashirwad Hospital, Bhayandar East, Thane, Maharashtra 401105",72.85339,19.31507
SANGLI MISSION SOCIETY,7414,"9420678618 , 2660088 ",Roshan Varghese ,"Sri Villa, Raman Mala, Kolhapur, Maharashtra 416003",74.23212,16.71859
Sanjeevani Vikas Evam Jan Kalyan Samiti,12771,9412410547 ,,"Trishul Enterprises Building, Ranikhet Grand Hotel, Almora, Uttarakhand 263645",79.41999,29.65041
SANJOGA,9365,9437264453 ,Amarendra Kumar Sethy ,"Kantabanji, Balangir, Odisha 767039",82.92394,20.44828
Sankalapa Rural Development Society,4448,9986840730 ,Shazar Robinson ,"Dr Eshwar Menasinkai Building, Samudya Bhavan, Lingaraj Nagar North, Hubballi, Dharwad, Karnataka 580031",75.11165,15.37543
SANKALP JYOTI,3005,"9304832180 , 9430954712 ",SANJAY KUMAR ,"ASHOK NAGAR, KANKARBAGH, Patna, Bihar 800020",85.14807,25.58695
Sankalp Rehabilitation Trust,1127,65252685 ,,"S.S. Bengali Municipal School, Thakurdwar Rd, Charni Road, Mumbai, Maharashtra 400002",72.82523,18.95304
"SANKALPA (Disabled Education and Rural
Development organization)",12812,6361427927 ,,"Renuka Krupa, Syedpeer Extinction, Nittuvalli., Davangere, Karnataka 577004",75.92537,14.44917
SANRAKSHAN(Society for Protection of Children),13229,"9483518257 , 9810636987 ",Basavaraj U ,"Kamdenu, 1st , 5th Main Road, Mathikere, Bengaluuru Karnataka 560054",77.56853,13.03257
SANSKRUTI FOUNDATION,11544,9427048411 ,NILESH BHATT ,"DHANUSHDHARI SOCIETY, G.D.HIGH SCHOOL CROSS ROAD, SAIJPUR BOGHA, AHMEDABAD, Gujarat 382345",72.63414,23.05574
Sapna,455,9810408182 ,,"C 93, Defence Colony, New Delhi 110003",77.22735,28.57153
Saraswati Sevabhavi Sanstha Bhatwadgaon,1592,"7588177369 , 7588177368 ",Ramesh Kute ,"Bhatwadgaon, Majalgaon, Beed, Maharashtra 431131",76.19671,19.18284
Sarthak Foundation,8781,"9839561301 , 9984031039 ",Aparnaa Jain ,"Vijyant Khand, Gomti Nagar, Faridi Nagar, Munshi Pulia, Lucknow, Uttar Pradesh 226010",81.00203,26.85633
Sarthak Prayas,907,"45650560 , 9711311354 ",,"Road 70, Punjabi Bagh (West), New Delhi 110026",77.13165,28.66858
Sasakawa-India Leprosy Foundation,10673,"24603439 , 24603440 ",Shubhendra Sachan ,"IETE Building, 2 Institutional Area, Lodhi Road, New Delhi 110003",77.22908,28.5887
Sashakt Foundation,11961,9354754174 ,,"Sector 10, Noida, Gautam Buddha Nagar, Uttar Pradesh 201301",77.33193,28.58974
SATYAKAM JAN KALYAN SAMITI,7295,"9977211251 , 9303576391 ",Shabana Azami ,"Usariya Primary School, Shiv Temple, Chhindwara, Madhya Pradesh 480001",79.03121,22.02333
"SAVE Foundation (Services to AIDS Victims and
Empowerment Foundation)",1177,"2671316 , 2672796 ",Arun Khandagale ,"Yerala Bhavan, Sangli Miraj Road, Vishrambag, Sangli, Maharashtra 416415",74.59877,16.84757
Savitrichya Leki Mahila Vikas Sanstha,13182,9970549211 ,,"Samaj Mandir, Ambedkar Chowk, Sadoli Khalsa, Karvir, Kolhapur, Maharashtra 416001",74.09803,16.599
SEARCH FOUNDATION,8632,"224495 , 9371000213 ",Ganesh Kalaskar ,"Sainagar, Sinhgad Road, Pune, Maharashtra 411030",73.84451,18.50032
SENIOR CITIZENS COUNCIL OF LUDHIANA,11465,"8968253900 , 8288955210 ",Sh. Ashok Pahwa ,"MODEL TOWN EXTENSION, D BLOCK, RAM PARK DANA MANDI ROAD, LUDHIANA, Punjab 141002",75.84212,30.88929
SERVE SAMMAN,5173,"9310286664 , 49055030 ",DIPAK KHANNA ,"M-65, Greater Kailash I, New Delhi 110048",77.23892,28.54533
"Serve, Train, Educate People Society",1198,"222441 , 222441 ",K S Reddy ,"Nagari Street, Srikalahasti, Chittoor, Andhra Pradesh 517644",79.70192,13.75645
Service Initiative for Voluntary Action Trust,2991,"9442215014 , 4953014 ",T. Selwyn ,"Kurunthasala Nagar, Vadamadurai, Coimbatore, Tirunelveli, Tamil Nadu 641017",76.93155,11.09993
Sethu,8748,"9552518664 , 7720013749 ",Helene Menezes ,"Dhonvaddo, Saligao, Bardez, Goa 403511",73.78771,15.54572
SEVA TRUST FOR THE BLIND,7249,9448309957 ,,"MARUTI NAGAR, RANEBENNUR, Haveri, Karnataka 581115",75.63326,14.61806
SGBS Unnati Foundation,7382,9844085864 ,Ms.Harshitha ,"Ganesha Temple Road, NGEF Layout, Sadananda Nagar, Bengaluuru Karnataka 560038",77.65401,12.99497
SHANTHI NILAYAM,13183,8903795586 ,Meenu George ,"Paruthivilai, Erumbukadu, Shanthi Nilayam, Nagercoil, Kanyakumari, Tamil Nadu 629004",77.41662,8.15606
Sharda Mahila Vikas Society,5328,"220811 , 220811 ",Dr. Shobha Shah ,"SEWA Rural Campus, Tower Road, Jhagadia, Bharuch, Gujarat 393110 ",73.19371,21.67172
SHARE AND CARE CHILDREN'S WELFARE SOCIETY,12810,9841271412 ,A.Josephine Lucy ,"Arumugam Street, Perambur, Chennai, Tamil Nadu 600011",80.24289,13.11236
SHARON SOCIETY OF PONDICHERRY,9202,9843483718 ,,"3rd Cross, Kurinji Nagar, Puducherry, Lawspet 605008",79.80583,11.95367
SHETI VA SHETKARI VIKAS BAHUDDESHIYA SANSTHA,12020,9545424777 ,murli surase ,"CHAUDHARI NAGAR MANTHA ROAD, Jalna, Maharashtra 431203",75.87795,19.85096
Shibganj Integrated Development Society,11999,9733510884 ,,"Dakshin Shibganj, Pathar Pratima, Kakdwip, South 24 Parganas, West Bengal 743371",88.32725,21.7677
SHIELD FOUNDATION,10257,"9833406288 , 9769352598 ",Gopika Nair ,"Hall Space, Gandhi Nagar Society, Ambedkar School, Sant Kakkaya Marg, Dharavi, Mumbai, Maharashtra 400017",72.85482,19.0447
Shifting Orbits Foundation,11235,"9341064964 , 9686577038 ",,"Phase 2, Adarsh Palm Meadows, Ramagondanahalli, Bengaluuru Karnataka 560066 ",77.74062,12.95722
"SHIKSHA SADBHAWNA WELFARE JAMIYA SAFIYA
LILBANAT SAMITI",10677,9839054804 ,Mohd Junaid ,"Ahmadi Tola, Kannauj, Uttar Pradesh 209725 ",79.91996,27.04968
Shikshan Ane Samaj Kalyan Kendra,556,"223525 , 223525 ",Rajesh Rathod ,"Omnagar, Hanuman Para Road, Amreli, Gujarat 365601 ",71.16976,21.57447
SHINE CHILD AND WOMEN WELFARE TRUST,10764,9094675760 ,M.Irudhayaraj ,"B Barath Nagar, Annai Violet College Road, Menambed, Ambattur, Tiruvallur, Tamil Nadu 600053",80.16002,13.12274
SHIRDI SAI BABA TEMPLE SOCIETY,3309,"9810397034 , 9310601400 ",KA Pillay ,"SaiDham, Sector 86, Tigaon Road, Niswara, Block Panwari, Mahoba, Faridabad, Haryana 121014",77.35132,28.39996
"Shishu Sarothi (Centre for Rehabilitation & Training
for Multiple Disability)",7333,9435040607 ,,"Shishu Sarothi, Ramkrishna Mission Road, Guwahati, Kamrup Metropolitan, Assam 781016",91.75368,26.16444
Shiv Shiva ‘Sneh’ Sanstha,1098,"2230849 , 9415281386 ",Chandra Kishore ,"Phullanpur, Bikapur, Ghazipur, Uttar Pradesh 233001",83.55685,25.60245
Shradha Bhakti Viswa Kalyan Trust,11571,8376012195 ,Shailendra Kumar Mishra ,"Bhaiya Chowk, AF Rajokari, Rajokari Gaon, South West Delhi, Delhi 110038",77.10841,28.514
Shramjeevi Janata Sahayak Mandal,12196,"9130017122 , 280025 ",,"Mangalwar peth Satara, Maharashtra 415002",73.98384,17.67768
Shree Amrutvahini Gramvikas Mandal,1504,"9011772233 , 2429942 ",Vanita Bhagwat Shinde ,"Anandnagar, Sahyadri Chowk, Wasan Automobile, Navnagaput, MIDC, Ahmednagar, Maharashtra 414111",74.69923,19.15745
Shree Guruvayurappan Bhajan Samaj Trust,468,"25384642 , 9844085864 ",Rupali Gupta ,"Temple Road, Sadananda Nagar, NGEF East, Bengaluuru Karnataka 560038",77.65401,12.99497
Shree Jan Jeevan Kalyan Sansthan,9838,9413307998 ,,"Katman Mohalla, Nagar, Nadbai Road, Nagar, Bharatpur, Rajasthan 321205 ",77.10468,27.41764
Shree Krishnayan Desi Gauraksha Avam Golokdham Sewa Samiti,12639,9760202306 ,Surendar Agarwal ,"Haripur Kalaan, Near Prem Vihar chowk, Haridwar, Dehradun, Uttarakhand 246663 ",78.05932,30.2653
Shree Vishwakarma Charitable Trust,13315,8908905656 ,Anilkumar Vishwakarma ,"Subhash Nagar, MIDC Road, Sulzer Pump Company, Digha, Navi Mumbai, Thane, Maharashtra 400708",73.00613,19.17158
Shri Arbuda Residential Welfare Association,10028,8490920910 ,,"AHMEDABAD, Gujarat 380005 ",72.5988,23.08887
SHRI GAURANG GOSEVA SANSTHA JALGAON,12799,9766466469 ,SUNANDA SAMADHAN SHIRSATH ,"SHIV COLONY JALGAON, GANGA SAGAR APARTMENT Maharashtra 425001",75.57153,21.01393
Shri Guru Jambheshwar Seva Sansthan,4637,"2354581 , 9414334192 ",,"T1 Apple Residency, Chitrakoot, Jaipur, Rajasthan 302021",75.73428,26.90805
Shri Kalyan Women Welfare Society,9249,"274115 , 9929841433 ",,"SBI Bank, DantaRamgarh, Sikar, Rajasthan 332703",75.14634,27.23858
"Shri Maa Vaishnavi Educational And Public Welfare
Society",13246,8878167256 ,Shivani Sahu ,"Parsha Chouraha, Station Road, Sai Central Point, Rai Market., Sagar, Madhya Pradesh 470117",78.34946,24.04069
Shri Pandit Ratnachandraji Jain Kanyashala Trust,895,"25163434 , 25123484 ",Chirag Sheth ,"Cama Lane, Ghatkopar-West, Mumbai, Maharashtra 400086 ",72.89651,19.08276
SHRI TRIBHUVANDAS FOUNDATION,11362,240151 ,Mr. Saurabh Dave ,"Rajodpura, Chikhodra Over Bridge, Anand, Gujarat 388001",72.98447,22.55108
Shri Vansh Gopal Lok Kalyan Samiti,9276,"9039367896 , 7000475757 ",,"Range Coumpound, Datia, Madhya Pradesh 475661",78.54544,25.67796
SIGARAM Academy of Excellence,10000,"9443450063 , 248405 ",,"Sigaram, Johnson Tower, Main Road, Mulagumoodu, Kanyakumari, Tamil Nadu 629167",77.2888,8.26168
Sikshasandhan,11945,9437006109 ,,"VIP Area, IRC , Bhubaneswar, Khordha, Odisha 751015",85.80613,20.28936
SKS Chakshu Foundation,6525,"24963665 , 24963665 ",Gulab Suryavanshi ,"Nirman Kendra, Dr. E. Moses Road, Mahalakshmi, Mumbai, Maharashtra 400011",72.82419,18.98595
Smile always Foundation,5704,9550086860 ,,"Mamatha Nagar, Nagole, Hyderabad, Medchal, Telangana 500068",78.55911,17.3817
SNEHAGRAM FOUNDATION,13196,9096812860 ,,"KORFALE, PANGAON ROAD, BARSHI, Solapur, Maharashtra 413401",75.70089,18.23156
Snehakunja Trust,13237,9448965015 ,,"Vivekananda Arogya Dhama, Kasarkod, Honnavar, Uttara Kannada, Karnataka 581342",74.44144,14.24682
SNEHALAYA CHARITABLE TRUST,1673,"9820484581. , 9869547241 ",,"Pareira Nagar CHS, Khopat, Thane W, Thane, Maharashtra 400601",72.9711,19.19803
SNEHALAYA EDUCATION SOCIETY,13123,"9325455803 , 9146532791 ",,"Anand Nagar, Awhalwadi Road, Wagholi, Pune, Maharashtra 412207",73.9865,18.57737
Snehi,223,9582208181 ,Sudhanshu Mishra ,"Vasant Kunj Enclave, New Delhi 110070",77.1522,28.52452
Social and Development Research and Action Group,1145,4129831 ,Poonam Pathak ,"Sector 30, Noida, Gautam Buddha Nagar, Uttar Pradesh 201303",77.33927,28.5736
"SOCIAL EDUCATION FOR RURAL DEVELOPMENT
(SERD)",2252,"268734 , 268734 ",,"Krishnarajapuram Colony, Manamadurai, Sivagangai, Tamil Nadu 630606",78.43722,9.68166
Social Empowerment and Voluntary Association,1422,"240854 , 9970606335 ",Ashok Pawar ,"Shabri Hotel, Misar Nagar, Jintur Road, Parbhani, Maharashtra 431401",76.74856,19.28518
Social Entrepreneurs Foundation India,6832,8655008036 ,Swati Mankar ,"Redbrick Offices Ltd, HDIL Kaledonia, Sahar Road, Andheri East, Mumbai, Maharashtra 400069",72.85213,19.11906
Social Impact Development Foundation,9726,7053144432 ,,"Pocket 40, C.R Park, New Delhi 110019",77.25566,28.53928
Social Organisation for Voluntary Action (SOVA),4784,9437361026 ,,"Kasipada, Gengutia, Dhenkanal, Odisha 759013",85.5544,20.73686
SOCIETY FOR ALL ROUND DEVELOPMENT (SARD),6478,"28524728 , 28524728 ",Annu Jha ,"KIRTI DEEP BUILDING, NANGAL RAYA COMMERCIAL COMPLEX, NEW DELHI, 110046",77.10087,28.60413
"Society for Community Participation and
Empowerment (SCOPE)",2941,2445044 ,,"Betadur Compound, Malmaddi, Dharwad, Karnataka 580007",74.88355,15.43029
"Society for Helping Integrity Network for
Empowerment SHINE",6416,"8099990221 , 9347738490 ",,"Garib Thota, A.V. Nagar EXTENSION II, TURKAYAMJAL, HYDERABAD, Rangareddy, Telangana 501510",78.58675,17.27573
Society for the Training & Vocational Rehabilitation o,1065,9825407654 ,,"Adarsh Nagar, Dhaniyavi Road, Tarsali, Vadodara, Gujarat 390009",73.21493,22.26051
"SOCIETY FOR TRANSFORMATION, EDUCATION &
PROGRESS (STEP)",12061,"9937265961 , 8457897961 ",Abhijit Nayak ,"Hatigarh Balasore, Baleswar, Odisha 756033",87.2097,21.82889
"Society of Parents of Children with Autistic Disorders
(SOPAN)",10871,9323202768 ,Huafrid Billimoria ,"BMC School Building, Natwar Nagar Road No.5, Jogeshwari East, Mumbai, Maharashtra 400060",72.85259,19.12952
"Socio-Economic and Educational Development
Society (SEEDS)",5170,"9865151573 , 285287 ",P.Shantha ,"Kallakkampatty, Karumalai, Tiruchirappalli, Tamil Nadu 621310",78.36883,10.41163
SOCIO-ECONOMIC DEVELOPMENT ORGANISATION,13146,7002717438 ,,"Dhemaji Civil Hospital, Khubalia, Kuwafala, Dhemaji, Assam 787057",94.5261,27.50108
SOSVA Training and Promotion Institute,632,"26687900 , 26696212 ",Parinita Kanitkar ,"MHADA Commercial Complex, Maharashtra Housing Board Colony, Yerawada, Pune, Maharashtra 411006",73.89661,18.56165
SOUL TRUST,9523,9836253999 ,Sumana Majumdar ,"MULTICON ENCLAVE, HO CHI MINH SARANI, Kolkata, West Bengal 700061",88.29893,22.48461
"South (24PG) Network of People Living With HIV/
AIDS",8605,"9732682644 , 9732670367 ",Sushanta Pramanik ,"Milan Pally, kalibari Lane, Sonarpur, Kolkata, South 24 Parganas, West Bengal 700150",88.44489,22.4641
SPARSHA CHARITABLE TRUST,5973,9223290796 ,Sarika Desai ,"SHRAM SHAKTI, WADALA TRUCK TERMINAL, MUMBAI, Maharashtra 400037",72.87741,19.03412
SPHERULE FOUNDATION,13290,9823451117 ,Rhoma Bhatia ,"City Vista Downtown Building, Kharadi, Pune, Maharashtra 411014",73.94516,18.56128
Sphoorti Foundation,887,"9618695222 , 9959559022 ",,"EC Nagar, HCL, Hyderabad, Rangareddy, Telangana 500051",78.56071,17.30343
SPK Educational Trust,12040,9500247864 ,,"Brindhavan Nagar, Koottapalli Colony, Tiruchengode, Namakkal, Tamil Nadu 637214",77.89206,11.34234
SREE JNANODAYA GRAMEENA VIDYA TRUST,10429,9449678054 ,,"Divine City, M.G.Road, Gangnamidde ward, Chikkaballapura, Karnataka 562101",77.71258,13.43977
SREE NARAYANA GURU MISSION CHARITIES,8613,"8903655336 , 224608 ",MADHARASI MARY ,"V.J. Complex, Bharathiyar Road, Hotel Paris International, Sethilal Nagar, Karaikal, Puducherry 609602",79.82941,10.91699
Sri B D Tatti (Annawaru) Memorial Charitable Trust,12706,8951968006 ,Sagar C Poojari ,"Agastyateertha Road Tatti Annavaru Nagar, Laxmeshwar, Gadag, Karnataka 582116 ",75.50828,15.11897
Sri Chaitanya Seva Trust,1188,"28454565 , 29452400 ",Loknath Char ,"Bhaktivedanta Hospital, Shrishti Complex, Sector 1, Mira Road (E), Thane, Maharashtra 401107",72.86683,19.28457
Sri Joydip Ashram,12258,9007295256 ,Moumita Nag ,"Itbhata Road, Burdwan 3, Bardhaman, West Bengal 713103",87.89527,23.19254
Sri Keshava Trust,4259,"9845011275 , 9945963800 ",B G NATARAJA ,"2nd Main Cross 7th Block Hoskerehalli, Banashankari III Stage, Bengaluru, Karnataka 560085",77.54523,12.93112
SRI SATHYA SAI ANNAPOORNA TRUST,10924,9901999196 ,Sai Prasad Ivaturi ,"Sai Sannidhi, Sathya Grama, Chikkaballapura, Karnataka 562101",77.75473,13.45736
Sri Shiridi Sai Seva Trust,167,9959927721 ,T Adilakshmi ,"6th Lane, A.T. Agraharam, Guntur, Andhra Pradesh 522004",80.43424,16.30402
SRI SOMESWARNATH MAHADEV TRUST (SANMAT),10796,"2540330 , 9798000099 ",Abhishek Kumar ,"Jagdamba Tower, Sahdeo Mahato Marg, Karlo Maruti showroom, Santusti Lane, Boring Road, Patna, Bihar 800001",85.1287,25.60495
"SRI SURIYA EDUCATION ECONOMIC AND SOCIAL
DEVELOPMENT CHARITABLE TRUST",11467,9865376505 ,P JAYABALAN ,"OTTAMPATTU , THIRUVATHIKUNNA, GINGEE TALUK, Viluppuram, Tamil Nadu 604205",79.43826,12.21287
Srijon Foundation,10240,9820285996 ,,"Aram Nagar Part 2, Jp Road, Andheri West, Mumbai, Maharashtra 400061",72.82402,19.12982
SRISTI FOUNDATION,9236,9047787887 ,,"Sristi, Kunamangalam, Thazhuhtali, Tindivanam, Villupuram, Tamil Nadu 604304",79.6275,12.11967
SSHIRSTI,737,"9313748115 , 9810203491 ",Peter Lakra ,"Kabir Apartment, Kishangarh, Vasant Kunj, New Delhi 110070",77.16729,28.51878
SST - Society for Social Transformation,1481,"255050 , 8008663861 ",V.Anjaneyulu ,"Budhawarpet, Kurnool, Andhra Pradesh 518002",78.09785,15.68827
STRAY RELIEF AND ANIMAL WELFARE (STRAW),12304,9958555443 ,,"Sector D, Pocket 2, Vasant Kunj, New Delhi 110070",77.16433,28.50992
STRIPES AND GREEN EARTH FOUNDATTION,12464,9007224436 ,,"Prantik, VIP Road, Sahapara, Deshbandhunagar, North 24 Parganas, West Bengal 700059",88.4335,22.61665
Sugam Jagriti,486,"2672426 , 9430891956 ",Janardhan Choudhary ,"Barai, Islampur, Nalanda, Bihar 801303",85.22372,25.1481
Sujaya Foundation,1795,"23826238 , 9324310455 ",sujaya rai ,"Mithai Mandir, Nana Chowk, Grant Road, Mumbai, Maharashtra 400007",72.81309,18.9617
SUKRUPA,680,"9845261892 , 9900522567 ",Sathiaseelan M ,"Rajiv Gandhi Dental College, Cholanayakanahalli, Bengaluru, Karnataka 560094",77.57546,13.04001
SUNIYE,8996,"9899147999 , 9873031973 ",Vijay Krishnamani ,"Sector 2, R.K.Puram, New Delhi 110022",77.18576,28.56011
"Supporting Association for Thematic and Holistic
Initiatives (SATHI)",6827,9235406351 ,Mr. Lalit Singh ,"Civil Lines, Parikarma Marg, Faizabad, Uttar Pradesh 224001",82.11544,26.77008
SURABHI FOUNDATION TRUST,7729,9844415458 ,Niranjan Raju ,"1st cross, Siddappa Layout, Gubbalala, Kanakapura Main road, Subramayapura, Bengaluru, Karnataka 560061",77.54265,12.89812
Suraksha,650,"224723 , 9437723687 ",suresh kumar patnaik ,"Radha Govind Nagar, pathapatnam Road, Paralakhemundi, Gajapati, Odisha 761200",84.09552,18.77061
SUSHEEL MARTIN FOUNDATION,11347,7899619321 ,,"Ejipura Main Road, Agram, Bengaluru, Karnataka 560047",77.62034,12.95229
SUSHILA FOUNDATION,7039,"9891171856 , 9971721619 ",,"DAYALPUR, GOKULPURI, East Delhi, Delhi 110094",77.29713,28.70481
SUVARNA KARNATAKA INTEGRATED RURAL DEVELOP,8638,"7960740 , 8431804512 ",Nagaraju ,"6TH CROSS SOMESHWARAPURAM, GANESH TEMPLE AUTO STAND NAMMURA AHARA CONDIMENT, TUMAKURU, Karnataka 572102",77.12478,13.29752
Swabhiman - A Disability Information and Resource C,12239,9437013312 ,Mihir Mohanty ,"Budha Nagar, Bhubaneswar, Khordha, Odisha 751006",85.84189,20.26131
Swachh Tan Man Paryavaran Charitable Trust,10649,"9820970219 , 9322893060 ",Rekha Thaker ,"Vishwadeep Heights, K. T. Soni Marg, Mahavir Nagar, Kandivali (West), Mumbai, Maharashtra 400067",72.83817,19.21154
Swachha Bahuuddeshiya Sanstha,9869,9423506957 ,Uday M. Nankar ,"Park Street Apartment, Vishnu Nagar, Shilangan Road, Amravati, Maharashtra 444607",77.74705,20.90098
SWADES FOUNDATION,10949,61093730 ,Tushar Sud ,"Nishuvi, Dr. Annie Besant Road, Worli, Sunville Banquets (Worli), Mumbai, Maharashtra 400018",72.81735,18.99858
"SWAMI SIVANANDA MEMORIAL INSTITUTE OF FINE
ARTS & CRAFTS",2314,"28313555 , 28313555 ",Puran Chand ,"East Avenue, Punjabi Bagh, Delhi 110026",77.14724,28.67188
"SWAMY DAYANANDA SARASWATI EDUCATIONAL
SOCIETY",4994,9262081544 ,BHASKAR K ,"SWAMI DAYANANDA HIGHER SECONDARY SCHOOL, MANJAKKUDI, Tiruvarur, Tamil Nadu 612610",79.49808,10.8336
Swasthya Swaraj Society,8795,"295476 , 7326874618 ",Dr. Jemma Joseph(Aquinas Edassery) ,"MSA Chowk, Chandan Medical, Bhawanipatna, Kalahandi, Odisha 766001",83.16352,19.91091
SWAYAM,5487,"24863409 , 24863409 ",Amrita Dasgupta ,"Deodar Street, Kolkata, West Bengal 700019",88.36024,22.52713
Tamahar Trust,5898,"9663325766 , 9945381030 ",Tripti B G ,"23 Venkat Vihar, 12th main, 15th Cross, Malleswaram, Bengaluru Karnataka 560055",77.56243,13.00627
Tamana,886,"26151587 , 26151587 ",Rubaina Juneja ,"Vasant Vihar, New Delhi 110057",77.16011,28.56222
Tamilnad Kidney Research Foundation,490,"9940168728 , 28341635 ",Mrs. Vasanthi ,"Abiramee Apartments, No.11 Thirumurthy Street, Chennai, Tamil Nadu 600017",80.23809,13.04738
Tarachand Ramnath Seva Trust,11739,"9822039062 , 8208050584 ",Mrs. Poonam Pandit ,"Tridal Hanuman Mandir Lane, Rahul Nagar, Kothrud, Pune, Maharashtra 411038",73.80577,18.50604
TARAI ENVIRONMENT AWARENESS SAMITI,2723,"232727 , 9415036118 ",,"Cha Dussaha North Balrampur, Collectrate Uttar Pradesh 271201",82.29408,27.43942
TARE ZAMEEN FOUNDATION,11156,9958939136 ,,"Shanti Colony, Mandi Pahari, Delhi, South Delhi 110047",77.14206,28.44785
Tarun Chetna,1092,"264412 , 264412 ",Mohd. Sameem ,"Prithviganj Bazar, Patti, Pratapgarh, Uttar Pradesh 230133",82.00225,25.86192
Tata Steel Zoological Society,5348,"6508011 , 2234600 ",Dr.M.Palit ,"Tata Steel Zoological Park, Jubilee Jamshedpur, East Singhbhum, Jharkhand 831001 ",86.1955,22.8136
Teach to Lead,949,"25185821 , 25185823 ",Sara Khan ,"Godrej One, Pirojshahnagar, Eastern Express Highway, Vikhroli (East), Mumbai, Maharashtra 400079",72.92623,19.09367
Team Everest,6660,8939912365 ,Gomathy N ,"Mahaveer Street, Arni Palyam, Arni, Tiruvannamalai, Tamil Nadu 632301",79.27953,12.66407
TEAM HASIRU,11356,9448203615 ,,"11th Main, Hanumanthanagar, Bengaluru Karnataka 560019",77.55985,12.94565
TERRE DES HOMMES CHILDREN'S ORGANISATION FOR RELIEF AND EDUCATION,10615,9843493557 ,,"Perumbakkam Road, Anai Pirandhan , Tiruvannamalai, Tamil Nadu 606603",79.042,12.20492
Thalassemia And Sicklecell Society,1981,"9989706399 , 29885458 ",Ravi Kumar Allam ,"National Police Academy, Raghavendra Colony, Shivarampally, Rajendra Nagar, Rangareddy, Telangana 500052",78.41949,17.32764
The Akshaya Patra Foundation,131,"30143400 , 9164390000 ",Neha Shrivastava ,"Yeshwantpur Industrial Suburb, Rajajinagar Ward 10, Bengaluru Karnataka 560022",77.54647,13.02627
"The Association for Leprosy Education,
Rehabilitation and Treatment - India",7853,"24033081 , 24033082 ",Veera M. Rao ,"Mira Mansion, Sion (West), Mumbai, Maharashtra 400022",72.86384,19.04889
THE ASSOCIATION OF PEOPLE WITH DISABILITY,493,"25475165 , 25470390 ",Sunil Kumar K P ,"6th Cross, Hutchins Road, Lingarajapuram, St Thomas Town, Bengaluru Karnataka 560084",77.62332,13.00727
The Ayauskam,1046,"232642 , 8249831193 ",CHAITANYA SA ,"BRAHMIN PADA, KHARIAR, Nuapada, Odisha 766107",82.75411,20.31859
The COM - DEALL Trust,4681,"25800826 , 9480334809 ",,"6th A Main, II Block, HRBR Layout, Bengaluru Karnataka 560043",77.6422,13.02291
THE CORBETT FOUNDATION,2280,"61466417 , 9820231239 ",Rashid Khan ,"Atlanta, 8th, Nariman Point, Churchgate, Mumbai, Maharashtra 400021",72.82664,18.92727
THE CREDENCE,2283,26172644 ,,"EKTA VIHAR, SECTOR 6, R K PURAM, New Delhi, South West Delhi 110022",77.1753,28.56724
THE CRESCENT FOUNDATION,5033,"9823954885 , 240085 ",Mohammed Sohail ,"MAULANA AZAD NAGAR, JANTA MARKET, NANDED, Maharashtra 431602",77.23146,19.16066
The Evangelical Fellowship of India Commission on Re,1732,"25516383 , 25516384 ",Prem Livingstone ,"Mahatta Tower, B Block Community Centre, Janakpuri, New Delhi 110058",77.09403,28.61138
The Foundation For Social Transformation Enabling North East India,1206,"2733696 , 9435553373 ",Smriti Rekha Das ,"J.N.Borooah Lane, Jorpukhri, Guwahati, Kamrup Metropolitan, Assam 781001",91.7547,26.18942
THE GROW RICH FOUNDATION TRUST,8886,"9952844740 , 9952846946 ",M Sridevi ,"Appukutty Street, Kumbakonam, Thanjavur, Tamil Nadu 612001",79.38409,10.96696
The Kalgidhar Society,4956,"276031 , 9810092292 ",Jaspreet Singh ,"Rajouri Garden, Rajgarh, New Delhi, West Delhi 110027",77.1202,28.64604
"The Karalapakkam Society for Rural and Sustainable
Development",1316,"26840209 , 9444386295 ",P Muniyappan ,"Air Force Nagar, TSP Road, Veerapuram, Chennai, Tamil Nadu 600055",80.09517,13.19001
The Last Truth Foundation,6589,9146046444 ,,"MAJALGAON, MAJALGAON, Beed, Maharashtra 431142",76.136,19.19164
The Live Love Laugh Foundation,8427,41245860 ,Anisha ,"1st Cross, 9th A Main, Indiranagar Stage, Bengaluru Karnataka 560038",77.64218,12.9629
The National Association for the Blind,410,22045482 ,P.Vijayaraghavan ,"Khan Abdul Gaffar Road, Worli Seaface, Mumbai, Maharashtra 400030",72.81145,19.00093
"The New Liberation Education Economic
Development",195,"47455961 , 9840029773 ",Elijah John Mathew ,"Thalambur Main Road, Navalur, Chennai, Tamil Nadu 600130",80.22217,12.84784
THE NISTAR TRUST,11283,2290091 ,,"Gajapati Nagar Extension, Sales Tax Square, Berhampur, Ganjam, Odisha 760010",84.82659,19.31276
The Opentree Foundation,1133,"24388235 , 8080868235 ",Dilip ,"Jagruti Industrial Premises, VSNL colony, Mogul lane, Mumbai, Maharashtra 400016",72.84223,19.03701
The Prajnya Trust,589,"28152954 , 28152954 ",,"Prince Villa, Rajamannar Street, Chennai, Tamil Nadu 600017",80.23879,13.04331
The PRIDE India,3557,"26520601 , 21520602 ",Sangeeta Dasmohapatra ,"American School of Bombay, Bandra Kurla Complex, East, Mumbai, Maharashtra 400098",72.87022,19.06769
THE SAMAJH,11997,9999537998 ,,"Bhagwan Nagar, New Delhi, South East Delhi 110014",77.25907,28.57949
The Spastics Society of Tamilnadu,242,"22541651 , 29542377 ",L V Jayashree ,"CSIR Taramani Road, Chennai, Tamil Nadu 600113",80.24218,12.98622
THE YOGA INSTITUTE,11506,26110506 ,Prema Parab ,"The Yoga Institute, Shri Yogendra Marg, Prabhat Colony, Santacruz (East), Mumbai, Maharashtra 400055",72.84495,19.08349
Thendral Movement,1202,9443037394 ,P. Arockia Raymond ,"Thiru Nagar, Bharathi Nagar Extension, Ranipet, Vellore, Tamil Nadu 632403",79.3409,12.92936
THINKSHARP FOUNDATION,5329,9892742011 ,Santosh phad ,"Dream Complex, LBS ROad, Bhandup (W) Mumbai, Maharashtra 400078",72.93632,19.14645
THIRD PLANET FOUNDATION,12440,9811342299 ,,"Centrum Mall, Sultanpur, MG Road, Grover Furniture, New Delhi 110030",77.16102,28.49324
Thirumalai Charity Trust,12302,7358050560 ,,"Thirumalai Mission Hospital, Vanapadi Road, Ranipet, Vellore, Tamil Nadu 632404",79.32589,12.95683
Thozhan,12255,"9941142188 , 9445982844 ",Ganesh. J ,"Manju Garden, Pillaiyar Kovil Street, Nesapakkam, Chennai, Tamil Nadu 600078",80.19118,13.03732
Touching Lives Welfare Trust,4729,8104638406 ,Ankit Kanani ,"Carolyn bungalow, JBCN International school, Navagaon, Dahisar (W), Mumbai, Maharashtra 400068",72.8549,19.24826
Towards Future,769,9831630412 ,,"Dumdum Park, Keshab Apartment, Kolkata, West Bengal 700055",88.4186,22.61102
TRINAYANI,11408,"9769357390 , 28697390 ",,"Raj Arcade, Axis Bank, 90 Feet Road, Mahavir Nagar, Kandivali West, Mumbai, Maharashtra 400067",72.84082,19.21335
TRINITY CARE FOUNDATION,10069,9880396666 ,Binu Varghese ,"4th Main, Viveknagar Extension, Bengaluru, Karnataka 560047",77.62495,12.95202
"Trinity Foundation, West Bengal",11783,9733189550 ,,"Trinity Foundation, Champasari Road, Pradhan Nagar, Siliguri, Darjeeling, West Bengal 734003",88.41704,26.73567
Tropical Institute of Ecological Sciences,10769,"9633723305 , 2957050 ",Anoopa Mathews ,"Ecological Research Campus, K.K.Road, Velloor, Kottayam, Kerala 686501",76.61041,9.59897
Turning Opportunities for Upliftment and Child Help,2297,"9819453873 , 28982244 ",ASHA TAMBE ,"Anandrao Pawar School, L.T.Road, Vazira Naka, Borivali-West, Mumbai, Maharashtra 400091",72.84103,19.23003
"Turning Point Foundation, Nature Care and Drug
Rehabilitation Centre",498,9810790632 ,,"Dayal Market, Narela Road, Alipur, North West Delhi, Delhi 110036",77.13287,28.79724
Turnstone Global,2660,"9831042144 , 25460034 ",,"Om Tower, B.T. Road, Kolkata, West Bengal 700002",88.37762,22.61305
Tushita Retreat Public Charitable Society,13064,8988297623 ,,"Dharamkot, McLeod Ganj, Kangra, Himachal Pradesh 176219",76.32581,32.24631
Udaan India Foundation,3378,"9967885468 , 9987280883 ",Sushree Mishra ,"Shree Ganesh Nagar, Panchkutir, Powai, Mumbai, Maharashtra 400076",72.91122,19.12344
Udaan Welfare Foundation,3553,9819033773 ,,"FIONA, Hiranandani, Ghodbunder Road, Thane West, Thane, Maharashtra 400607",72.97599,19.24459
UDAYAM CHARITABLE TRUST,11101,2427370 ,,"NGO Cooperative Nagar, Trichy Road, Seelapdi-Po, Saviorit Semia, Dindigul, Tamil Nadu 624005",78.02497,10.44616
UMA EDUCATIONAL AND TECHNICAL SOCIETY,500,"2307097 , 2306439 ",K Narayana Reddy ,"Manovikas Nagar, Vakalapudi Panchayat, Rayudupalem, Kakinada, East Godavari, Andhra Pradesh 533005",82.26386,17.00375
Umang Foundation,6299,"25900222 , 9819940222 ",Pooja Agarwal ,"Nirmal Lifestyles, Lbs Marg, Mulund (W), Mumbai, Maharashtra 400080",72.93812,19.16595
Ummeed Foundation,6093,"9029320222 , 9769360339 ",Aman Niyaz ,"TMC School, Haji Yasin Surme, Shimla Park, Kausa, Thane, Maharashtra 400612",73.02505,19.16822
Unified Action Council,5673,"9437304022 , 2557151 ",,"GA Colony, Bharatpur, Bhubaneshwar, Khordha, Odisha 751029",85.77923,20.30571
United Way of Baroda,12437,"9537707322 , 2358091 ",Mrs. Nilam Acharya ,"Sidcup Tower, Race Course Circle, Marble Arch, Vadodara, Gujarat 390007",73.1645,22.31313
UNITED WORLD AGAINST DIABETES,12012,7276161511 ,,"Silver plaza, Fatima Nagar, pune, Maharashtra 411013",73.9013,18.50467
Universal Versatile Society,973,"9325044140 , 7350234754 ",Narayan Vitthalrao Solanke ,"Nagthana, Washim, Maharashtra 444510",77.05395,20.07962
UNIVERSE SIMPLIFIED FOUNDATION,11093,9820326007 ,,"Akanksha, Kalyan Complex, Versova, Andheri West, Mumbai, Maharashtra 400061",72.81109,19.13872
"UNNATI INSTITUTE FOR SOCIAL AND EDUCATIONAL
CHANGE",9804,9892103371 ,,"Nisargkrupa Building, Suyog Mangalkaryalay, Tilak Nagar, Dombivali (E), Thane, Maharashtra 421201",73.09389,19.2136
URBAN HEALTH RESOURCE CENTRE,2278,"26199771 , 26199771 ",,"Humayun Pur, Safdarjung Enclave, New Delhi 110029",77.19443,28.56164
Urja Trust,9706,"9819806266 , 7045991986 ",Ankita Kohirkar ,"Lattif Villa Compound, Ranjit Studio, Dada Saheb Phalke Marg, Dadar East, Mumbai, Maharashtra 400014",72.84227,19.01263
URJAVYA FOUNDATION,12490,7483118485 ,,"3A Cross, Temple Road, Shirdi Sai Nagar, Munnekolala, Bengaluru, Karnataka 560037",77.7141,12.94842
Utkal Sevak Samaj,805,"2444984 , 2443821 ",,"Mahanadivihar, Nayabazar, Cuttack, Odisha 753004",85.91718,20.46238
Utkalmani Yubak Sangha,11458,"9556395700 , 8458007858 ",,"Deuli, Badapara, Pattamaundai, Kendrapara, Odisha 754245",86.65305,20.54745
V Care Foundation,3421,"24141856 , 24141856 ",Jyoti Patil Shah ,"Om Residency, Tata Memorial Hospital, Bhoiwada Court, Parel East, Mumbai, Maharashtra 400012",72.84115,19.00027
VAILANKANNI HELPING HANDS CHARITABLE TRUST,12818,9884154218 ,,"Venkateswara Nagar, East phase, Kodungiyur, Chennai, Tamil Nadu 600118",80.25045,13.14091
Vaishnavi Welfare and Charitable Trust,9299,9884276336 ,Deepa Jagan ,"Sangath Apartments, MGR Nagar, AGS Colony, Velachery, Chennai, Tamil Nadu 600042",80.21305,12.9785
VALLALAR EDUCATIONAL TRUST,2461,"235485 , 235485 ",,"Gingee Main Road, Kanjanur, Viluppuram, Tamil Nadu 605203",79.46005,12.07578
Vanavil Trust,6214,"9442549411 , 245417 ",Dinesh Sundaramurthy ,"Keezhakarayiruppu , Sikkal Post, Nagapattinam, Tamil Nadu 611008",79.84062,10.7769
VASANTHARATNA FOUNDATION FOR ARTS,5916,9886650997 ,LAKSHMI SUBRAMANIAN ,"Lower Palace Orchards, Sankey Road, Sadashivnagar, Bengaluru Karnataka 560003",77.584,13.00216
Vatsalya Society,1140,"6656172 , 9829013718 ",Manju Kanwar ,"Mangal Marg, Bapu Nagar, Jaipur, Rajasthan 302015",75.80404,26.88851
VESSO Trust,12953,9908749247 ,Bangaru Srinivas ,"Sai Residency, Krishna Nagar, Bholakpur, Secunderabad, Hyderabad, Telangana 500080",78.50035,17.42416
Vidya Bharati Foundation,1317,"9824441408 , 26930108 ",Sajid Kureshi ,"Uday Raw House, Mohankrupa Society, Vejalpur Railway Track, Satellite, Ahmedabad, Gujarat 380015",72.51896,23.02086
Vidya Poshak,217,"2747357 , 9845038017 ",Venkatesan N ,"Nagarkar Colony, Mahishi Road, Malmaddi, Dharwad, Karnataka 580007",74.88355,15.43029
Vidya Sagar,138,"22354784 , 22354980 ",Shankari Nair ,"Ranjith Road, Kotturpuram, Chennai, Tamil Nadu 600085",80.23921,13.01965
Vidyadaan Sahayyak Mandal Thane,8764,9323959433 ,Karan Pardesi ,"Khopat, Thane (W), Maharashtra 400602",72.9711,19.19803
VIDYARANYA,509,"22862622 , 9343207349 ",D Baskaran ,"Mandur, Virgonagar, Bengaluru Karnataka 560049",77.71469,13.02382
Vijay Krida Mandal,708,"25959812 , 25949395 ",Gautami Gosavi ,"Sai Hill, T. P. Road, Bhandup (W), Mumbai, Maharashtra 400078",72.92604,19.14953
"Vishala Grameena Mahilayara Mathu Makkala
Abhivrudhi Samsthe",12716,278027 ,M.K.Shiekh ,"Vishala, Laxmi Temple, Venkateshnagar, Bijapur, Karnataka 586101",75.74815,16.84253
"VISHWAS DYAN PRABODHINI & RESEARCH
INSTITUTE",8372,"2305605 , 2305605 ",Sachin Hande ,"Neeraj Heights, Thakur Residency, Sawarkar Nagar, Gangapur Road, Nashik, Maharashtra 422013",73.76225,20.01624
"VISHWAS VISION FOR HEALTH WELFARE AND
SPECIAL NEEDS",1078,2580323 ,Shobha Rustagi ,"VISHWAS, Sector 46, Arya Samaj Road, Jal Vihar, Unitech Cyber park, Gurugram Haryana 122002",77.09722,28.48127
Vivekananda Youth Forum,5330,9833302122 ,Jayshree ,"Firdaus, Juhu, Mumbai, Maharashtra 400056",72.82872,19.10491
Voice of People,10335,9051641007 ,,"Spandan, Nutandiyarah, Nayabad Rajpur, Sonarpur Municipality, Kolkata, South 24 Parganas, West Bengal 700150",88.44489,22.4641
"VOLUNTARY INTEGRATION FOR EDUCATION AND
WELFARE OF SOCIETY",3436,9937381255 ,,"Markandi, Gopalpur Ganjam, Odisha 761002",84.89002,19.27283
VOYAGE EDUCARE FOUNDATION,12430,9833962072 ,,"Asmita Ankur, Mira Nursing Home Lane, Naya Nagar Road East, Road, Thane, Maharashtra 401107",72.85657,19.2924
We Can Learning Resource Institute,10888,9831216636 ,Dhruv Sharma ,"Kiran Apartment, Ballygunge Circular Road, Kolkata, West Bengal 700019",88.36104,22.52765
WHAKAPAPA FOUNDATION,13277,7904599095 ,J L Abinaya ,"Whakapapa Foundation, Barnaby Road, Kilpauk, Chennai, Tamil Nadu 600010",80.24036,13.08366
WILDLIFE CONSERVATION FOUNDATION,10263,4033300 ,,"Hebbal Industrial Area, Phase-1, Mysore, Karnataka 570018",76.60284,12.37089
Winner With You,11205,9486820007 ,P. K. Singh ,"Bela Bel Taul, Harli, Barkagaon, Hazaribag, Jharkhand 825311",85.26009,23.8362
WINTER OF LIFE SOCIETY,11533,"9310369389 , 42509389 ",SANTOSH KUMAR SHARMA ,"ODEON PLAZA II, SECTOR 10, DWARKA, NEW DELHI, South West Delhi 110075",77.05752,28.59087
WinVinaya Foundation,12510,9676433359 ,Seethalakshmi Kuppuraj ,"Brindavan, 3rd cross, Saraswathi Puram, Bengaluru Karnataka 560076",77.60496,12.88504
"Women Organisation for Rural Development
(WORD)",3596,9437251373 ,,"Khajuria, Akul, Sirigida, Keonjhar, Odisha 758076",85.4162,21.26836
WOMENITE,10431,9717973658 ,,"Mianwali Nagar, New Delhi, West Delhi 110087",77.08955,28.67981
"Womens Education and Economic Development
Society",1373,"9003052052 , 9952028724 ",P. Arul Doss ,"Sri Kamatchi Avenue, Melmanagar, Mangadu, Chennai, Tamil Nadu 600122",80.10911,13.03019
Women'S India Trust,896,"24462768 , 24469907 ",Shyamla Nath ,"New Udyog Mandir, Moghul Lane, Mumbai, Maharashtra 400016",72.84668,19.03691
WORD Women's Organisation in Rural Development,954,"9443420753 , 291101 ",M. Rajmohan ,"Kavin Harsha Complex, Namakkal, Tamil Nadu 637001",78.15938,11.2295
WORLD GREEN LINE,12278,9334487733 ,,"City Center, Sector 4, bokaro Steel City, Bokaro, Jharkhand 827004",86.1471,23.66575
WWH (WE WILL HELP) CHARITABLE FOUNDATION,5687,9833894438 ,VARSHA KULKARNI ,"Aarohi CHS, Tata Bungalow, Bhawani Nagar, Marol Maroshi Road, Andheri East, Mumbai, Maharashtra 400059",72.87692,19.1205
Yash Charitable Trust,9551,"9892418057 , 7738060290 ",Ashaita Mahajan ,"Fiona, Juhu Tara Road, Mumbai, Maharashtra 400049",72.82703,19.1122
Yerala Projects Society,1176,"2671318 , 9423035953 ",Arun Khandagale ,"Tata Petrol Pump, Sangli-Miraj Road, Vishrambag, Sangli, Maharashtra 416415",74.59877,16.84757
Yes I Can Foundation,12169,8108559656 ,,"Nakshtra CHS, Sector 1, Navi Mumbai, Thane, Maharashtra 400705",73.00447,19.06365
You Can Free. us India Trust,10533,"9920987990 , 9582417775 ",,"Saraswat Colony, Talmakki Road, Santacruz West, Mumbai, Maharashtra 400054",72.8327,19.08067
Youth Association for Voluntary Action and Rural Dev,2563,9438142338 ,,"Sukhapali, Sundargarh, Odisha 770040",84.9371,21.88036
Youth for Social development,1567,"8114397760 , 9937190060 ",Birajini Devi ,"Govinda Vihar, Ruby Eye Hospital, Lochapada, Berhampur, Ganjam, Odisha 760001",84.79745,19.31249
"YOUTH OF KODAGANALLUR ENDEAVOUR (YOKE)
SOCIETY",10633,"9442156320 , 8489465020 ",R Vasudevan ,"Agraharam Street, Kodaganallur, Tirunelveli, Tamil Nadu 627010",77.59145,8.7115
YUVA PAHAL SANSTHAN,12633,9694081225 ,Raaj Kumar ,"Rsm School, Parihar Nagar, 80 Feet Road, Bhadwasiya, Jodhpur, Rajasthan 342007",73.06074,26.3172
ZARIYA WELFARE FOUNDATION,12336,9993164658 ,,"Bangla Street, Mandi, Himachal Pradesh 175001",76.9347,31.71115
"(VICAS) VOLUNTARY INSTITUTE FOR COMMUNITY
APPLIED SCIENCE",7495,9450961953 ,,"ADA, NAINI, Allahabad, Uttar Pradesh 211008",81.87353,25.40376
`Sahaj' (An Organisation for Women's Development),6485,"245215 , 245215 ",Vijayprakash Jani ,"Desai Automobile Compound, Garbada Road, Padav, Dahod, Gujarat 389151",74.26154,22.82913
A Giggles Welfare Organisation,6085,"9350644483 , 41010774 ",Anshul Bhardwaj ,"Block C, South Extension, New Delhi 110049",77.21528,28.56217
A New Friends Club,9383,9031313636 ,,"VPO Nidana Jind, BSNL Exchange, Nidana, Haryana 126114",76.34862,29.23772
"AADARANA-The Home for Orphaned and Needy
Students",11327,"8008005535 , 9704292814 ",Anil Kumar Salluri ,"Krishna Nagar Colony, Saroor Nagar, Sri Sai Function Hall, Hyderabad, Rangareddy, Telangana 500074",78.53896,17.34324
AAJEEVIKA EDUCATIONAL TRAINING FOUNDATION,7209,9300107986 ,,"MAHAKAUSHAL NAGAR, ADHARTAL, JABALPUR, Madhya Pradesh 482004",79.93952,23.20098
AAKANKSHA-VISION FOR A BETTER SOCIETY,12006,"8639314749 , 9908001054 ",Battula Gayatri ,"Bangaraiah Kottala, Vasanthapeta, Proddutur, Kadapa , Cuddapah, Andhra Pradesh 516360",78.53372,14.80344
AANANDAM TRUST,8793,9910445519 ,,"Yusuf Sarai, Delhi, South Delhi 110016",77.20782,28.55961
AAPKA SHARA FOUNDATION,12463,"7977196186 , 9820016664 ",Eshanika Mehta ,"Indradarshan Phase 2, Tarapore Gardens, Andheri West, Mumbai, Maharashtra 400053",72.82813,19.13485
Aarambh,1170,"27680965 , 27680965 ",Suchaita Tenneti ,"Gyan Vikas Kendra, Opp Turbhe Railway station, Thane, Maharashtra 400703",73.01471,19.07655
Aarjava Welfare Society,9959,"8334011163 , 8334011160 ",Bhaskar Chatterjee ,"Uday Shankar Sarani, Golfgreen, Kolkata, West Bengal 700095",88.36048,22.49148
AAROGYAA FOUNDATION FOR HEALTH PROMOTION AND COMMUNITY BASED REHABILITATION,8559,9934691872 ,,"Lic Office, Hospital Road, Sitamarhi, Bihar 843302",85.4413,26.56588
AAS Samiti,4654,"2571573 , 4089521 ",,"Hare Krishna VIhar Colony, Nepania, Indore, Madhya Pradesh 452010",75.93274,22.75299
AASARA MULTIPURPOSE SOCIETY,11695,8550990807 ,,"Raza residency, Pawa Buddha Vihar, Borgaon, Nagpur, Maharashtra 440013",79.03382,21.19288
AASHALATA VICTORIA WILKINSON MEMORIAL CHARITABLE TRUST,2374,"9910002002 , 9910102002 ",Rajeev Rockwell ,"DDA Flats Saket, New Delhi 110017",77.22929,28.53471
Aashray Society,9396,"4213440 , 4213440 ",Anil Dutt Tewari ,"ATS Greens, Sector 93A, Noida, Gautam Buddha Nagar, Uttar Pradesh 201304",77.38181,28.51688
AASRA CHARITABLE TRUST,12539,9024687560 ,,"Lakkar Mandi, Sri Karanpur, Ganganagar, Rajasthan 335073",73.45519,29.84042
ABHAYA KSHETHRAM CHARITABLE TRUST,5239,9291225514 ,Dr.S.A.THASLEEM SULTHANA ,"BISMILLA NAGAR, RENIGUNTA CHITTOOR, Andhra Pradesh 517520",79.4975,13.63238
ABHINAV,6072,"8057901700 , 2660084 ",,"Vishnu Vihar, Jansath Road, Muzaffarnagar, Uttar Pradesh 251001",77.70761,29.46357
ABHIVRUDDI SOCIETY FOR SOCIAL DEVELOPMENT,12698,2280404 ,Joyce Pereira ,"2nd Cross, TUDA Layout, Manjunathanagara, Kyathasandra, Tumkur, Karnataka 572104",77.14776,13.31205
"Academicians Association for Liberation, Peace and
Education",11042,2424686 ,,"Akasapu Krupa Nilayam, Luthergiri, Municipal Colony, Rajahmundry, East Godavari, Andhra Pradesh 533105",81.77959,17.03061
ACE Social Foundation,9183,9966614410 ,Rosheena Ismail ,"NCR Subbamma Towers, Uma Nagar, Begumpet, Secunderabad, Hyderabad, Telangana 500016",78.45832,17.437
"ACT TO RISE FOR INNOVATION IN SPECIAL
EDUCATION (ARISE)",12194,"2184602215 , 9216303265 ",,"Sector 35D, Chandigarh 160035",76.7586,30.72023
"ACTION FOR EXCELLENCE IN CHILDREN AND
WOMEN FOUNDATION",8670,7042998570 ,,"Triveni Apartments, Sheikh Sarai Phase 1, Apeejay School, New Delhi 110017",77.2236,28.53635
"Active Society for Integrated Development &
Management",5529,"2689112 , 9754026680 ",Dinesh Parsai ,"K Sector, Ayodhya Nagar, Bhopal, Madhya Pradesh 462041",77.46576,23.27729
ACTS MINISTRIES,4479,"9733061157 , 9475301035 ",Sr. Hannah Murmu ,"Saldanga, Singai Jamuna, Keshiary, West Medinipur, Bengal 721133",87.23446,22.11674
Adarsh Charitable Trust,309,3260691 ,S.Aswinkumar ,"X/584 B Opp.Agasthya Ashram, Puthiya Road, Ernakulam, Kerala 682305 ",76.32247,10.06633
Adarsh Samaj Sahayog Samiti,11735,9873342449 ,,"H. No. 909, Sector-9, Near Snt. anthony School, Faridabad-121006, Faridabad, Haryana 121006 ",77.33398,28.37585
Adarsh Seva Samiti,11091,,,"H-724, first , Palam Extension, Sector-7, Dwarka, New Delhi 110077 ",77.06796,28.58519
Adarsh Shaikshanik Va Bahuuddeshiya Sanstha,12100,9422986608 ,,"At Shipur, Miraj, Sangli, Maharashtra 416410 ",74.65019,16.8153
Adarsh Shiksha Samiti,6076,"294576 , 2471747 ",Narayan Sen ,"Patelwada, Salumber, Udaipur, Rajasthan 313027",74.11695,24.15303
"Adi Sanatan Institute of Bioforce Improvement and
Research (A.I.V.I Research)",11863,9308321870 ,,"Maharaja hata, Bhojpur, Bihar 802301",84.37975,25.63259
Aditya Nagraj Charitable Trust,846,"270176 , 9421188988 ",Balaji Ippar (Dr) ,"Loha road, Palam, Parbhani, Maharashtra 431720",76.99953,19.02568
"ADITYA NIRMAL SOCIETY FOR WORKS IN EARTHLY
REFORMERS",2056,"4037041 , 9977536342 ",,"Orbit Mall, AB Road Indore, Madhya Pradesh 452010",75.89394,22.74538
ADIWASI SANRACHANA SEVA SANSTHAN,12261,"9685738928 , 9399384356 ",Vinit Goswami ,"Barbatpur, Shahpur Betul, Shahpur, Madhya Pradesh 460440",77.91698,22.19861
Adiwasi Vanwasi Sewa Kendra,12752,9555320020 ,,"Chawani Mohalla, Bhabhua, Kaimur, Bihar 821101",83.62003,25.07006
AGAM FOUNDATION,9796,7200072198 ,Balachandar.B ,"sakthi complex nanjundapuram road, ramanathapuram, Coimbatore, Tamil Nadu 641045",76.99652,10.99491
AGNESH MULTI PURPOSE DEVELOPMENT SOCIETY,11061,9441217971 ,,"Pathalapalli, Ananthasagar Mandal, Sri Potti Sriramulu Nellore, Andhra Pradesh 524301",79.31624,14.54344
AGNI FOUNDATION,6544,"24333414 , 9445024409 ",Vijayakumar R ,"Agni Business Center, K.B.Dasan Road, Alwarpet, Chennai, Tamil Nadu 600018",80.25014,13.03532
AGNI SIRAGUGAL CHARITABLE TRUST,7308,8190076323 ,,"West Raja Street, Kancheepuram, Tamil Nadu 631502",79.70324,12.83783
Agrasar,4835,9810891859 ,Prerit Rana ,"South City 1, Signature Tower, Gurugram, Haryana 122001",77.0581,28.46678
AGRICULTURAL DEVELOPMENT TRUST BARAMATI,8950,"254256 , 254256 ",Nilesh Nalawade ,"Shardanagar, Malegaon colony, Baramati, pune, Maharashtra 413115",74.51195,18.11708
AHEAD,5017,9831121749 ,Paroma Banerjee ,"Shree Baijnath Jalan Bhavan, PGM Shah Road, Kolkata, West Bengal 700095",88.35575,22.49786
Ahvaan Trust,8724,"43065221 , 8800722655 ",Sayantani Gaddam ,"Himalaya House, Kasturba Gandhi Marg, New Delhi 110001",77.22482,28.62395
AIDE ET ACTION (INDIA),1297,"28365516 , 28365520 ",Aishwarya Mahajan ,"Dev nagar,Tonk Road, Jaipur, Rajasthan 302015",75.79646,26.86598
Akar Samajik Sanstha,10623,"8898468852 , 8433708007 ",,"BMC Colony, Mount Merry School, Malavani Malad West, Mumbai, Maharashtra 400095",72.80899,19.19075
Akhanda Seva for International Shanti,311,9945100945 ,Tracy Kunichika ,"Sharadaniketan Road, Roopa Nagar, MK Halli Post, Mysore, Karnataka 570026",76.53603,12.28335
Akhil Sanskritik Sansthan,7754,9415173630 ,,"Bantla,Waltarganj Govindnagar , Basti,Uttar Pradesh 272185",82.67505,26.72999
AKSHAR FOUNDATION,10907,"9706006555 , 9435049550 ",Parmita Sarma ,"Basisthapur, Beltola Road, Guwahati, Assam 781028",91.79846,26.12019
AKSHAYA AAHARA FOUNDATION (R),10383,"9148987375 , 2570969 ",Vishwanath A ,"Moksha Marga, Siddhartha Layout, Mysuru, Karnataka 570011",76.68342,12.30561
AL- FAROOQUE EDUCATIONAL TRUST,12917,9437867786 ,Mohammad Tohidur Raheman ,"Mahmoodabad, Goudagopa, Kendrapara, Odisha 754211",86.41893,20.5094
ALDU FOUNDATION,12523,8248355154 ,,"Priya Nagar, Kancheepuram, Chennai, Tamil Nadu 603211",80.04702,12.87261
All India Pickleball Association,2061,"26864839 , 26864839 ",,"Dhavalgiri, Sonawala Road, Goregaon East, Mumbai, Maharashtra 400063",72.85184,19.15281
"ALL INDIA WOMEN'S CONFERENCE BOMBAY
BRANCH",7941,"26206154 , 26608606 ",Mrs. Sheela Kakde ,"Savitri Sadan, N S 12th Road,JVPD Scheme, Juhu, Mumbai, Maharashtra 400049",72.82821,19.11065
"All J&K Pasmanda Tabka Development Welfare
Society",7682,9596745929 ,Ms.Sabreena ,"Firdous Abad, New City Hospital, Batamaloo, Jammu and Kashmir 190009",74.79228,34.07343
ALTERNATIVE FOR RURAL MOVEMENT,6886,"253424 , 9040127260 ",Rajendra Rana ,"Parulia, Asti, Balasore, Baleswar, Odisha 756026",87.28745,21.6784
Amar Seva Sangam,314,"249170 , 249180 ",Rajeshwaran R ,"Sulochana Gardens, Tenkasi Road, Ayikudy, Tirunelveli, Tamil Nadu 627852",77.35463,9.01186
Amar Trishala Seva Ashram,11828,9835442595 ,,"SIRKHIRIYA, SITAMARHI, Bihar 843117",85.80776,26.56213
"AMARA SABAI KAILASPUR NANDAKUMARPUR
JOUTHA SANSTHA",5007,"9434245953 , 7980200170 ",SATYA NARAYAN BARMAN ,"SRINAGAR WEST, PANCHASAYAR, KOLKATA, West Bengal 700094",88.40413,22.47066
"Amba Angels Parents Association for Special
Children",9060,8690775839 ,Devanshu Ganatra ,"Sanatan-1, Sector 4, Amba School, Trimandir, Adalaj, Gandhinagar, Gujarat 382421",72.58429,23.16922
Amcha Ghar,893,"28451022 , 28451022 ",Kavita Shetty ,"Deep Sagar, Light House Road, Mothagaon, Uttan, Bhayander West, Thane, Maharashtra 401106",72.81043,19.29296
AMDAVAD JILLA GRAMODHYOG SANGH,10564,9825763824 ,Chintan ,"Shayona Darshan Bunglows, New Gujarat High Court Ghatlodia, Ahmedabad, Gujarat 380061",72.54311,23.06951
AmeriCares India Foundation,1905,28598748 ,Fazilat Biviji ,"Chimatpada, Marol, Andheri (east), Mumbai, Maharashtra 400059",72.87838,19.10571
Amhi Amchya Arogyasathi,633,"9422123016 , 9689371320 ",Shubhada Deshmukh ,"Kurkheda, Gadchiroli, Maharashtra 441209",80.29855,20.58482
Amitabha Buddhist Society,11146,9527725596 ,,"Kranti Chow, Bopodi, Pune, Maharashtra 411020",73.83278,18.56869
Amitie Trust,9320,"60506020 , 60506020 ",Deshapriya Mahapatra ,"Kailash Apartment,23 Daw’s Temple Road, Bally, Howrah, West Bengal 711201",88.3445,22.6464
AMMA CHARITABLE TRUST,7088,9959553052 ,,"NEHRU NAGAR, TIRUPATI, Chittoor, Andhra Pradesh 517501",79.42368,13.63003
ANAHAD FOUNDATION,9433,9811545089 ,Shuchi Roy ,"Pocket D, Mayur Vihar 2, New Delhi, 110091",77.296,28.61899
ANAND SWAROOP SOCIAL TRAINING CENTER,7456,9452342032 ,,"SINGHPUR, AZAMGARH, Uttar Pradesh 276600",83.20761,25.87147
"ANANT EDUCATIONAL SOCIAL AND CULTURAL
SOCIETY GADHINGLAJ",11254,9850276478 ,,"Hujare Galli, Gadhinglaj, Kolhapur, Maharashtra 416502",74.35752,16.21608
Anatarrastrya Pariwar Sewa Sansthan,668,"2253299 , 2253299 ",,"Shiv Savitripuram, Humaunpur North, Gorakhpur, Uttar Pradesh 273015",83.36273,26.76778
ANGEL HOME OF WOMENS TRUST,1420,"9442843937 , 9789499558 ",Cruze Jesudoss ,"Green Cross Service Center, Sholavandan Main Road, Thenoor, Madurai, Tamil Nadu 625402",78.05386,9.99683
ANGEL SOCIAL DEVELOPMENT AND RESEARCH ASSOCIATION,10637,9993359874 ,,"Simran Homes, Govindpura, Bhopal, Madhya Pradesh 462023",77.44534,23.25678
Angel Xpress Foundation,4804,"9930070086 , 9892789813 ",Anwar Shaikh ,"Satguru Dhrishti, Khar Pali Road, Mumbai, Maharashtra 400052",72.83069,19.06859
"Animal and Human Development Social Welfare
Society",11103,7717736448 ,,"Mokama Patna, Barbigha, Sheikhpura, Bihar 811101",85.771,25.20703
"Animal matter to me, Mumbai",1901,9819380310 ,Anand Joshi ,"Blue Meadows, Jogeshwari east, Mumbai, Maharashtra 400060",72.86327,19.13643
ANIMAL WARRIORS CONSERVATION SOCIETY,12983#content,9121531317 ,,"Bank Colony, Alwal, Hyderabad, Telangana 500015",78.49487,17.50224
Animedh Charitable Trust,12132,"40330020 , 9819059987 ",Rupesh Patel ,"Raheja Plaza, New Link Road, Andheri West, Mumbai, Maharashtra 400053",72.83542,19.13586
ANIRBAN RURAL WELFARE SOCIETY,6205,9830389745 ,,"Gondia Office Bhadura, Gondia Police Ramnagar, South Parganas, West Bengal 743504",88.15411,22.31796
Anjal Trust,9105,"2711242 , 2711242 ",,"Shivali, Gokuldham Society, Sama Road, Vadodara, Gujarat 390008",73.19414,22.33872
Ankur- Society for Alternatives in Education,9648,"46552197 , 8860616526 ",,"National Park, Lajpat Nagar IV, New Delhi 110024",77.23673,28.56258
ANKUR YUVA CHETNA SHIVIR,7354,"4022358 , 9839072981 ",Dr.Khushwant Singh ,"SECTOR 2, VIKAS NAGAR, MAMA CHURAHA, LUCKNOW, Uttar Pradesh 226022",80.96269,26.89705
Anmol Educational & Social Welfare Society,5189,9910756368 ,,"ASOLA Fatehpurberi, South Delhi 110074",77.18412,28.45778
Annamrita Foundation,228,"23531530 , 23531530 ",Achyut Patil ,"Jaywant Industrial E, Tardeo Road, Mumbai, Maharashtra 400034",72.81267,18.97541
ANTARA,4950,9836133250 ,,"Antara, Dakshin Gobindapur, Kolkata, South 24 Parganas, West Bengal 700145",88.40882,22.38701
ANTARANG FOUNDATION,6002,"40050164 , 40050943 ",Shubhangi Narkar ,"Tawripada Compound, Dr SS Rao Road, Lalbaug, Mumbai, Maharashtra 400012",72.83836,18.99293
"Antazilla Gram Unnayan Parishad (Inter rict Rural
Development Council)",600,22190554 ,,"CIT Scheme VII, Kolkata, West Bengal 700054",88.39065,22.5845
ANTI-POLLUTION DRIVE FOUNDATION,10451,4270008 ,,"City Light Building, Balmatta Road, Mangalore, Dakshina Kannada, Karnataka 575001",74.84505,12.86966
Antyodoy Anath Ashram Paunsi,12682,"8536835042 , 9932671081 ",Manoj Kumar Dey ,"Paushi, Bhagwanpur II, Bhupatinagar, Purba Medinipur East, West Bengal 721444",87.70981,21.864
Anubhav Pratishthan Trust,10355,"9422691335 , 266875 ",,"Jakhotia Arcade, Shilphata, Khalapur, Raigad, Maharashtra 410203",73.28392,18.76959
Anum Foundation,11229,9892648367 ,,"Shivaji Nagar, Juhu tara road, Santacruz, Mumbai, Maharashtra 400049",72.82684,19.10299
Anupam Mahila Chetna Samiti,7342,9431976591 ,,"Rabindra Path, Mission Hospital Road, Hazaribag, Jharkhand 825301",85.36338,23.99166
Appropriate Rural Technology Institute,7015,24390348 ,Mr.Mahesh Siddheshwar ,"Maninee Apartments, Narhe Road, Dhayarigaon, Pune, Maharashtra 411041",73.82083,18.45362
ARAMBHA FOUNDATION,11221,8779685980 ,,"Sector 19, Koperkhairane, Thane, Maharashtra 400709",73.00904,19.10272
ARANYA FOUNDATION,9456,8860635300 ,Mr Kunwar Rajal Arora ,"Sector 51, Gurugram, Haryana 122002",77.05699,28.47017
ARANYA VIKASA,9782,"9448928730 , 9481217210 ",N. Balakrishnaraj ,"Aranya Vikasa, Vruddi, Vinobha Nagar, Shivamogga Shimoga, Karnataka 577204",75.5568,13.95251
Aranyaka,8528,9437037775 ,,"Talmul,Angul,Odisha 759040",85.18793,20.71318
Arbode Gramya Vikas Shiksha Samiti,10613,"9756853006 , 7088899923 ",,"Balajipuram, Kichha Kishanpur, Udham Singh Nagar, Uttarakhand 263148",79.5118,28.93269
ARDEES FOUNDATION,11378,9825412365 ,,"Antrix Bhavan, Maher Nagar Society, B.A.P.S. Hospital, Adajan Circle, Surat, Gujarat 395009",72.79495,21.1985
Arthved Foundation,7001,"9601531531 , 9228141471 ",,"Aakash Ganga Society, Dakor Road, Kapadvanj, Kheda, Gujarat 387620",73.08051,23.01232
ARUNODAYA TRUST,12215,27981250 ,Ranjan Babu ,"Ex Servicemen Colony, Balaji Nagar, Jawahar Nagar Municipality, Kapra Mandal, Medchal, Telangana 500087",78.57082,17.51588
"ASHA COMMUNITY HEALTH AND DEVELOPMENT
SOCIETY",10179,26196857 ,Amitava Mazumder ,"Asha Community Health & Development Society Ekta Vihar, R.K. Puram Sector 6, New Delhi 110066",77.18816,28.56714
Asha Deep Foundation,5500,"9810009497 , 2626309 ",Sr.Jothi Chetty ,"J&K Pocket, Dilshad Garden, East Delhi 110095",77.32772,28.68188
ASHADEEP MULTIPURPOSE SOCIETY,7920,"9422106850 , 9405906332 ",,"Gurukripa Appartment, Vaishali Nagar, Binaki Road, Nagpur, Maharashtra 440017",79.11363,21.17059
"Ashadeepa Angavikalara Sarva Abhiwruddhi Seva
Samsthe",12628,9986509910 ,Santosh Haragi ,"Mahantesh Film theatre road, Kathari Hospital old building, Hunagund, Bagalkot, Karnataka 587154",76.20945,15.9721
Asha-Kiran Shelters Foundation,1335,"9226104518 , 26151600 ",,"Rajaram Apartments, Poona Medicals, Koregaon Park, Pune, Maharashtra 411001",73.89382,18.53679
Ashirwad Viklang Trust,207,"281185 , 281184 ",Anjana Acharya ,"Ashirvad Viklang Trust, Sayla, Surendranagar, Gujarat 363430",71.48375,22.50871
ASHRAY,12933,9304059729 ,,"Dangalpara, Madhupur, Deoghar, Jharkhand 815353",86.65364,24.25825
Ashwamegh Gramin Vikas Trust,3603,9421530799 ,,"Nalini Kunj, Fagane, Dhule, Maharashtra 424301",74.88271,20.88881
Ashwini Charitable Trust,4682,"9243198157 , 40924050 ",Radhika Arvindam ,"St. John'S Road Cross, Ulsoor Lake, Bengaluru Karnataka 560042",77.61722,12.98861
"Association for Biodiversity Conservation & Research
(ABC)",10948,8895577750 ,Dr. Gobinda Chandra Biswal ,"Devine colony, Azimabad, Balasore, Baleswar, Odisha 756001",86.92565,21.4889
ASSOCIATION FOR COMMUNITY TRAINING,8423,"240239 , 240239 ",A.J.Thangaraj ,"Mugaiyur, Thirukovilur, Viluppuram, Tamil Nadu 605755",79.31774,11.96217
"ASSOCIATION FOR NEGLECTED GROUP AND
EVANGELICAL LEADERSHIP",7004,"9938168551 , 9348605166 ",,"Kuchinda, Sambalpur, Odisha 768222",84.33557,21.72907
"ASSOCIATION FOR PEOPLES ADVANCEMENT AND
ACTION RESEARCH",2067,"224541 , 9634566787 ",,"Rama Ashram,Takana Road, Pithoragarh, Uttarakhand 262501",80.21208,29.58283
"Association for Rural Area Social Modification
Improvement and Nestling",8318,9437038275 ,Bikash Ranjan Rautray ,"Gressingia, G. Udayagiri, Kandhamal, Odisha 762100",84.34305,20.13948
"ASSOCIATION FOR RURAL WOMEN'S EDUCATION
FOR LIBERATION",10565,9176673062 ,Venkat ,"R P Road, Velmurugan Nagar, Hasthinapuram, Chrompet, Chennai, Tamil Nadu 600049",80.14911,12.9394
Association for Social & Environmental Development,820,"24235100 , 9831153372 ",,"Golf Club Road, Kolkata, West Bengal 700033",88.34879,22.49623
ASSOCIATION FOR SOCIAL HEALTH IN INDIA,6695,"23233428 , 11232334 ",Mrs. Alka Bipin Sharma ,"ROUSE AVENUE INSTITUTIONAL AREA, Central Delhi 110002",77.24404,28.63734
Association For Stimulating Know- How,12229,4060353 ,Nishtha Paliwal ,"DLF Phase III, Gurugram, Haryana 122002",77.09755,28.49494
ASSOCIATION FOR VOLUNTARY ACTION,5337,"49211111 , 49211138 ",YOGESH KUMAR SHARMA ,"KALKAJI, South Delhi 110019",77.24621,28.54359
Astha Gram Seva,6797,0993139259 ,,"jamui, Bihar 811307",86.20583,24.92935
Atghara Jyoti Mohila Udyog,8716,9163356909 ,PK SINHA ,"Atghara East, Gopalpur, Kolkata, North 24 Parganas, West Bengal 700136",88.45724,22.63466
ATMA FOUNDATION,5408,"2325232 , 9400995232 ",Parvathy G ,"Surya Gardens, Paliyam Road , Trichur, Kerala 680001",76.21288,10.52949
ATMA VANI WELFARE SOCIETY,3016,9335317527 ,,"BARRA-6, KANPUR, Uttar Pradesh 208027",80.2938,26.43496
AUM Education Seva Trust,1113,"27689676 , 9444815958 ",S R MUKUNDHAN ,"Bajanaikoil Street 89 Veppampattu, Tiruvallur, Tamil Nadu 602024",80.02773,13.11208
"Aurosikha Welfare Centre for Rural & Social
Development",11751,9338769019 ,,"TARASUNDARIROAD, LINGARAJ NAGAR, OLD TOWN, BHUBANESWAR, Odisha 751002",85.83074,20.238
Avadh Jan Kalyan Samiti,10568,8004793591 ,,"Gangotri Nagar, Reewa Road Dandi Naini, Allahabad, Uttar Pradesh 211008",81.85868,25.39864
Avanti Fellows,8418,9846452228 ,Aishwarya Geete ,"Pashchimi Marg, Vasant Vihar, New Delhi 110057",77.15597,28.56121
AVISHKAR (Association for Village Institutions Social Health Agriculture and Rural Development),8777,"2256730 , 2256730 ",,"Sapthagirinilya, TUDA office, Adarshanagar, Tumkur, Karnataka 572103",77.12192,13.33923
AZAD SHIKSHA KENDRA,7231,9415315484 ,,"Rameshwer Shishu Vihar, Mohalla Rasmandal, Sada, Jaunpur, Uttar Pradesh 222001",82.7257,25.752
BAAL & MAHILA SHIKSHAN PRASARAK MANDAL,6358,9867463688 ,Mrs Aparna S. Jadhav ,"Dr Ambedkar Chowk, Subhash Tekadi, ULHASNAGAR, Thane, Maharashtra 421004",73.16778,19.20826
BABUL FILMS SOCIETY,6571,9618082288 ,Renu ,"Saregama Apartment, International School, Shaikpetnala, GOLCONDA, Rangareddi , Hyderabad, Telangana 500008",78.40897,17.38123
Badlao Foundation,728,"2535103 , 228592 ",Arvind ,"Chittaranjan Station Road, Mihijam, Jamtara, Jharkhand 815354",86.87847,23.858
Bagnan Human Rural Development Society,9227,9831194195 ,,"Beral, Chitnan, Howrah, West Bengal 711303",87.84898,22.54617
Bal Mangal Educational Trust,10752,9874206624 ,,"Anshuman Kumar SIngh, Adarsh Palm Retreat Tower, Devarabisenahalli, Outer Ring Road, Bengaluru, Karnataka 560103",77.6905,12.9281
Bal Umang Drishya Sanstha,7924,9811449457 ,Yawar Qaiyum ,"Green Park Main, New Delhi 110016",77.20402,28.55825
Bala Vikasa Social Service Society,5576,"9849165890 , 2459287 ",,"Siddharthanagar, NIT, Kazipet, Warangal, Telangana 506004",79.51756,17.98326
Balajothi Centre for the Disabled,327,"23541940 , 23541940 ",,"Benson Town, Bengaluru, Karnataka 560046",77.60152,12.99525
Balason Society for Improved Environment,7821,"9434143574 , 2004634 ",,"Phansidewa More, Kadamtala, Siliguri, Darjeeling, West Bengal 734011",88.36901,26.71328
Ballygunj Society for Children in Pain,916,9930303909 ,Arun Jadhav ,"motilal nagar, badi masjid, goregaon west, Mumbai, Maharashtra 400062",72.83783,19.16314
BAMBURDE MEDICAL AND SOCIAL FOUNDATION,10489,"7993382227 , 7620453661 ",Dr Sayali Bamburde ,"SAYALI COSMETIC CENTER, ADORA, VINODENAGAR, LAKSHMI CHOWK ROAD, WAKAD, Pune, Maharashtra 411057",73.761,18.59853
"Banga Society of Backward Classes, SC's, ST's, &
Minorities",9819,"9163544513 , 26311402 ",,"Manushpur Road, Lichubagan, Bandel, Chinsurah, Hooghly, West Bengal 712123",88.38424,22.92477
Bangalore Baptist Hospital Society,10793,22024304 ,Gift Norman ,"Bellary Road, Hebbal, Bengaluru, Karnataka 560024",77.59335,13.04265
BANGALORE BIRTH NETWORK,9825,"9945694616 , 8971732677 ",Suma ,"2nd Cross, Sahyadri Layout, Panduranganagar, Bg Road, Bengaluru, Karnataka 560076",77.60496,12.88504
Bangalore Oniyavara Seva Coota,149,"64506807 , 9448936620 ",Fr Cyriac ,"BOSCO Sumanahalli, Malgala Road, Vishvaneedam, Bengaluru, Karnataka 560091",77.48264,12.98722
"Bangalore Rural Educational And Development
Society",6405,"25463476 , 25463476 ",Panimalar A ,"Don Bosco, North Road, St.Thomas Town, Bengaluru, Karnataka 560084",77.62191,13.00431
BANGIYA AYURVEDA SAMAJ (BAS),11016,"9903590515 , 9474804415 ",Sandip Kanti Das ,"SANDIPANI LANE, Arambagh, Hooghly, West Bengal 712601",87.78328,22.8863
BANWASI VIKAS ASHRAM,6599,9431167518 ,,"New Barganda, Sir J. C. Bose Road, Bagodar, Block Hospital, Giridih, Jharkhand 815301",86.30447,24.19186
Bapa Sitaram Education and Charitable Trust,8329,9376855966 ,Minaxiben A Jambucha ,"Chitrakut, Saurabh Society Raiya Road, Rajkot, Gujarat 360001",70.79496,22.30494
BAPU BAL VIKAS MAHILA KALYAN SOCIETY,8547,9431654442 ,,"Chichari Bujurg, Rajnagar, Madhubani, Bihar 847235",86.17006,26.39808
"BARDOLI WELFARE SOCIETY, KATNI",9641,7697266750 ,,"Soni Market, Katni, Madhya Pradesh 483501",80.42717,23.88015
Barnamala Educational and Cultural Society,2077,"9433417122 , 417122 ",,"PURATANBAZAR KAUSHALLYA, KHARAGPUR PASCHIM, PASCHIM MEDINIPUR, West Bengal 721301",87.31702,22.36124
Basic Integrated Rural Development Society,12318,261443 ,A.Ashraf Ali ,"Ariyapithanpatty,Thattarapatti, Vedasandur, Dindigul, Tamil Nadu 624710",77.97789,10.58353
Basic Research Education and Development Society,699,9342109434 ,B Vidya Sagar ,"Jubilee Hills, Hyderabad, Telangana 500033",78.4222,17.42659
Behala Bhagwat Leela Society,7781,"24000698 , 24000698 ",,"Buroshibtala Main Road, Kolkata, West Bengal 700038",88.33102,22.50145
Behala Srijan,11392,9433309993 ,,"Rashbehari Avenue, Kolkata, South 24 Parganas, West Bengal 700026",88.34831,22.51691
Benevolent Integrated Rural Development Society,4795,"254174 , 254174 ",,"Sonatorepara, Birbhum, Suri, West Bengal 723101",87.52777,23.90365
Berojgar Mahila Sewa Samiti,5713,9039060467 ,M J Singh ,"Din Dayal Puram, Nagar Nigam Office, Khursipar, Bhilai, Durg, Chhattisgarh 490011",81.39876,21.21078
Bestower Charitable Foundation,5743,"65884143 , 65884143 ",,"Vikaspuri, New Delhi 110018",77.07426,28.63948
Bethany Gospel Ministries and Social Service Centre,152,"2273267 , 9746122137 ",,"BGM Social Service Centre, Neyyardam, Thiruvananthapuram, Kerala 695572",77.17934,8.60048
BHAGAVATULA CHARITABLE TRUST,11889,9441821356 ,,"Eco Rejuvenation Centre, Haripuram, Gautam Model School, Mehdipatnam, Hyderabad, Visakhapatnam, Andhra Pradesh 500028",78.44486,17.38984
BHAGWAN MANAV KALYAN SAMITI,6894,"9452050368 , 223922 ",,"Ariyaso Tes-Ghosi, Ariyaso Ghosi, Mau, Uttar Pradesh 275105",83.58097,26.09644
BHARAT LOK SHIKSHA PARISHAD,10303,"9999399063 , 8448386444 ",,"Karnal Road, Industrial Area, Azadpur, North Delhi 110033",77.15582,28.73461
BHARATHA MATHA TRUST,10687,9842484660 ,,"Min Nagar, Seepalakottai Road, Chinnamanur, Theni, Tamil Nadu 625515",77.38662,9.84189
Bharathamatha Family Welfare Foundation,691,"221918 , 223084 ",,"South Rama Mada Street, Thiruthuraipundi, Tiruvarur, Tamil Nadu 614713",79.63938,10.53205
Bharatiya Jain Sanghatana,11884,66050321 ,P Krishna Mohan ,"Muttha Chambers, Senapati Bapat Road, Pune, Maharashtra 411016",73.83222,18.53106
Bharti Sanskar Kendra,6816,9823114363 ,Dr. Dhiren Dave ,"Tolani Maritime Institute, Induri, Maval, Pune, Maharashtra 410507",73.73377,18.73597
"BHAVISHYA INSTITUTE FOR REHABILITATION OF THE
DISABLED",5478,9603990979 ,,"Swamy complex, 3 Lamps Junction, A.G. Road, Vizianagaram, Andhra Pradesh 535002",83.4131,18.11363
BLINK FOUNDATION,11265,7299125465 ,Subisha ,"IDCR BUILDING, Loyola College, Chennai, Tamil Nadu 600034",80.2329,13.06331
"Block Voluntary Organisation for Improvement of
Culture and Eco-Environment",8322,9861235364 ,,"Rautarapur, Kalapada, 42 Mouza, Cuttack, Odisha 754112",85.93219,20.39872
Bolangir Bikash Parishad,8607,9937535174 ,,"Kantabanji, Balangir, Odisha 767039",82.92394,20.44828
Bolpur Ukilpatty Suchetana,8490,8158025174 ,MAHUA ,"Ukilpatty Office, Bolpur, Birbhum, West Bengal 731204",87.7019,23.66
BOSCO REACH OUT,12128,7002822035 ,Romeo Dmonte ,"Bholanath mandir, Ulubari, Guwahati, Kamrup Metropolitan, Assam 781007",91.75619,26.17185
BOSCO SEVA KENDRA,11748,9440053219 ,Rosalind Clementa ,"Don Provincial House, Himayatsagar Road, Hyderabad, Rangareddy, Telangana 500086",78.36101,17.34076
"BRAJESWARI YOGANANDA BEHAVIOURAL VISION
DEVELOPMENT",10792,7003049530 ,,"Ramkrishna Upanibesh, Sulekha, Jadavpur, Kolkata, West Bengal 700092",88.37266,22.49027
BRIGHT VISION FOUNDATION,12410,7405519090 ,,"Jahangirpura, Nathakaka ni Chali, Anand, Gujarat 388370",73.00351,22.50752
BUDS of Christ Charitable Trust,1074,"281722 , 9840770722 ",,"Kootapalli Housing Board, Tiruchengode, Namakkal, Tamil Nadu 637214",77.89206,11.34234
"C M C (CHRIST MISSIONARIES OF CHARITY)
FOUNDATION",12104,9947770088 ,,"CMC House, Karulai Road, Nilambur, Malappuram, Kerala 679330",76.28696,11.28373
Calvary Ministry,8667,"9440266946 , 8142151913 ",V.Blessy Benhar ,"Mayuri Homes, New Krishna Nagar, Kurnool, Andhra Pradesh 518002",78.03624,15.80891
CANCER HELP FOUNDATION,11575,9322596902 ,,"Ashok Colony,Baimabai Gaikwad, vinayak chowk, Sai Ganesh Dham Nr St Thomas High School Vijaynagar, Kalyan, Thane, Maharashtra 421306",73.13833,19.22246
Cancer Patients Aid Association,109,"24927007 , 24903561 ",Manju Gupta ,"Anand Niketan, King George V Memorial, Dr. E Moses Road, Mahalaxmi, Mumbai, Maharashtra 400011",72.82658,18.98376
CANKIDS...KIDSCAN,9638,"04166361 , 9811525745 ",Aditya Kumar Singh ,"Vasant Vihar, New Delhi 110057",77.16011,28.56222
Care Educational Trust,11677,"2357166 , 9889981000 ",Hemant Kumar ,"Indira Nagar, Lucknow, Uttar Pradesh 226016",81.00179,26.89386
Care India Medical Society,4785,9823468051 ,Amita Pradeep ,"Veer Bharat Society, Shabbir Society, Bhawani Peth, Pune, Maharashtra 411002",73.86378,18.51265
CARE TRUST,12112,9042355254 ,,"Anderson campus, Yercaud road, Salem, Tamil Nadu 636008",78.27687,11.74579
CAREWORKS FOUNDATION,10079,7411328400 ,,"Quess House, Ambalipura Sarjapur road, Bellandur Gate, Bengaluru, Karnataka 560037",77.66224,12.92149
CARING SOULS FOUNDATION,7376,9335923939 ,,"SECTOR J, ALIGANJ, LUCKNOW, Uttar Pradesh 226024",80.95005,26.89948
CASPER'S HOME TRUST,11448,9897716054 ,,"Guru Chhaya, Khandari Road, Agra, Uttar Pradesh 282002",77.99112,27.20745
Cause For Change,7326,9771472730 ,,"new layout baradwari, jamshedpur, APEX hospital, East Singhbhum, Jharkhand 831001",86.20413,22.79825
CBM- INDIA TRUST,9626,9740251333 ,,"2nd,5th Main, Puttannachetty Road, Chamarajpet, Bengaluru, Karnataka 560018",77.56657,12.95707
CCF FOUNDATION,10882,"420775 , 9943475991 ",Ramesh M ,"Railway Feeder Road, Apsara Theatre Backside, Virudhunagar, Tamil Nadu 626001",77.95739,9.59237
Center for Education Environment and Community (CEECo),9222,9341390529 ,Dr HARISH KUMARA BK ,"Konanur, Banugondi, Arkalgud, Hassan, Karnataka 573130",76.01055,12.63902
"CENTRE FOR AGRICULTURE AND RURAL
DEVELOPMENT(CARD)",7850,"9421642403 , 9049826832 ",,"Satakar Complex, Ambad Jalna, Maharashtra 431203",75.88298,19.84005
CENTRE FOR AQUATIC LIVELIHOOD- JALJEEVIKA,12167,9834409560 ,,"Snehakunj Society, Vikash Nagar, Jambhulkar Chowk, Wanawadi, Pune, Maharashtra 411011",73.86366,18.52255
Centre for Associated Progress (CAP),4689,9937328017 ,,"Kokalaba, Narasinghpur, Cuttack, Odisha 754032",84.97984,20.49363
"Centre for Coordination Of Voluntary Works and
Research",1410,"223674 , 223392 ",Ambiga ,"Poovathamman Koil street, Krishnapuram, Gingee, Viluppuram, Tamil Nadu 604202",79.43119,12.25346
Centre for Culture and Development (CCD),12593,"2962001 , 2961354 ",,"Xavier Technical Institute, Sevasi, Vadodara, Gujarat 391101",73.10366,22.31998
"Centre for Development Education and
Communications",7252,"28353136 , 28353136 ",,"Royapettah, Chennai, Tamil Nadu 600014",80.26616,13.04684
"Centre for Education and Development Programmes
Trust",7474,"9320378866 , 8291763166 ",Manoj R Panda ,"New English School, Talao Pali, Ram Maruti Road, Thane West, Mumbai Suburban, Maharashtra 400602",72.97048,19.19314
Centre for Equity Studies,11560,"42401544 , 9810616822 ",Utkarsh Hathi ,"Adhchini, Sarvodaya Enclave, South Delhi 110017",77.20118,28.54096
Centre for Rural Development,11684,290362 ,,"Raja Oil Mill Campus, Thirugengode main Road, Namakkal, Tamil Nadu 637001",78.15938,11.2295
CENTRE FOR RURAL DEVELOPMENT AND PLANNING,5222,9658956035 ,,"NUAGAON, UDAMBAR, BALASORE, Baleswar, Odisha 756019",86.88939,21.49601
CENTRE FOR SOCIAL ACTION TRUST,6899,9902436298 ,H.M. Amitha ,"5th Cross, Horamavu, Kalyan Nagar, Bengaluru, Karnataka 560043",77.63506,13.02951
Centre for Social Reconstruction,7928,"265331 , 265155 ",Mrs.Janet ,"Eathamozhi Road, Chennavannan Vilai, Maravankudiyeruppu, Nagercoil, Kanyakumari, Tamil Nadu 629002",77.43792,8.16104
Centre for Social Responsibility and Leadership,7695,"40047993 , 9810492420 ",,"Manavsthali Apartement, Vasundhara Enclave, New Delhi 110092",77.32045,28.5986
"Centre for the Upliftment of the Rural and Urban
Poor",11706,9051337936 ,Rekha Pal ,"Belanagar, Abhoynagar, Howrah, Bengal 711205",88.31847,22.66277
Centre for Youth Development and Activities,1701,"9960693178 , 9179084484 ",Godfrey Colaco ,"Hotel Maratha Samrat, Dr. Ambedkar Road, National Institute of Virology, Pune, Maharashtra 411001",73.88202,18.52131
CFBT Education Services,6954,"23710931 , 23710931 ",,"Sanjeeva Reddy Nagar, Hyderabad, Telangana 500038",78.4451,17.43809
Chaitanya Rural Development Social Service Society,1120,9866500534 ,M. Yesudass ,"RCM Buildings, Deva Nagar, Kurnool, Andhra Pradesh 518002",78.03792,15.81732
Chandana Art Foundation International,6664,9449994930 ,,"10th Main, 2nd Block, Bengaluru, Karnataka 560050",77.55766,12.94011
CHANDRA DEV CHARITABLE SOCIETY,9373,9422460330 ,Vishwajit Agase ,"Chandra Dev Banglow, Saleshswar Society, Bijapur Road, Solapur, Maharashtra 413004",75.89172,17.63904
Chandra Sundra Trust,7901,"9323046107 , 25530651 ",,"Om Ganesh Nagar, RC Marg, Vasi Naka, Chembur, Mumbai, Maharashtra 400074",72.89674,19.03157
Chandrashekhar Badrinarayan Jadhav Foundation,11224,9423967281 ,,"Renuka Complex, Chandwad, Sector 12, Kharghar, Nashik, Maharashtra 423101",74.18602,20.30057
Charkha,8814,7042293792 ,Mario Noronha ,"Vasant Vihar Apartments, Niryat Bhawan, South Delhi 110057",77.16011,28.56222
"CHENDUR VELAN EDUCATIONAL AND CHARITABLE
TRUST",11125,9789630429 ,,"Nemeli Canal Road, Buvanakrishnan Matriculation School, Thiruporur, Kancheepuram, Tamil Nadu 603110",80.19121,12.72728
Cheshire Disability Trust,10434,9880219515 ,Ms Anuradha Patil ,"Manipal Hospital, Bharath Petrol Bunk, HAL Old Airport Road, Kodihalli, Bengaluru, Karnataka 560017",77.64797,12.95985
CHETANA EMPOWERMENT FOUNDATION,8799,"2471141 , 2471141 ",,"Mukund Housing Society, Mahajan Colony, Cidco, Aurangabad, Maharashtra 431003",75.36391,19.88071
CHF INDIA FOUNDATION,9717,65800102 ,,"CHF Foundation, Parkland Society, Bajaj Finserv Viman Nagar, Pune, Maharashtra 411014",73.91391,18.56522
"CHHATTISGARH AGRICON SAMITI, RAIPUR",10097,9630083206 ,Deepak Biswas ,"Progressive Point, lalpur, Raipur, Chhattisgarh 492001",81.66317,21.21247
CHIKITSA,6470,"2381696 , 9650730860 ",Udai Malhotra ,"Sushant Lok, Phase 1, Block C, Gurugram, Haryana 122002",77.07702,28.46815
CHIKKA FEDERATION OF INDIA (C.F.I.),12577,9570716800 ,,"Shankar Lodge, Gannipur, Muzaffarpur, Bihar 842001",85.38184,26.10995
Child Aid Foundation,336,"2470380 , 8801110786 ","Azeez Shaik, M.B.A. ","Patamatalanka, SVS Kalyana Mandapam, Vijayawada, Krishna, Andhra Pradesh 520010",80.64696,16.494
Child Help Foundation,1535,"7077705050 , 9702929267 ",Rajendra Pathak ,"Sai Arpan, Shanti Vihar, Mira Road, Thane, Maharashtra 401107",72.87648,19.30048
CHILD VIKAS FOUNDATION,9725,9845302806 ,Vijay Ramesh Ram ,"sarojini nilaya, 17th cross, jp nagar 6th phase, Bengaluru, Karnataka 560078",77.57646,12.90238
Childlife Preserve Shishur Sevay,5063,"9874477411 , 9830240182 ",Purba Rudra ,"Sahapur Main Road, Kolkata, West Bengal 700038",88.32455,22.50367
CHILDREN OF GOD FOUNDATION,5686,9833777531 ,sudha benjamin ,"Kamalsagar Society, Rcf Colony, Bhandup-E, Mumbai, Maharashtra 400042",72.94385,19.14457
Children's Home Of Hope,876,"23783199 , 9003230122 ",Sanjay David ,"MADURAVOYAL, Chennai, Tamil Nadu 600095",80.16892,13.05974
CHILUME SAMAJA SEVA SAMASTHE (CSSS),5982,9980294914 ,,"5th Main, st.Thomas Town, Kammanahalli, Bengaluru, Karnataka 560084",77.63948,13.01563
CHINAR (Central Himalayan Institute for Nature & Applied Research),9287,9899690916 ,,"Maldan Compound, Bre Side School, Mallital, Snow View, Nainital, Uttarakhand 263001",79.45672,29.39314
Chintan Environmental Research and Action Group,5582,46574172 ,Sohini Gupta ,"Lajpat Nagar 3, New Delhi 110024",77.24438,28.56699
Chirag Rural Development Foundation,5694,9819290088 ,,"Commerce Center, Tardeo, Mumbai, Maharashtra 400034",72.81379,18.97386
CHOICE FOUNDATION,10419,9908162303 ,,"Pulla Reddy Sweets Building, Landmark residency, Kothaguda, Hyderabad, Telangana 500081",78.38558,17.44031
CHORAO EDUCATIONAL SOCIETY,4830,"9822589046 , 2239221 ",UDAY MULGAONKAR ,"BOCTAWADA, CHORAO TISWADI, North Goa 403102",73.88398,15.54178
Choti Si Khushi,6897,"9810973857 , 9711282050 ",Namita Choudhary ,"Sector 3, Dwarka, South West Delhi 110075",77.06196,28.58256
Christel House India,341,"7624999152 , 7624999153 ",Pramod R ,"Bellahalli Road, Hennur Road, Yelahanka Main Road, Kannur, Baglur, Bangalore East, Karnataka 562149",77.64566,13.09757
Christian Organization for Social Service,6420,"9754417704 , 9826447562 ",Mrs. Madhavi sidney ,"shivir garden, Tilhari Bilheri, mandla road, Jabalpur, Madhya Pradesh 482020",79.96224,23.13434
Christian Social Development Organisation,9813,9862048386 ,,"Hnahringkhu, Chandel, Chandel, Manipur 795127",93.97722,24.28236
CHRONIC PAIN INDIA,11635,"8287026805 , 8287026805 ",,"Sector 16, Faridabad, Haryana 121002",77.3223,28.4091
CINEMATIC FOUNDATION OF INDIA (CFI),7432,"9748054634 , 9007805299 ",Sutapa Bose ,"Crooked Lane, Great Eastern Hotel, Kolkata, West Bengal 700069",88.34988,22.56797
"Committee of Resource Organizations for Mass Programme of Functional Literacy (CORO for
Literacy)",4375,25295002 ,Shivani Mehta ,"Suman Nagar, Chembur, Mumbai, Maharashtra 400071",72.88499,19.05328
Common Concern Initiative-We Care Trust,731,2539900 ,Subramani ,"Thomas Street, Narimedu, Madurai, Tamil Nadu 625002",78.12595,9.93686
Communication for Development and Learning,4854,"25524192 , 9844370462 ",Hema Prasanna ,"7th Cross, 17th Main, Koramangala 6th Block, Bengaluru, Karnataka 560095",77.62365,12.93524
Community Aid and Sponsorship Programme,343,"25862844 , 25862836 ",Sushama Joshi ,"CASP Bhavan, Pashan Baner Link Road, Pune, Maharashtra 411021",73.79118,18.54864
Community Outreach Programme,4720,"23086789 , 23086789 ",Caroline Alex ,"Metho Centre, 21 YMCA Road, Mumbai Central, Maharashtra 400008",72.82329,18.97189
Concern for Human Welfare,9172,9831752277 ,,"PEERLESS NAGAR, PANIHATI, KOLKATA, North 24 Parganas, West Bengal 700114",88.37507,22.69256
Concerns Universe Foundation,1050,"28444905 , 28444905 ",,"Patel Hanumantah Rayappa Layout, Byrathi Cross, Doddagubbi, Bengaluru, Karnataka 562149",77.67891,13.10959
Confederation of Voluntary Associations (COVA),9909,"9394544244 , 9989222959 ",Gowtham Uyalla ,"Bandlaguda, Chandrayangutta, Hyderabad, Telangana 500005",78.47154,17.32381
Conservation Action Trust,268,"22006114 , 9820086404 ",,"Court Chambers, 35 New Marine lines, Mumbai, Maharashtra 400020",72.82869,18.93829
CONSUMER RIGHTS AWARENESS TRUST,12214,9443342791 ,,"Treasurycolony, Oddanchatram, Dindugakal Road, Dindigul, Tamil Nadu 624619",77.74209,10.48715
Cooch Behar Anasristi,10558,9851146474 ,,"Amar Tala, Gopal Saha Sarani, Charak Mandir, Cooch Behar, West Bengal 736101",89.46435,26.3168
Cornerstone India Foundation,11555,"9999027380 , 9811704737 ",Raj Vedantam ,"Jasola, New Delhi, South West Delhi 110025",77.29644,28.54634
Creating Futures,12438,9902699667 ,Jimmy Cherian ,"Stag Aditya Apartments, 1st Main, Ashwini Layout, Koramangala, 6Th Block Extension, Bengaluru, Karnataka 560047",77.62009,12.94844
CREATIVITI COUNCIL,9961,9496373946 ,Arun S Chandran ,"Creativiti council, Kariattukara, Elthuruth, Thrissur, Kerala 680611",76.18369,10.5081
D. T. I EDUCATIONAL & CHARITABLE TRUST,12030,9940149005 ,,"Sasthri Nagar, Jothi Nagar, Arakkonam, Vellore, Tamil Nadu 631003",79.64605,13.10105
DAKSHANA INDIA EDUCATIONAL TRUST FUND,10379,7700918833 ,,"The Dakshana Foundation Valley, Kadus, Pune, Maharashtra 412404",73.75982,18.92321
DAKSHIN ARUN NAGAR CHATANA SANGHA,7560,9153449992 ,TAPAS KUMAR NASKAR ,"Arunnagar, Chatra Maldari, Joynagar, Kolkata, South 24 Parganas, West Bengal 743337",88.4279,22.18865
DARICHA FOUNDATION,7430,9830106093 ,,"Jodhpur Park, Kolkata, West Bengal 700068",88.3633,22.50533
DATRI Blood Stem Cell Donors Registry,4789,"9035270021 , 9840218667 ",Srujana ,"Ticel Bio Park Phase 2, CSIR-Taramani Road, Chennai, Tamil Nadu 600113",80.24432,12.9882
Debnarayan Shiksha Sansthan,11345,9903115557 ,,"Natagachi, Beniabow, Sonarpur, Natagachi, South 24 Parganas, West Bengal 743613",88.47167,22.39786
DEEPA ACADEMY FOR THE DIFFERENTLY ABLED,12796,9740934333 ,Raj ,"2nd Phase Anjananagar, Vishwaneedam , Bengaluru, Karnataka 560091",77.48766,12.98189
Deepam Educational Society for Health,347,"24511187 , 24511112 ",N Navinkumar ,"Kuppam Road, Kaveri Nagar, Kottivakkam, Chennai, Tamil Nadu 600041",80.26313,12.96981
Deesha Education Foundation,7027,"9423424450 , 8275539754 ",,"Deesha Villa, Shri Gajanan Township, Kathora Road, Amravati, Maharashtra 444602",77.75447,20.99823
DEFY EDUCATIONAL ORGANISATION,12314,8095072936 ,Megha Bhagat ,"Magrath Road, Shanthala Nagar, Bangalore, Karnataka 560025",77.61087,12.97015
Dev Sarvodaya Samiti,9832,"9770123311 , 9425129179 ",Sandeep Bajpaye ,"Vallabhav Nagar Ward, Sahu Chowk, Sagar, Madhya Pradesh 470002",78.72937,23.82911
DEVELOPMENT INNOVATION FOUNDATION,8055,,Rashmi ,"Gopal Nagar Shyam Enclave, Najafgarh, New Delhi, West Delhi 110043",77.01069,28.63106
Development Support Centre,1205,"235993 , 235994 ",Mohan Sharma ,"Marutinandan, Bopal, Ahmedabad, Gujarat 380058",72.47757,23.03096
Developmental Association for Human Advancement,1650,"9415054079 , 295699 ",Amit Kumar Tripathi ,"Sewakunj, Maseehabad Road, Huzurpur Marg, Bahraich, Uttar Pradesh 271801",81.60026,27.57047
DEWANCHAL WELFARE SOCIETY,7286,9425384299 ,,"Shahpur, Rewa, Madhya Pradesh 486331",81.97176,24.76716
DHARA SANSTHAN,9095,"9414271028 , 9636153333 ",,"Dharasansthan, Shrikrishnanagar, Rai colony, Barmer, Rajasthan 344001",71.39064,25.7511
DHARAM GYAN JAN KALYAN TRUST,12120,9819315672 ,Shweta Dubey ,"KABIR NAGAR, DURGAKUND, Varanasi, Uttar Pradesh 221005",82.997,25.28883
DHARITHREE TRUST,10230,"9448353888 , 23567518 ",T.S. Satyanarayana ,"1st Main, G.D. Park Extension, Vyallikaval, Malleshwaram, Bengaluru, Karnataka 560003",77.57017,13.00391
Dharmapur Samaj Kalyan Samity,10587,9434801092 ,,"Dharmapur, Deulpota, Haldia, East Medinipur, West Bengal 721603",88.05447,22.18411
DHARTI SOCIAL WELFARE FOUNDATION,12063,8788343616 ,,"Shriprasad Apartment, Jay nagar, Aurangabad, Maharashtra 431001",75.3292,19.86375
Digital Green Trust,6353,"41881037 , 41881037 ",Susan Thomas ,"Ambadeep Building, KG Marg, Connaught Place, New Delhi 110001",77.22334,28.62684
Dignity Foundation,272,"61381100 , 61381111 ",Rahul Ursekar ,"Byculla Service Industries Premises Sussex Road, Mumbai, Maharashtra 400027",72.83479,18.97823
Dilasa Janvikas Pratishthan,3209,"2363741 , 2320444 ",Ms. Vaishalee Khadilkar ,"Sudarshan Park, Vedant Nagar, Midc Regional Office, Aurangabad, Maharashtra 431005",75.31568,19.86044
Dilasa Sanstha,12105,9420305714 ,Komal Dhas ,"Istari Nagar, Belora road, Ghatanji, Yavatmal, Maharashtra 445301",78.31888,20.07239
Discover A New Dawn (D.A.N.D),8617,8697105299 ,Debasree Bhattacharya ,"Nepal Bhattacharya Street, Kolkata, West Bengal 700026",88.34629,22.519
"Disha (Developing Intervention for Social Human
Action), Amravati",11641,9766332169 ,Jyoti Khandpasole ,"Teacher's Colony, Amravati, Maharashtra 444606",77.73742,20.85265
DIVINE EYE FOUNDATION,9824,9121095399 ,Viswanath ,"Kadiam Road, Vemagiri Rajahmundry, East Godavari, Andhra Pradesh 533125",81.80025,16.93037
Divya Deepa Charitable Trust,4826,2979901 ,,"Kenchalagudu, Manandavadi Road, Dhanagalli, Jayapura Hobli, Mysuru, Karnataka 570008",76.55344,12.20398
Divya Jyoti Jagrati Sansthan,5414,"9810904888 , 9818283444 ",Deepa Bharti ,"Pushpanjali Enclave, Pitam Pura Extension, Parvan Road,New Delhi 110034",77.13079,28.696
Diya India Foundation,8709,"47041898 , 47041898 ",,"Ansal Majestic Tower, G Block, Vikas Puri, New Delhi 110018",77.07589,28.64015
DNYANJYOTI GRAMIN VIKAS MANDAL,10541,9421642403 ,,"Dnyanjyoti, Satakar Complex Nutan Vasahat Jalna, Ambad Road, Maharashtra 431203",75.87795,19.85096
Doctors for India Social Welfare Foundation,11075,8693837772 ,,"Mangesh Apartment, Sector 16, New Panvel, Navi Mumbai, Raigad, Maharashtra 410206",73.12644,18.99085
DOCTORSFORSEVA AROGYA FOUNDATION,12078,"9481787966 , 6909797479 ",Dr. Ilhaam Ashraf ,"Siddapura Main Road, Lalbagh Gate, Jayanagar 2nd Block, Bangalore, Karnataka 560011",77.58968,12.94628
Dr Mane Medical Foundation and Research Center,11168,235500 ,,"Court Area, Nagar Manmad Highway, Rahuri, Ahmednagar, Maharashtra 413705",74.68794,19.42497
Dr Sushila Sansar Chand Almast Public Welfare Trust,4735,"8287170102 , 40580590 ",AASTHA ALMAST ,"East of Kailash, Raja Dhirsen Marg, New Delhi, South Delhi 110065",77.24799,28.55405
Dr. Babasaheb Ambedkar Vaidyakiya Pratishthan,905,"25945739 , 2339866 ",Prasanna Patil ,"Dr Hedgewar Hospital, Jawahar Colony, Aurangabad, Maharashtra 431005",75.34502,19.87067
"DR. M.CHANDRASEKHAR INTERNATIONAL
FOUNDATION",12540,"9667700415 , 27110206 ",,"Polo Road, Vijay Nagar, New Delhi 110009",77.20187,28.69359
"DR.K.R.ADHIKARY COLLEGE OF OPTOMETRY AND
PARAMEDICAL TECHNOLOGY",7080,9830278185 ,,"West Ghoshpara Road, North 24 Parganas, Bhatpara, West Bengal 743123",88.40714,22.87501
DREAM INDIA NETWORK,12715,"9562359525 , 9964289177 ",Fr. Edward Thomas ,"12th Main, 13th Cross, Annapalayam, Adugodi, Bangalore, Karnataka 560030",77.60735,12.94403
DRISHTI BADHIT VIDYALAYA SAMITI,11372,9451494983 ,,"Khand Latghat, Azamgarh, Uttar Pradesh 276136",83.38655,26.22636
DRISHTI FOUNDATION TRUST,4793,9873522666 ,,"Aarohi Appartment, New York Tower, Ahmedabad, Gujarat 380054",72.5194,23.05308
DUA - The Joy of Sharing Trust,12297,9566001951 ,,"Govindasamy Nagar, Madipakkam, Chennai, Tamil Nadu 600091",80.20198,12.96144
Durga Mahila Shishu Kalyan Sansthan,11765,9431094471 ,,"Rajiv Nagar, Patna, Bihar 800024",85.09237,25.63076
Durgapur Akash - Cultural & Welfare Society,11302,9434619561 ,,"Subhash Pally, Mamra Bazar Branch, Durgapur, Bardhaman, West Bengal 713206",87.34251,23.54081
DURGAPUR SOCIAL AND EDUCATIONAL TRUST,11834,9434037801 ,,"Urvashi Bengal Ambuja, City Centre, Durgapur, Bardhaman, West Bengal 713216",87.30403,23.5423
Each One Teach One Charitable Foundation,897,"24102055 , 24102555 ","RENU RAUT, NANDA KUKREJA ","275 Sion East Road, Mumbai, Maharashtra 400022",72.87084,19.0446
Economic Rural Development Society,356,"9831654430 , 22134466 ",Provat Kumar Mitra ,"Kiran Sankar Roy Road, Kolkata, West Bengal 700001",88.34533,22.5696
Educo,1632,"8169553692 , 24715315 ",Mrs.Meenal Srinivasan ,"Shri Sai Baba Marg, Best Colony, Bharat Mata Cinema, Lalbaug, Parel, Mumbai, Maharashtra 400012",72.83752,18.99524
EFRAH (A Society for Social Welfare),5746,"26020132 , 26020132 ",,"DDA Flats, Kalkaji, Bhumiheen Camp, Delhi 110019",77.25813,28.53839
"EK KADAM AUR FOUNDATION FOR EDUCATION AND
HEALTH",11799,9105190002 ,Dr Yeshwanth Sonnathi ,"Jahaz Apartments, Paschim Vihar, New Delhi 110087",77.08103,28.6783
EKJUT,6401,9934155959 ,Raj Kumar Gope ,"Potka, Chakradharpur, West Singhbhum, Jharkhand 833102",85.62892,22.67611
EKLAVYA SWAVALAMBAN TRUST,5530,"24328285 , 24328285 ",,"SHILP BUILDING, PANDURANG BUDHKAR MARG, Mumbai, Maharashtra 400013",72.82235,19.00631
ELDER CARE TRUST,11219,9979854798 ,,"Star Bazaar, Jodhpur Gam, Satellite, Ahmedabad, Gujarat 380015",72.52378,23.02678
Elimination of Rural Poverty Service,11321,8974955782 ,,"Teddim Road, Peace Ground, Tuibong, Churachandpur, Manipur 795128",93.70656,24.36284
EMPOWER PEOPLE,4318,30010211 ,,"Pocket 11, Jasola Vihar, South Delhi 110025",77.28969,28.54586
Empowering Minds Society For Research and Development,1144,"4138417 , 9910016246 ",Sujata Parashar ,"Gulmohar Lane, Sector 5, Rachna, Vaishali, Ghaziabad, Uttar Pradesh 201010",77.34219,28.64318
EnAble India,2981,67323636 ,P N Nagri ,"Adugudi Main Road, Koramangala 8th Block, Bangalore, Karnataka 560095",77.61844,12.94096
ENTREPRENEURS ASSOCIATES,10393,"7641008033 , 2243123 ",Lanuangla Tsudir ,"PWD Junction, Traffic Point, Kohima, Nagaland 797001",94.13079,25.5943
"Entrepreneurship Training and Rural Development
Initiatives Society",8310,9417249390 ,Balwinder Singh ,"Sector 79, SAS Nagar Mohali, Punjab 140308",76.70908,30.68027
EQUINOX FOUNDATION,5106,9870348116 ,,"Metro Residency, Netivali, Kalyan East, Thane, Maharashtra 421306",73.124,19.22915
EQUINOX SOCIAL WELFARE FOUNDATION,8719,"9831127729 , 9831128070 ",Angshujit Debnath ,"Purba Gajaghanta, Mogra, Hooghly, West Bengal 712148",88.37812,22.97385
ESR NGO FOUNDATION,9966,9246503889 ,GANDU RAVI ,"Hyderabad, Sai Sri Towers, Himayathnagar, Telangana 500029",78.48285,17.39963
"ESTHER WOMEN AND CHILD WELFARE CHARITABLE
TRUST",10671,9444141415 ,,"Bazullah Road, T.Nagar, Chennai, Tamil Nadu 600017",80.23678,13.04685
EURASIAN CANCER RESEARCH COUNCIL,12136,9420600909 ,,"Golf Scappe, S T Road, CHEMBUR, MUMBAI, Maharashtra 400071",72.90084,19.0531
EYE FOUNDATION,12096,9030013456 ,,"Ramnagar, Hyderabad, Telangana 500020",78.50728,17.41023
Fair Trade Forum India,8898,"41328730 , 41328730 ",,"Lajpat Nagar III, New Delhi 110024",77.24193,28.56823
"Federation for Agricultural Research Methodologies
(FARM)",12303,9626008160 ,,"Manitham Illam, Sakkampatti, Vaiyampatti, Trichy, Tiruchirappalli, Tamil Nadu 621315",78.2414,10.51342
FOODSHAALA FOUNDATION,12054,9717460101 ,Amit Gupta ,"Aravali,Omaxe Hills,Sector 41/43, Surajkund Road, Faridabad, Haryana 121003",77.28632,28.4663
FOREST FIRST SAMITHI,12573,9731912522 ,,"Tungabhadra Block, National Games, Bengaluru, Karnataka 560047",77.61892,12.95342
"Forum for Rural Environment and Economic
Development (FREED)",8574,9495240909 ,Adv.P.J Mathew ,"Vayalar Sukumaran Building, New Bazar, Alappuzha, Kerala 688001",76.32844,9.48785
Forum of Communities United in Service,980,"40006384 , 22875088 ",Jamil Ahmed ,"Tiljala Road, Don Bosco School Park Circus, Kolkata, West Bengal 700046",88.37295,22.54411
Foster Care India,5986,"2450847 , 2450847 ",Bhagyashri Bhandakkar ,"Old Fatehpura, Shankar Colony, Udaipur, Rajasthan 313001",73.68796,24.6092
Foundation for Excellence India Trust,150,"9686570677 , 25201925 ",Ram Kolavennu ,"MHT House, 1st, 5th Main, Indiranagar Stage, Bengaluru, Karnataka 560038",77.57941,12.91344
FOUNDATION FOR RESEARCH IN HEALTH SYSTEMS,6738,"26577978 , 26577978 ",Dr M PRAKASH ,"Brigade Business Suites, 100 feet road,T Mariappa Near Ashoka Pillar, Jaya nagar 2nd block, Bengaluru, Karnataka 560011 ",77.58514,12.94296
"Foundation for Spastics and Mentally Handicapped
Persons",3418,"9582428429 , 9911901948 ",Amruta Gore ,"Dayanand Colony, Lajpatnagar 4, South Delhi 110024",77.24648,28.56291
Foundation to Educate Girls Globally,1909,48932226 ,Anusha ,"Remi Bizcourt, Shah Industrial E, Andheri West, Mumbai, Maharashtra 400053",72.83656,19.13418
FREEDOM FOR YOU FOUNDATION,4514,"9322592902 , 9820874028 ",S Ramaswamy ,"Sector 7, Airoli, Navi Mumbai, Thane, Maharashtra 400708",72.99575,19.14643
FSL-INDIA (Field Services & Inter Cultural Learning- India),9575,22111930 ,Ragland Devadas ,"15th Cross, Lakkasandra, Wilson Garden, Bangalore, Karnataka 560030",77.59881,12.94598
FUTURE VISION - A People's Development Welfare Society,2635,"7005400091 , 8257831602 ",,"Dibang Villa, Itanagar, Papum Pare, Arunachal Pradesh 791111",93.63487,27.10103
Gabriel Project Charitable Trust,12665,"8928886988 , 9820856829 ",Thaiza Dias ,"Green Glade, Abachapadam, Palghar East, Maharashtra 401404",72.84148,19.69532
GANDHI BHAVAN INTERNATIONAL TRUST,10929,9847167422 ,K Udayakumar ,"Pathanapuram, Kollam, Kerala 689695",76.8745,9.10158
Ganga,3407,9452181513 ,,"Ameer Nagar, Moti Lucknow, Uttar Pradesh 226004",80.9133,26.83627
Gayatri Foundation,7022,9403428105 ,,"Hudco Colony, Korit Road, Nandurbar, Dhule, Maharashtra 425412",74.21397,21.34089
GEETA SHIKSHAN PRASARAK MANDAL,12356,9028388308 ,,"Palasdeo Tal Indapur, Pune, Maharashtra 413132",74.86747,18.19201
GENERATION INDIA FOUNDATION,11116,4391436 ,Swati Prabha ,"Sector 29, Gurugram, Haryana 122002",77.06319,28.47059
Gopal Kiran Shiksha Avam Sanskratik Samiti,3410,09425118370 ,ShriprakashSinghNimraje ,"Nimraje Sadan, New Mohan Nagar, Thathipur, Gwalior, Madhya Pradesh 474011",78.20185,26.21859
Gopali Youth Welfare Society,10566,"296537 , 9002863514 ",Het Shah ,"Gopali Youth Welfare Society, Salua, West Medinipur, Bengal 721145",87.28737,22.25835
Goranbose Gram Bikash Kendra,7851,9609192961 ,Subhasree Raptan ,"Rajarlat, Canning, South 24 Parganas, West Bengal 743329",88.66508,22.31399
Gowthami Foundation,7710,"9440265620 , 236899 ",,"Srinagar Colony, Kurnool Road, Ongole, Prakasam, Andhra Pradesh 523002",80.0405,15.51299
Grace of Glory Ministry Trust,12584,9373469754 ,,"Sathe Nagar, Manoj Kirana Store, Narpoli Bhiwandi,Thane, Maharashtra 421305",73.15988,19.28785
Grace Peter Charitable Trust,362,"2523321 , 2523321 ",Paulswamy Pandiaraju ,"Narmadha Nadhi, Mahatma Gandhi Nagar, Madurai, Tamil Nadu 625014",78.12287,9.95478
Gram Jyoti,12920,9431876237 ,Abha ,"Upper Bilasi Town, Ram Babu Road, Deoghar, Jharkhand 814157",86.71515,24.49447
Gram Mangal,5583,"25386687 , 9168644995 ",Swati Mehendale ,"Gandhi Bhavan, Poona Blind Girls School, Kothrud, Pune, Maharashtra 411038",73.8038,18.49608
Gram Vikas,6382,"2596366 , 8606785053 ",,"Forest Park, Bhubaneswar, Khordha, Odisha 751009",85.82767,20.25622
GRAMEEN FOUNDATION FOR SOCIAL IMPACT,10063,"9148571484 , 4100702 ",Prateep Chakraborty ,"Suncity, Sector 54, Gurugram, Haryana 122011",77.11148,28.43607
GRAMEEN VIKAS SANSTHA,7020,9412105292 ,Ms.Komal ,"Somdutt Vihar, Medical College Garh Road, MEERUT, Uttar Pradesh 250004",77.73873,28.96425
GRAMIN MAHILA VIKASH SANSTHAN,2107,"516005 , 245642 ",,"Bubani, Gagwana, Shrinagar, Ajmer, Rajasthan 305023",74.73651,26.54072
GRAMIN SUDHAR AVAM SHRAMIK SEWA SANSTHA,7467,9927869255 ,,"Budhana, Rudraprayag, Uttarakhand 246475",78.8814,30.36913
Gramin Utthan Samiti Kapkote,12364,9412925990 ,,"Kapkote, Bageshwar, Uttarakhand 263632",79.85648,30.06725
Gramin Vikas Prayas Samiti,7412,"9452284443 , 7860801485 ",Mr.Dev Bhushan Sharma ,"Chakara, Maunathbhanjan, Mau, Uttar Pradesh 221705",83.62376,26.20376
Gramin Vikas Sansthan,7589,"9415281073 , 9984282020 ",Mr.Tauhid Abbasi ,"Hathini, Mau, Uttar Pradesh 275102",83.64287,25.91668
GRAMIN VIKAS SEVASHARAM,9097,9794972868 ,Devendra Nath  Mishra ,"Madhopur, Baraut Allahabad, Uttar Pradesh 221502",81.78245,25.56187
GRAMIN VIKAS TRUST,10247,9522224113 ,Manish Rathore ,"Bhadwasa, Mhow neemuch Highway, Ratlam, Madhya Pradesh 457222",75.08396,23.45909
GRAMODAYA TRUST,10337,9822933333 ,,"Tambe Hospital, New Akole Road, Sangamner, Ahmednagar, Maharashtra 422605",74.205,19.57395
Gramya Jyoti,792,"212464 , 9937979074 ",,"Jamut, Gudvella, Jamut, Balangir, Odisha 767046",83.57754,20.41898
GREEN DOT TRUST,12732,9880688891 ,Thejaswini ,"3rd Main, MylaraDarshini Hotel, Arvindnagar, Mysuru, Karnataka 570023",76.63282,12.27433
GROW WELL FOUNDATION,12102,8958461930 ,,"Rajpur Road Enclave, Dhorankhas, Dehradun, Uttarakhand 248001",78.07115,30.35979
Guard Society,367,"2930441 , 9443451987 ",,"Pothigai Nagar, Perumalpuram, Tirunelveli, Tamil Nadu 627007",77.74001,8.71191
GUARDIANS OF DREAMS FOUNDATION,12901,8951262431 ,Mekha ,"New Friend's Colony, 11th Main, 8th Cross, ST Bed Layout, Koramangala, Bengaluru, Karnataka 560047 ",77.62009,12.94844
GUJARAT MAHILA HOUSING SEWA TRUST,6735,26587726 ,Rachana Shah ,"Sakar IV, Sanyas Ashram, M.J. Library, Elis bridge, AHMEDABAD, Gujarat 380006",72.56681,23.02699
Gujarat Voluntary Health Association,6981,9925483664 ,,"Sterling City, Bopal, Ahmedabad, Gujarat 380022",72.46876,23.03816
GURUKUL JYOTI WELFARE SOCIETY SAMITI,6795,9300860478 ,,"MAHAKAUSHAL NAGAR, SARASWATI H.S. SCHOOL ADHARTAL JABALPUR, Madhya Pradesh 482004",79.95286,23.20187
GYANADA FOUNDATION,5383,8451856662 ,Rinsa S Perapdan ,"Raheja Centre, Nariman Point, Mumbai, Maharashtra 400021",72.8283,18.92503
GYANODAY JAN KALYAN SAMITI,11456,9307714953 ,MOHAMAD JAMAL ,"Rautapar, Saketpuri, Gandhi Nagar Basti, Badshah Talkies, Uttar Pradesh 272001",82.74265,26.8038
Hamara Foundation,9067,"9773094333 , 23054108 ",Ms. Shraddha Chonkar ,"Gilder Lane Municipal School Building, Belasis Bridge, Mumbai, Maharashtra 400008",72.82701,18.96773
Happy Horizons Trust,9848,"8374012411 , 9535206828 ",Deeptanshu Pandey ,"Kalkaji, South Delhi 110019",77.24621,28.54359
HARBINGERS OF CHANGE FOUNDATION,12453,9784154153 ,Naman Agrawal ,"SS Complex, Rani Ka Bagh, Uppal Hospital, Amritsar, Punjab 143001",74.85892,31.63991
HARE KRISHNA FOOD FOR LIFE,11186,9419161696 ,Kunti Devi Dasi ,"Srila Prabhupada Ashram, Udhampur, Jammu and Kashmir 182101",75.11006,32.95243
"Hare Krishna Movement, Hyderabad",12382,9390379689 ,Mukunda Dasa ,"Road 12, Banjara Hills, MLA Colony, NBT Nagar, ACB Office, Hyderabad, Telangana 500034",78.44892,17.42124
Hari Sankar Foundation Trust,8433,9819863271 ,Vency Dabre ,"Times Square, Andheri kurla Road, Andheri East, Marol Metro Station, Mumbai, Maharashtra 400059",72.88094,19.10773
Hariksha People’s Welfare Trust,1028,"232224 , 232224 ",,"Goukulam Nagar, Tiruvannamalai, Tamil Nadu 606604",79.04402,12.27072
Haritika,2694,"255065 , 255065 ",,"Mahoba Road, Maanpura, Nowgong, Chhatarpur, Madhya Pradesh 471201",79.46816,25.07269
HCG Foundation,1703,"46607760 , 9986929057 ",Feros Khan ,"HCG Towers, P Kalinga Rao Road, Sampangi Ram Nagar, Bangalore, Karnataka 560027",77.5927,12.96238
Healing Fields Foundation,1712,"23232842 , 9848041234 ",Gayathri Prashanth ,"Navodaya Colony, Road 14, Banjara Hills, Hyderabad, Telangana 500034",78.44556,17.42638
HEALTH & CARE FOUNDATION,193,"9909942835 , 26610802 ",Dr. Prakash Bhatt ,"PAVANSUT SOCIETY, RAJVADU, JIVRAJPARK, Ahmedabad, Gujarat 380051",72.53585,23.00374
HEALTH & ECO DEFENCE - SOCIETY,8038,9830117184 ,,"MONALISA, 17 CAMAC STREET, Kolkata, West Bengal 700017",88.35233,22.54379
"HEARDS FOUNDATION (Health Environment Education and Rural Development Service
Foundation)",1472,"9448596438 , 274449 ",Harsha P.S. ,"Office Road, Periyapatna, Mysuru, Karnataka 571107",76.08574,12.33428
HEARTFULNESS INSTITUTE,11636,8754470650 ,,"Kanha, Nandigama Mandal, Shantivanam, Rangareddy, Telangana 509325",78.35524,17.22423
Hearts for Hearts (H4H),2996,9841039362 ,,"Justice Jambulingam Road, Mylapore, Chennai, Tamil Nadu 600004",80.27145,13.04783
HELP A CHILD OF INDIA,9834,"9941319966 , 26212621 ",Dr.Christy Solomon ,"Anna Nagar, Chennai, Tamil Nadu 600040",80.20903,13.08527
HELP AGE INDIA FOUNDATION,11286,7079968888 ,,"Ranchi, Jharkhand 834004",85.27795,23.31727
HELP CHILD INDIA FOUNDATION,10353,"8892008800 , 8197666600 ",,"7th A Main, 1st Block, Koramangala, Bengaluru, Karnataka 560034",77.63391,12.93063
Help- Hope's Early Learning Program,12397,"9731246084 , 9886646250 ",,"17th E main 6th block, Koramangala, Bangalore, Karnataka 560034",77.62373,12.93625
HELP THE BLIND FOUNDATION,11157,"9003330197 , 9841930772 ",N Sivaji Rao ,"Bazullah Road, T Nagar, Chennai, Tamil Nadu 600017",80.23678,13.04685
"HELP2EDUCATE FOUNDATION CHARITABLE TRUST
(REGD)",9791,7090212154 ,Venkatesh Muley ,"Sudha Complex, Dr Rajkumar Road, Bengaluru, Karnataka 560010",77.55653,12.99274
HELPING HANDS ORGANISATION,9793,9544171455 ,Ajeesh C Philip ,"ISDL Complex, St. Xaviers College, Menamkulam, Thiruvananthapuram, Kerala 695586",76.86804,8.53202
HERSELF Society,1109,"222381 , 248770 ",,"Bethel Church, Shyam Nagar, Nandyal, Kurnool, Andhra Pradesh 518502",78.47177,15.44271
HERVA FOUNDATION,8420,"26811744 , 9662021744 ",Kunal Mehta ,"Sahaj Silicon Shreyas Complex, Vejalpur, Ahmedabad, Gujarat 380051",72.518,23.0058
Hill Social Welfare Society,5091,9434166419 ,,"Sherpa Building, Primtam Road, Kalimpong, Darjeeling, West Bengal 734301",88.45959,27.04883
"Himalayan Ecology and Treatment of Natural
Agriculture Samiti",12638,222721 ,,"Gusain Bhawan, Vikas N.I.M. Road, Ladari, Uttarkashi, Uttarakhand 249193",78.44516,30.7232
HOME OF FAITH CHARITABLE TRUST,11228,9901397897 ,,"Sabc Bible College, Maruthi Meadows, Hennur Bagalur Road, Kothanur, Keuper School, Bengaluru, Karnataka 560077",77.64832,13.06423
Hope for the Harvest Organization,4234,"9848616234 , 283234 ",,"BSNL BHAVAN, Old Police Station Road, Nelakondapally, Sathupally, Khammam, Telangana 507303",80.83738,17.22204
Hope Kolkata Foundation,2027,"24546488 , 24742904 ",,"Panditya Place, Kolkata, West Bengal 700029",88.35742,22.52286
"HOPE PUBLIC CHARITABLE TRUST(A unit of Social
and Educational welfare trust)",7272,9841330330 ,,"Sarangapani Street, Krishnapuram, Ambattur, Chennai, Tiruvallur, Tamil Nadu 600053",80.14852,13.11964
HRhelpdesk Trust,10322,9811120347 ,,"DLF Phase 1, Gurugram, Haryana 122002",77.08862,28.4774
"HUJUR GOUSUL AAZAM (HGA) RH. SOCIAL
FOUNDATION",10490,"7030099001 , 9172909007 ",Jamir Babu Mulla ,"laxmi vasahat jawahar nagar, tarun mandal, karveer kolhapur, Maharashtra 416012",74.18957,16.69979
Human Education for Liberation of the Poor - Trust,371,9702747277 ,Meghna Golder ,"Sai Adinath,Ramanger South 17th street, Madipakam, Chennai, Tamil Nadu 400091",80.22381,12.97603
Human Touch India,563,9923700342 ,Prisca Ferrao ,"Dugrem, Agassaim, North Goa, Goa 403204",73.89813,15.4275
Human Welfare Charitable Trust,10620,9820737841 ,,"Meghdoot Apartments, Evershine Nagar, Linking Road, Malad West, Movie Time Cinema, Mumbai, Maharashtra 400064",72.83909,19.18552
"HYDERABAD ROUND TABLE NO. 8 CHARITABLE
TRUST",12461,"48511898 , 8142771972 ",,"Pavani Laxmi Nivas, Hitec City Main Road, Madhapur, Hyderabad, Telangana 500033",78.39652,17.43967
IAM FINE FOUNDATION,12270,9372842934 ,,"Pune Bangalore Highway, Mahalunge, Pune, Maharashtra 411045",73.75912,18.58635
Ibtada,373,2180076 ,Panini Bhatt ,"Itarana Circle, Rajgarh Road, 200 Feet Bypass, Alwar, Rajasthan 301001",76.62888,27.5386
Ichapur BrahmanPara Silpa Niketan,7164,9830491688 ,,"Brahmanpara, Ichapur, Nawabganj, North 24 Parganas, West Bengal 743144",88.37133,22.79888
ICHAPUR SOCIETY FOR THE WOMENS OWN IMAGE,7188,9331277638 ,,"West Ghosh Para Road, Shyamnagar, North 24 Parganas, Bengal 743127",88.38195,22.84227
IDIA Charitable Trust,6771,42197924 ,Swati Agrawal ,"Hanumanthappa Layout, Ulsoor road, Bangalore, Karnataka 560025",77.61692,12.97658
IIT ALUMNI CENTRE BENGALURU,10351,9342509088 ,Ramjee Ganti ,"13th Cross, Malleswaram, Benguluru, Karnataka 560003",77.56987,13.00364
INATUREWATCH FOUNDATION,10815,"9987013144 , 9820165525 ",Nishtha Raut ,"Sector 12, Kharghar, Navi Mumbai, Raigad, Maharashtra 410210",73.06645,19.04486
INDIA STEM FOUNDATION,10273,8800890310 ,Mandeep Kaur ,"Block H, South City 1, Sector 41, Gurugram, Haryana 122001",77.07006,28.45937
India Vision Foundation,1953,"47100700 , 47100705 ",Snigdha Verma ,"Uday Park, New Delhi 110049",77.21876,28.55997
Indian Dreams Foundation,753,"7060050184 , 4301184 ",Jyoti Singh ,"Block 11, Kapda Market, Max Showroom, Sanjay Place, Agra, Uttar Pradesh 282002",78.00556,27.1991
INDIAN EDUCATION FOUNDATION,11190,4300870 ,Brij Mohan Singh Rawat ,"Skyline Building, Guru Nanak Nagar, Delhi Road, Meerut, Uttar Pradesh 250002",77.67843,28.95843
INDIAN INSTITUTE OF SOCIAL DEVELOPMENT,7271,9826048482 ,Mr.Rahul Dave ,"Hare Krishna Vihar, Nipania, Indore, Madhya Pradesh 452009",75.92736,22.75501
"Indian Youth Centres Trust, Delhi",11188,8448193236 ,Pradeep Kumar Panda ,"Pt. Uma Shankar Dikshit Road, Teen Murti Marg, Chanakyapuri, New Delhi 110021",77.19369,28.60233
INDIRA PRIYADARSHINI TRUST,12072,42010210 ,,"Brindavan Street, West Mambalam, Chennai, Tamil Nadu 600033",80.22461,13.04221
Iniya Udaiyam Charitable Trust,133,"26555149 , 9444423600 ",Sujatha Sekar ,"Azhagiri Samy Street, Periyar Nagar, Avadi, Chennai, Tiruvallur, Tamil Nadu 600071",80.09226,13.10936
"Institute for Communication and Development
Action (ICDA)",812,"240161 , 9437280493 ",,"Naripur, Bhadrak, Odisha 756100",86.49845,21.06369
"INSTITUTE FOR FINANCIAL MANAGEMENT AND
RESEARCH",9751,40101309 ,Preethi Rao ,"Moores Road, Nungambakkam, Chennai, Tamil Nadu 600006",80.25322,13.06586
INSTITUTE FOR RURAL DEVELOPMENT,12822,"9448507305 , 9480120391 ",,"Institute for Rural Development, LEAD NGO-Bio Fuel Programme, Basav Nilaya, Sadashivanagar-ibrahimpur,Vijayapura, Karnataka 586109",75.72558,16.80157
"Institute for Self Employment and Rural
Development",4446,9437041280 ,KELU CHARAN DASH ,"PANDAPOKHARI, PANASAPADA, BRAHMAGIRI, Puri, Odisha 752011",85.65362,19.79196
"INSTITUTE FOR THE HANDICAPPED AND BACKWARD
PEOPLE",5580,"9883305988 , 7003698107 ",Mrs.L.Khatun ,"Chanditala Branch Road, Behala, Chadaktala, Kolkata, West Bengal 700053",88.33195,22.49317
INSTITUTE OF PUBLIC HEALTH,10182,8026421929 ,,"Institute of Public Health, 2nd C Main Road Cross Girinagar 1St Phase, Bengaluru, Karnataka 560085",77.61988,12.89151
Institute of Social Research & Development,7193,"4228014 , 4228014 ",Vishnu Prakash Pandey ,"Sarvadharm Colony, Kolar Road, Bhopal, Madhya Pradesh 462042",77.42027,23.17784
"INTEGRATED REHABILITATION & DEVELOPMENT
CENTRE",9214,9994507100 ,Reenu ,"Rajaganpathy Nagar, Kakayanthope, Ariyankuppam, Puducherry 605007",79.81855,11.8946
"INTEGRATED SOCIAL & INSTITUTIONAL DEVELOPMENT FOR EMPOWERMENT(InSIDE- North
East)",12320,9862795279 ,,"Eden Inn, Saikul Hill Town, Kangpokpi, Manipur 795118",93.7477,24.6851
INVOLVE LEARNING SOLUTIONS FOUNDATION,12422,9087864370 ,,"Pandav nagar, East delhi 110092",77.27672,28.61396
iPARTNER INDIA,1671,"26528916 , 9873007757 ",Kulsoom Rashid ,"Kaushalya Park, Hauz Khas, South Delhi 110016",77.20431,28.55069
Isha Education,4486,"4272740 , 4272740 ",Prabhu Loganathan ,"Theyvar Layout, Kannaperan Mills Road, Udayampalayam, Coimbatore, Tamil Nadu 641028",76.99737,11.01201
IZAD,1210,2663311 ,Rajarinku ,"Rajendra Nagar, Patna, Bihar 800016",85.16346,25.60659
JAGO BISWA,11615,"9874976292 , 9609942971 ",MD SADRE ALAM ,"HATGACHA, BANIPUR, SANKRAIL, HOWRAH, West Bengal 711304",88.24076,22.57013
Jagrani Foundation,8184,"64611281 , 64611281 ",,"Sunder Block, Shakarpur, East Delhi 110092",77.28289,28.63055
Jagruti Foundation,7917,,,"Sector 8, Sanpada, Navi Mumbai, Thane, Maharashtra 400705",73.0089,19.06159
JAI BHARATI SHIKSHA KENDRA,3412,"271381 , 9425466762 ",,"Majhagawan, sihora, jabalpur, Madhya Pradesh 483334",80.2091,23.40416
JAI JAWAN JAI KISAN TRUST,11721,"43670317 , 45087107 ",BENCY ISSAC ,"ROUSE AVENUE,ITO, BAL BHAWAN & CBSE BUILDING, NEW DELHI, Central Delhi 110002",77.24406,28.62968
Jai Vakeel Foundation & Research Centre,1131,"24702285 , 24701231 ",Mrs.Chetna Bhatt ,"Abhyuday Nagar Building, Sewri Hill, Mumbai, Maharashtra 400033",72.84347,18.98832
JAILAXMI EDUCATION SOCIETY,10713,"41005836 , 9136091118 ",,"Vardhaman Industrial Complex, Gokul Nagar, Hotel United 21, Thane west, Maharashtra 400601",72.97748,19.20607
Jal Bhagirathi Foundation,1115,"2280964 , 9928038002 ",Aditi Chandak ,"Sawai Madho Singh Road, Bani Park, Jaipur, Rajasthan 302016",75.79396,26.9327
Jal Seva Charitable Foundation,9786,8130436608 ,Sheeba Anwar ,"New Block RK Khanna Tennis Stadium, DLTA Complex, Africa Avenue, Delhi 110029",77.18775,28.55936
Jan Gramin Vikas Sansthan,7760,"9450571541 , 9838773415 ",Bijendra Mourya ,"Jakhanian Railway Station, Ghazipur, Uttar Pradesh 275203",83.36944,25.74105
JAN JAGRAN KENDRA,11938,9031681001 ,Sanjay kumar singh ,"PTC Chowk, Kanhari Hill, Hazaribag, Jharkhand 825301",85.37141,23.99795
Jan Jagran Sansthan,279,"2273957 , 9431687863 ",Praveen Chandra ,"Jan Jagran Sansthan, Patliputra Colony, Patna, Bihar 800013",85.11047,25.62926
JAN JYOTI FOUNDATION,10164,"9958715517 , 9958715517 ",,"Dr Ambedkar Nagar, Sector 4, South Delhi 110062",77.23517,28.52061
Jan Kalyan Gramodyog Seva Ashram,12291,"9838201453 , 222188 ",Sarfuddin ,"Nice Niwas Hamid Nagar, Robertsganj, Sonbhadra, Uttar Pradesh 231216",83.06145,24.66562
JAN KALYAN SAMAJIK SANSTHAN,3409,"9424112310 , 229310 ",YOGENDRA PRATAP SINGH ,"Somni, Rajnandgaon, Chhattisgarh 491441",81.07002,21.14163
JAN NIRMAN KENDRA,9135,8002111668 ,,"New Police Line Chowk, Jay Ram Nagar, Kolhua Paigambarpur, Muzaffarpur, Bihar 843108",85.36927,26.14994
Jan Parivartan Sanstha,11846,9654989759 ,Bhawna ,"Sector 29, Faridabad, Haryana 121008",77.32265,28.43329
JAN SAROKAR,4752,9471313371 ,,"Meera DeepSikha, North Office Para, Hinoo, Doranda, RANCHI, Jharkhand 834002",85.32846,23.33667
Jan Sewa Welfare and Educational Society,9775,"9212409993 , 9992227781 ",,"Yadav Bhawan, Khaira Road, Najafgarh, Delhi 110043",76.97453,28.60985
"Janaagraha Centre for Citizenship and Democracy
(JCCD)",776,"41271104 , 40790400 ",Shivkumar Menon ,"UNI Building, Thimmaiah Road, Vasanth Nagar, Bengaluru, Karnataka 560052",77.59722,12.9917
JANANEETHI,1455,"2373479 , 2373479 ",MN Suresh Babu ,"Mannuthy, Thrissur, Kerala 680651",76.26658,10.53042
JANARAKSHA RURAL DEVELOPMENT TRUST,12380,9742290290 ,,"1st Cross, Shineeru Kola Mandya City, Mandya, Karnataka 571401",76.88857,12.52428
JANASADHANA,2140,"2397512 , 2397512 ",,"Surya Nagar, Bhubaneswar, Khordha, Odisha 751003",85.81412,20.26573
Janjagruti Vidyarthi Sangh,1257,8976431045 ,Geeta Surve ,"New Chikuwadi, Mankhurd West, Mumbai, Maharashtra 400043",72.93527,19.05396
Janseva Gramin Vikas Va Shikshan Pratishthan,8187,"9422167175 , 9146018987 ",Mr. Jagdish Raut ,"Darda Nagar, Yavatmal, Manikrao Thakre House, Maharashtra 445001",78.06071,20.51512
Janshakti Chetna Foundation,9443,7906915630 ,,"Radha Valley, Mathura, Uttar Pradesh 281004",77.60853,27.51781
Janvikas Samajik Sanstha,11307,9604182098 ,,"Kaij Beed, Kaij, Maharashtra 431123",76.13961,18.7113
Jat Taluka Bahujan Sikshan Prasarak Mandal,7841,8554915644 ,,"Jath Sale Builind Chatribagh road, Ramraonagar Jath, Sangli, Maharashtra 416404",75.25144,17.02321
JAY BHARATI FOUNDATION- SURAT,12420,9428394566 ,,"Surat Vasudev Smart Primiary school, SMC Quarters, Piplod, Dumas Road, Surat, Gujarat 395007",72.76238,21.11966
"Jay Bharati Foundation, Ahmedabad",2141,"2255600 , 2255600 ",,"Prabhakar ternament, GD high school Road, Saijpur bogha, Naroda road, Ahmedabad, Gujarat 382345",72.62484,23.05046
JBF (INDIA) TRUST,2625,9818241962 ,,"DDA MIG Flats, Shree Awas, Sector 18B, Dwarka, New Delhi 110078",77.04505,28.60019
Jeeva Karunya Trust,4478,9003633054 ,Shyamala Mathavi ,"Green Cross, Pallika thottam, Nehru nagar, Chinnavedampatti, Udiyampalayam, Coimbatore, Tamil Nadu 641006",76.98278,11.06172
JEEVAN ANAND SANSTHA,11159,"9326721987 , 9967000081 ",,"New BMC Colony, Hasnabad Lane, Khar West, Mumbai, Maharashtra 400052",72.83214,19.07163
"Jeevan Jyoti Jan Kalyan Kendra, Gomia",6278,,Suraj Kumar Yadav ,"Saram Nainatand, Tenughat Gomia, BOKARO, Jharkhand 829129",85.32025,23.71728
JEEVAN MARGA CHARITABLE TRUST,11108,9535824374 ,,"Mayavan perumal building, 6th cross, vinayaka layout, Kothanuru, Bengaluru, Karnataka 560077",77.64832,13.06423
JEEVANDHARA BAHUUDDESHIY SANSTHA,7961,8275297090 ,,"Pandharkawada, Mangalmurti layout, Samruddhi Hospital, Kelapur, Yavatmal, Maharashtra 445302",78.55283,20.02431
JEEYAR EDUCATIONAL TRUST,6577,9849120730 ,PBV SUBBARAJU ,"JIVA CAMPUS, SRIRAM NAGAR MUCHINTAL ROAD SHAMSHABAD, RANGA REDDY, Rangareddy, Telangana 509325",78.35524,17.22423
Jesus Foundation Trust,11257,7010568837 ,Mr. Jayaprakash ,"Rishivanthiyam Sangarapuram, Viluppuram, Tamil Nadu 606205",79.09043,11.8112
JESUS SIKSHANA SAMSTHE,12749,9986978199 ,,"Little Angels Primary School, Sindhanoor, Raichur, Karnataka 584128",77.00579,16.16572
Jivan Kalyan Samajseva Mandal,10352,8379058520 ,,"Ingoda, Watephal, Paranda, Osmanabad, Maharashtra 413505",75.40988,18.45735
"JK MAASS Foundation (Jeyaram Karpagavalli
Multipurpose Activites and Social Service Foundation)",385,"2384555 , 2384555 ",M S Jeyaram ,"Corporation School Complex, Pillaimar Street, Arappalayam, Madurai, Tamil Nadu 625016",78.09992,9.93727
JOINING HANDS,2478,"46562485 , 46562487 ",Palashi Kewalramani ,"Amar Colony, New Delhi, South Delhi 110024",77.23146,28.5604
JOYGRAM SOCIAL WELFARE SOCIETY,8568,9635606677 ,,"Joygram, Chakpatli, Hasnabad, North 24 Parganas, West Bengal 743426",88.91693,22.57073
JYOTHIRGAMAYA FOUNDATION,11332,9037046548 ,Deva Manohari ,"Saraswathy Vihar, Ambalamukku, Trivandrum, Thiruvananthapuram, Kerala 695005",76.96536,8.5341
"KAI ABDUL SALAM PATHAN GRAMIN VIKAS
SANSTHA",7300,6567111 ,Ashfaq Pathan ,"Khas Gate, Jinsi Road, Aurangabad, Maharashtra 431001",75.33821,19.88562
Kaivalya Education Foundation,5771,"26642943 , 26642943 ",Meha Bansal ,"Panchsheel enclave, Paldi, South Delhi 110017",77.22733,28.54412
Kajla Janakalyan Samity,280,"256236 , 256236 ",VIVEKANANDA SAHOO ,"Sarada, Haldia, East Medinipur, West Bengal 721427",88.10975,22.06046
Kalinga Social Welfare Organisation,5815,9178081618 ,Ratikanta Gadnaik ,"pathapur, CUTTACK, Odisha 754007",85.47234,20.32574
KALP SAMAJSEVI SANSTHA,8137,9770160847 ,Kavita Dive ,"Link Road, Metro Cinema, Janjgir-Champa, Chhattisgarh 495668",82.56812,21.94191
KALYANI ANIMAL WELFARE FOUNDATION,11333,9818911612 ,,"Bhati, South Delhi 110074",77.18147,28.4429
KAMALA NATARAJAN CHARITABLE TRUST,12457,9865302831 ,,"Chettyakudi Kaliamman Kovil Street, Srivilliputtur, Virudhunagar, Tamil Nadu 626125",77.6311,9.51291
KAMDAR EDUCATION TRUST,8769,"9322439645 , 9665212676 ",,"Amchi shaala building, Babul Pada, Little flower school, Don Lane, Achole road, Nallasopara East, Thane, Maharashtra 401209",72.83814,19.4266
Kamdebpur Rural Development Society,2768,"9732585890 , 9609112688 ",Dr. A. Jaman ,"Baidyapara, Sonarpur, South 24 Parganas, West Bengal 700150",88.43205,22.4382
KARM MARG CHARITABLE SOCIETY,6328,9717323301 ,,"SAIDULAJAB WESTERN MARG, SAKET METRO STATION, South Delhi 110030",77.16102,28.49324
KARNATAKA PRAJWAL SEEVA SANSTHE,10596,9590502389 ,,"2nd main 9th Cross, Sadashiv Belagavi Belgaum, Karnataka 590019",74.48677,15.88522
"KARNATAKA RAJYA BENNUHURI APAGHATADA
ANGAVIKALARA SANGHA",11136,"9740454358 , 8029551107 ",Praveena G ,"Social Rehabilitation Center, B K Road, Magadi, Ramanagara, Karnataka 562120",77.22215,12.99037
Karuna Trust,3297,"22447612 , 22447612 ",Dr Vaishali ,"16th main, 39th cross, Jayanagar 4th T block, Bengaluru, Karnataka 560041",77.59017,12.9206
Kasturben Himmatlal Jani Charitable Trust,1642,"26565750 , 26565950 ",Manuni Upadhyay ,"Vrajbhoomi Apartments, C.N. School Ambawadi, Ahmedabad, Gujarat 380006",72.55129,23.02092
Kaushal Educational and Environmental Society,11247,9898431319 ,,"Jaldarshan Society, Surat, Gujarat 395006",72.84492,21.20689
KAVINAYAM PUBLIC CHARITABLE TRUST,11985,7401550336 ,,"Vellaikuttai, Tirvannamalai, Krishnagiri, Tamil Nadu 635001",78.24688,12.53125
KHALISADY ANUBHAB WELFARE ASSOCIATION,8618,9830794149 ,,"khalisady, Haroa, North 24 Parganas, West Bengal 743425",88.67718,22.60849
Khushiyaan Foundation,12342,9769181218 ,Mr. Swarup Amal Tokal ,"Vibha Bunglow, Sector 05, Shree Nagar, Thane West, Maharashtra 400604",72.94521,19.19036
KIRAN Society,6579,"2670165 , 2670166 ",Ranjeet K Singh ,"Madhopur, Kuruhuan, Shool Tankeswar Temple, Varanasi, Uttar Pradesh 221011",82.97154,25.21508
KOMAL FOUNDATION,8875,"9411411600 , 9045671600 ",,"Peepal Nagar, New Abadi Rehana, Firozabad, Uttar Pradesh 283203",78.38686,27.17277
Kottapuram Integrated Development Society,5505,9633670753 ,Mercy Thomas ,"Kottapuram Integrated Development Society, KIDS CAMPUS, KODUNGALLUR, Thrissur, Kerala 680667",76.20751,10.52399
Krishi Gram Vikas Kendra,529,"2276142 , 6450223 ",Dr.Arvind Sahay ,"Neori Vikas, Rukka, Ormanjhi Block, Ranchi, Jharkhand 835217",85.4131,23.47912
KRISHNA BALLABH WELFARE SOCIETY,9344,"31004529 , 31004529 ",,"Jhikatia Kala, Maigra, Imamganj, Gaya, Bihar 824206",84.6055,24.44991
Kshamata,4895,9819754450 ,Deepika Shinde ,"Gulmohar, Vasant Vihar,Thane West, Maharashtra 400610",72.96638,19.22357
"Kumaon Agriculture and Greenery Advancement
Society",604,"227246 , 227246 ",Miss Shahnaz Qureshi ,"Priya Sadan, Anand Hotel, Pithoragarh, Uttarakhand 262501",80.16439,29.61919
Kumudini Foundation,7023,9480630800 ,,"3rd Cross, 3rd Block, Javarayya Gardens, Thyagarajnagar, Bengaluru, Karnataka 560028",77.56359,12.93532
LAKSHHYA ASSOCIATION,11516,"7817051407 , 7037322203 ",,"BLIND SCHOOL, SHAMSHAD MARKET, ALIGARH, Uttar Pradesh 202002",77.99798,27.84225
LAKSHMI NIRMAL PRATISHTHAN,2345,"2482725 , 2482725 ",,"CIDCO Hotel Ramgiri, Jalna Road, Aurangabad, Maharashtra 431003",75.36239,19.87483
LAKSHYA JEEVAN JAGRITI NGO,10850,8377833458 ,Summaiya ,"Sat Nagar, Karol Bagh, North Delhi 110005",77.18539,28.66109
Laxmipralhad Welfare Foundation,10982,9850378197 ,,"Jafrabad Road Chikhli, Buldhana, Maharashtra 443201",76.25446,20.33909
Leader Source Trust,12181,9748933388 ,,"Sunshine Hill View Society, Morebaug, Katraj, PUNE, Maharashtra 411046",73.86291,18.44833
Lex Alliance Foundation,9452,9818246180 ,Sapna Tanwar ,"A-148, Defence Colony, South Delhi 110024",77.231,28.57323
LEX FOUNDATION,11104,9560461324 ,,"H Block, Raj Nagar II, Palam Colony, New Delhi 110077",77.07791,28.57322
LIFE- LINE TRUST,12815,9843493557 ,Velu ,"3rd cross, chinna thirupathi, salem, Tamil Nadu 636008",78.17317,11.6794
Life Saver Foundation,11577,9004015555 ,,"Padmavati Apartment, Cabin Road, Naupada, Shivaji Nagar, Yashwant Marathe Jewellers, Thane West, Maharashtra 400602",72.96819,19.19094
Light of Life Trust,941,"26557792 , 30016600 ",Kamal Damania ,"G Block, Bandra Kurla Complex East, Mumbai, Maharashtra 400051",72.8682,19.07074
"LIGHT OF LIFE TRUST, TAMIL NADU",11382,9843319465 ,,"Valwinoli Nagar, Marudhu Nagar West, Rajapalayam, Virudhunagar, Tamil Nadu 626117",77.55882,9.43715
Limra Social Welfare Society,8970,"9647752032 , 9733330016 ",Tamijul Haque ,"AZAD NAGAR Chopra, North Dinajpur, West Bengal 733207",88.381,26.40411
LIONS OF PATNA SERVICE TRUST,5343,9431014817 ,Vicky Kumar ,"P.C. Colony, Kankarbagh, Lohia Nagar Mount Carmel High School, Patna, Bihar 800020",85.14807,25.59778
"Literacy Agriculture and Medical Project for Rural
Development",11820,9848511934 ,,"Navbharat Apartments, Santhipet, Phirangipuram, Guntur, Andhra Pradesh 522529",80.26194,16.2972
LITTLEBIGHELP INDIA TRUST,12999,"40012984 , 8420047605 ",Mrs. Kasturi Basuray ,"Camac Court, Camac Street, Kolkata, West Bengal 700016",88.35387,22.54986
LIVELIHOOD CHRISTIAN MINISTRIES,9798,9441772308 ,,"Shubashnagar, Tirumalgiri, SECUNDARABAD, Hydarabad, Rangareddy, Telangana 500015",78.36194,17.37727
LIVING BREAD MISSION,12414,7780523493 ,Geetha ,"Kripa Kamal High School, Narsapur Saripalli, West Godavari, Andhra Pradesh  534275",81.68519,16.45434
"Lok Kalyan Samiti, Delhi",11048,23235505 ,,"Sucheta Bhawan, Vishnu Digamber Marg, New Delhi, 110002",77.2383,28.62963
"LOK SEWA EVAM GRAMIN PRADYOGIKI VIKAS
SANSTHAN",7444,9839722590 ,Preeti Maurya ,"Ranopali, Sahinwa Darshan Nagar, AYODHYA, Faizabad ,Uttar Pradesh 224001",82.17384,26.77881
"LOK VIKAS EVAM MANAV SANSADHAN SANSTHAN
ALWAR (NGO)",9041,"2704316 , 2704316 ",Dilip Gothwal ,"Alwar, Rajasthan 301001",76.54684,27.5462
LOKADRUSTI,10772,"9437071812 , 9556516189 ",,"Gadramunda, Chindaguda, Khariar, Nuapada, Odisha 766107",82.73693,20.3131
Lokmangal Sarva Seva Society,6142,9890951365 ,,"Vyankatesh Vrundawan Society, Nawale Bridge Vadgaon, Pune, Maharashtra  411041",73.82152,18.46512
Lokseva Shikshan Vikas Trust,394,"278050 , 9426567474 ",Javed Umatiya ,"Lokseva Hospital, bhagyoday Hotel, Ratanpur, Danta, Banaskantha, Gujarat  385120",72.8192,24.14282
Look,11426,"9958376546 , 9897916148 ",,"Western Mall Janakpuri West, South Delhi, 110058",77.10372,28.60787
LOOK FOR CHILD FOUNDATION,12439,9211232427 ,,"Jahangir Puri, North West Delhi 110033",77.16839,28.72842
Love and Care India Trust (LACIT),162,"2553808 , 9960607288 ",Dilip Randive ,"Sunil Jonathan Mission Bungalow, St. Ursula School Compound , VCA Ground Civil Lines, Nagpur, Maharashtra  440001",79.07197,21.1518
M S Swaminathan Research Foundation,6361,"22541229 , 22541229 ",Bhavani R V ,"Third Cross Road, Taramani Institutional Area Chennai, Tamil Nadu 600113",80.24247,12.98436
M. B. BARVALIA FOUNDATION,9080,"25010551 , 9137890451 ",,"Holistic Mother-And-Child Care Hospital, govandi, deonar, Mumbai, Maharashtra  400043",72.92687,19.06355
"M. Rajagopalan Chitra Educational Social and Divine
Trust",8109,9843158249 ,R CHITRA ,"Katchery Road, Tiruturaipundi, Tiruvarur, Tamil Nadu 614713",79.63268,10.52819
Madan Bahuuddeshiya Sevabhavi Sanstha,10990,9764011680 ,,"Gramsachivalay Building , Aurangabad Road Shelagavon , Badnapur, Jalna Maharashtra  431202",75.7112,19.84423
MADHUVAN EKTA VIKAS WELFARE SOCIETY,10465,9873281417 ,,"Vipin Garden, New Shweta Public School, Uttam Nagar, New Delhi , West Delhi 110059",77.02819,28.6221
MADHYA PRADESH VIKLANG SAHAYATHA SAMITI,2168,"2511031 , 9425332740 ",JIJO GEORGE ,"Manovikas, Sector 9, Jawahar Nagar, Ujjain, Madhya Pradesh  456010",75.79303,23.15595
Magic Bus India Foundation,396,"62434848 , 62434823 ",Rohit Sudan ,"Reliable Plaza, Thane Belapur Road, Airoli, Navi Mumbai, Mumbai, Maharashtra 400708",72.99929,19.16932
"MAHAMANAV BABA AMTE BAHUUDDESHIYA
SAMAJIK VIKAS SEVA SANSTHA",10153,8788263630 ,Mukul Muzumdar ,"Kulkarni Wada, Gavli Galli, Savarkar Chowk, Shrigonda, Ahmednagar, Maharashtra  413701",74.75293,18.59404
"MAHAROGI SEWA SAMITI, WARORA",10017,282034 ,Dr. Sheetal Karajgi ,"Anandwan, Warora , Chandrapur, Maharashtra  442914",79.08423,20.31585
MAHILA GRAMODYOG SEVA SAMITI,7358,9415836938 ,Mr.Sanjay Mishra ,"Zamin Baramadpur, Muhammadabad Gohana, Mau, Uttar Pradesh  276403",83.37104,26.03232
"Mahila Kalayan Samiti Dhori,Bokaro",760,"222117 , 9955509286 ",Bhawani Shankar Bharti ,"Staff Colony , Dhori Dispensary, Dhori, Bokaro, Jharkhand  825102",85.98687,23.7645
MAHILA MANDAL BARMER AGOR,6755,9414107446 ,Sarana Akhtar ,"Indira Colony, New Power House, Barmer, Rajasthan 344001",71.40352,25.76669
Mahila Seva Sangh,8393,"235241 , 235241 ",,"Haddo , Mini Zoo, Port Blair, South Andaman, Andaman and Nicobar Islands 744102",92.72359,11.67557
"Mahila Shishu Kalyan Sansthan Evam Hastshilp Kala
Prashiksan Kendra",10317,"9835466251 , 9801738741 ",Er. Faiyaz Alam ,"Manichapper , Idea Tower , Hathua, Gopalganj , Bihar  841436",84.29443,26.34524
MAHILA UTTHAN,6966,9839109199 ,GIRISHWAR MANI ,"KATRARI, Deoria, Uttar Pradesh 274001",83.813,26.46403
Mahila va Apang Balvikas Sanstha,10374,"9769254189 , 9819029272 ",Prathmesh Pandey ,"Nutan RS Vidyalaya, Nutan Pandey Marg , Titwala, Thane, Maharashtra 421605",73.24769,19.3223
Maithree,241,"9444398401 , 42174825 ",John Rajkumar ,"Second Cross Street, Ganga Nagar, Kodambakkam, Chennai, Tamil Nadu  600024",80.21794,13.04506
MAITREYI MAHILA MANDAL,9448,9821547129 ,,"Krishna Sadan, Sitladevi Temple Road, Mahim, Mumbai , Maharashtra  400016",72.84185,19.03543
MAITRI,7670,"9031079796 , 8593947919 ",,"BRINDAVAN HOSPITAL CAMPUS, RANCHI ROAD, MARAR, Ramgarh, Jharkhand  829117",85.51361,23.66391
"Makhla Muktadhara Rehabilitation Centre for the
Disabled",10570,9748711447 ,,"Iswar Chowdhury Road, Madhya Para, Rahara, Khardaha, Kolkata, North 24 Parganas, West Bengal 700118",88.38907,22.72476
Makkal Vilipunarvu Kalvi Sangam,400,"264022 , 264022 ",,"Santhaipettai Street, Srivilliputtur, Virudhunagar, Tamil Nadu 626125",77.6311,9.51291
MANAS INDIA FOUNDATION,10209,8700030503 ,,"Rama Banquet Hall, Noida, Gautam Buddha Nagar, Uttar Pradesh 201304",77.37858,28.53283
MANAV Foundation,1462,24368984 ,Binafer Jesia ,"Swarajya CHS, Senapati Bapat Marg, Dadar West, Mumbai, Maharashtra  400013",72.83638,19.01224
Manav Kalyan Trust,1533,"27496640 , 9426062083 ",,"Swastik Super Market, Popular House, Ashram road, Ahmedabad, Gujarat 380009",72.55426,23.03495
Manav Pragati Sansthan,4684,"258054 , 9414665855 ",,"Usmanabad Colony, Churu, Rajasthan 331001",74.95384,28.29004
"Manav Seva Sansthan ""SEVA""",4742,8691933000 ,Rakesh Nair ,"Vikas Nagar Colony, Bargadwa Gorakhpur, Uttar Pradesh 273007",83.35616,26.80541
Manav Vikas Kendra,10554,9980004362 ,Jnaneshwar Dhulakhed ,"Lingeshwar Temple, Banagar Galli, Jorapur Peth, Bijapur, Karnataka 586101",75.70484,16.83026
MANAV VIKAS SEVA SANGH,5778,8718805801 ,Praise Thomas ,"Manav Vikas, Patkuzhi Road, Bararu, Jinda Village, Sagar, Madhya Pradesh  470001",78.77128,23.91323
MANDAKINI MAHILA VIKAS SANSTHAN,9882,"7895654192 , 286864 ",,"Jawahar Nagar, Agastyamuni , Rudraprayag, Uttarakhand 246421",78.98526,30.48091
Mandliya Vikas Sansthan,12444,9058047555 ,,"Chandpur, Bijnor, Uttar Pradesh  246725",78.26289,29.14144
MANDRA LIONS CLUB,9177,9434033145 ,,"Saradapally, Rajbari Road , Baghmundi, Purulia, West Bengal 723152",86.05618,23.19713
MANGAL CHARITABLE TRUST,4298,"2210551 , 2210551 ",Akshay Jethi ,"SOMNATH MANDIR, ANAND NAGAR , Bhavnagar Gujarat 364001 ",72.13893,21.77433
Manjul Mahila Kalyan Samiti,9056,"9451054472 , 2231052 ",,"ADA Colony Neem Sarai , St Vishna School, Allahabad, Uttar Pradesh  211011",81.8027,25.44893
Manoday Samaj Kalyan Sanstha,1496,"235470 , 9923914056 ",,"Ram Mandir, Karanja, Kamargaon, Washim, Maharashtra 444110",77.55492,20.65596
Manovikas Charitable Society,620,"9911107772 , 49058710 ",,"Radhey Puri Extension Swami Dayanand Marg, East Delhi 110051",77.29705,28.64564
Manthan The Achievement,7195,9239306736 ,Sunita  Dutta ,"Dr. A.N.Paul Lane, Bally, Howrah, West Bengal 711201",88.3445,22.6464
Manuvikasa,983,"249729 , 249729 ",,"MANUVIKASA, Suman Building, Agasebagil, Sirsi, Uttara Kannada, Karnataka 581401",74.84902,14.6204
"Markaz-E-Adab-O-Science (Centre for Literature, Comparative Religion, Career Guidance and Training)",7938,"2532060 , 2532060 ",,"Bariatu Housing Colony, Ranchi, Jharkhand 834009",85.36,23.39843
MASS WELFARE SOCIETY,6282,24417609 ,Samiran Mullick ,"KN Sen Road, Kolkata, West Bengal 700042",88.38301,22.51951
MAULANA ABUL KALAM AZAD EDUCATION TRUST,4309,9833180353 ,Arun Devrukhkar ,"Transit Camp, dharavi, hussaniya masjid, Mumbai, Maharashtra 400017",72.85482,19.0447
MAUNA DHWANI FOUNDATION,10682,28542995 ,Geeta Naidu ,"Shree Maruthi Prasanna, Ramagondanahalli, Whitefield, Bengaluru, Karnataka  560066",77.72869,12.9775
MAYA FOUNDATION,4892,"9830247250 , 9007095806 ",,"Arvind Tower, APC Road, Kolkata, West Bengal 700004",88.37625,22.59424
MED Charitable Trust,11898,8220431651 ,Dr.Dhevahi Elumalei ,"Siraj Street, Ayyavoo Naidu Colony, Amjikarai, Chennai, Tamil Nadu 600029",80.21771,13.07163
MEDIHELP FOUNDATION,7697,9891015588 ,,"Rajdhani Apartment, kalindi Kunj Road, Shaheen Bagh, Jamianagar, South Delhi 110025",77.29445,28.56156
Meera Foundation,1597,"9842085893 , 245098 ",RAJA MOHAMED ,"Theiva Nagar, Aalathur, Oomachikulam, Thirumalpuram, Madurai Tamil Nadu 625014",78.15852,9.98405
Meghshala Trust,7266,"7675095839 , 7259704180 ",Mr. Subham Som ,"OLD MADRAS BANK ROAD, Richmond Road, Bangalore, Karnataka 560001",77.60205,12.97294
Men Against - Violence and Abuse,4252,9870307748 ,,"Parishram Building, Bhandar Lane, LJ Road, Mahim, Mumbai, Maharashtra 400016",72.84236,19.03766
Menaba Charitable Trust,1543,22745418 ,Girishbhai Patel ,"Manthan Apang Kanya Seva Sankul, HAJIPUR KALOL, Gandhinagar, Gujarat 382721",72.4871,23.25462
Mera Parivar,2539,"4140298 , 9910223129 ",,"Sector 14, Gurugram, Haryana 122001",77.04585,28.47236
Mercy Foundation,10694,7008160803 ,,"Kamthana, Bhawanipatna, Kalahandi, Odisha 766002",83.16354,19.93085
MICROX FOUNDATION,9003,9968300951 ,Mayank Jain ,"New Colony Chhotki , Delha , Gaya, Bihar 823002",84.99609,24.83584
MILLION SPARKS FOUNDATION,11072,9811099351 ,Saumya Maurya ,"sector 63, Noida, Gautam Buddha Nagar, Uttar Pradesh 201301",77.37989,28.60498
MIMAANSA,8430,"9819697933 , 21713061 ",Avantika Joglekar ,"Siddhachal phase 1, Vasant Vihar High School, Pokhran Road 2, Thane West, Maharashtra 400610",72.96782,19.22779
MISBAH,4409,9910126035 ,Shabab Alam ,"J-Extension Laxmi Nagar, Anar Wali Masjid, New Delhi East Delhi 110092",77.27482,28.63636
MISSION DEEP EDUCATIONAL TRUST,12337,8448922751 ,Dr. Pawandeep Singh ,"Ranjit Avenue, Amritsar, Punjab 143001",74.86032,31.65693
"MISSION FOR ANATH DEVELOPMENT AND WELFARE
SOCIETY",5595,"8859100896 , 9411313403 ",Mr.Kapil Gurung ,"Stephen Diyali Director Mission for Anath Development & Welfare Society Sahara Christian Academy , Gussain Bhawan Joshiyara, Uttarkashi, Uttarakhand 249193",78.47002,30.8584
MISSION TO THE UNREACHED,7017,"22718340 , 9560731346 ",,"Church Building, New Ashok Nagar Delhi  110096",77.3095,28.59316
Mitra Technology Foundation,284,"9818003121 , 26217460 ",,"East of Kailash, New Delhi 110065",77.25086,28.55784
MITSUKO TRUST,11182,9326128065 ,,"Rebelo building, Cafe Bhonsale, Panjim, North Goa 403001",73.82653,15.48524
MOB Rural Health Centre,11498,"7559817952 , 8553461143 ",,"Mathrujyothi convent, Siddartha Lay Out, Yethagadahalli, Cheernahalli Road, Mandya , Karnataka 571403",76.94184,12.50815
Mohan Foundation,2016,"26263372 , 9444607000 ",Dr. Koti Reddy ,"Toshniwal Building, Kilpauk Garden Road, Chennai, Tamil Nadu 600010",80.23343,13.08345
MORIGAON MAHILA MEHFIL,6627,9435164216 ,,"MMM Office, CIVIL HOSPITAL ROAD, Morigaon, Assam 782105",92.32951,26.22883
Mother Teresa Jan Kalyan Samiti,5283,"9760035818 , 9536636363 ",,"Radha road, Nagar Palika Market, Rampur, Uttar Pradesh 244901",79.01446,28.80769
MOTHER TERESA TRUST,12085,9003038865 ,,"Sharma Street, Vijay C Block, Ganapathipuram, East Tambaram, Chennai, Tamil Nadu 600059",80.11596,12.91931
MOTIVATION INDIA,11852,"25438669 , 29700986 ",Veena ,"7th Main Road, 2nd Block, HBR Layout, Bengaluru, Karnataka 560043",77.62488,13.02504
Mukti Rehabilitation Centre,6546,"90072036 , 65021101 ",Poushali Sengupta ,"Ramkrishnapally Dashadrone, Gopalpur, Rajarhat New Town, North 24 Parganas, West Bengal 700136",88.45731,22.63003
Multi Vision Foundation (MVF),8980,9868033050 ,Anil Kumar Singh ,"Gali No.1A, Swatantra Nagar, Narela, North Delhi 110040",77.09565,28.84066
"Multipurpose Activities for Noble Assistance and
Benevolence for Integrated Community",2597,"9831433930 , 9433933050 ",,"Mahajatinagar, KOLKATA, BIRATI, North 24 Parganas, West Bengal 700051",88.43804,22.66169
Murshidabad Ursa Rural Development Society,6496,9332567676 ,Pappan Hamid ,"Hatcomplex, Islampur, Berhampore, Murshidabad, West Bengal 742304",88.46334,24.14194
Muskaan Dream Creative Foundation,11628,9754175881 ,Rishabh Arya ,"Orange Woods, Sirol Road, City Center Extension, Anupam Nagar, Gwalior, Madhya Pradesh 474001",78.19918,26.19417
MUSLIM INDUSTRIALISTS ASSOCIATION,12055,8762880000 ,,"Darus Salam Building , Queens Road, Shivajinagar, Bengaluru, Karnataka 560001",77.59717,12.9824
"MUTHAMIL EDUCATION AND RURAL DEVELOPMENT
SOCIETY",2277,"244207 , 244207 ",N.Vaijeyanthi ,"MERDS, ULUPPAGUDI, Natham Dindigul, Tamil Nadu 624401",78.19519,10.23917
MY FRIENDS ASSOCIATION,12426,9014360108 ,,"Gamallapalem, East Gudur, old lemon market area, Gudur , Guntur , Andhra Pradesh 524101",79.81094,14.1401
Myna Mahila Foundation,11036,"7208880031 , 9326127527 ",Iman Sayed ,"Anurag Business Center, Amar Cinema, Kelkar Wadi Road, WT Patil Marg, Chembur, Mumbai, Maharashtra 400071",72.8971,19.0554
Mythri Sarva Seva Samithi,12705,"9448447701 , 9844040169 ",Shashikala N ,"Four Corner Lotus Apartment, 9th A Cross, A Sector, Yelahanka New Town, Ganesha Park, Bengaluru, Karnataka  560064",77.6009,13.10508
Nadia Seva Sangha,835,6289562878 ,Lawrence Gomes ,"Cathedral Road, Krishnagar, Nadia, West Bengal 741101",88.48794,23.40537
NAGARJUN TRAINING INSTITUTE NAGPUR,10805,8956578761 ,Maitreyanath ,"Nagaloka, Akashwani Relay Station, Bhilgaon, Kamptee Road , Nagpur, Maharashtra 440026",79.14265,21.19734
"Nagpur Medical Board of Western Regional Board of
Health Services",721,"2535317 , 2522370 ",Dr. Vilas Shende ,"Maharajbagh Road, Amravati Road, Sitabardi, Nagpur, Maharashtra 400001",79.07439,21.14529
Nai Pahal Trust,8369,"9953683034 , 9212467247 ",Alpna ,"New Seemapuri, North East Delhi 110095",77.32795,28.68883
Nai Umang Positive Welfare Society,1769,"28763874 , 28763874 ",Suresh Mangla ,"Than Singh Nagar, Anand Parbat, CNG Petrol Pump, North West Delhi 110005",77.1741,28.66231
NalandaWay Foundation,5616,"9884499196 , 43500127 ",Harish Bhaskar ,"Anna Nagar, Chennai , Tamil Nadu 600040",80.20903,13.08527
Nalantha Educational Trust.,6321,9842177203 ,V. Rajendran ,"Anbalaya Campus, Sellamanthadi, Dindigul, Tamil Nadu  624005",78.02497,10.44616
NANA NANI FOUNDATION,9764,"9632906902 , 40358585 ",,"A to Z Estate, GK Kadam Marg, Lower Parel West, Mumbai Maharashtra 400013 ",72.83628,19.00745
Nandini Social Welfare Society,7595,9401584009 ,Arup Kumar Chowdhury ,"Santipara, LBS Road, Rangapara, Sonitpur, Assam 784505",92.68455,26.81992
NATH SANSKRITI SEVA SANSTHAN,12366,8949246629 ,,"Phoolbagh colony, Bharat gas agency, Amber, Jaipur, Rajasthan 302028",75.89734,27.03335
"National Association For The Blinds (Employment &
Training)- Manesar",7562,"4869792 , 4116765 ",Mr.Arjun Mishra ,"Sector 8 , IMT Manesar, Dhana Village , Gurugram, Haryana 122050",76.8978,28.35935
"National Society for Equal Opportunities for the
Handicapped (India)",412,"25225830 , 25220225 ",Nagraj Poornamath ,"Postal Colony Road, Chembur, Mumbai, Maharashtra 400071",72.88376,19.07454
Nature Labs,12646,9443506276 ,Babu ,"Samaiyan Nagar, Coimbatore, Tamil Nadu 641020",76.95997,11.03445
Nav Bharat Jagriti Kendra,414,9431140508 ,Anand Abhinav ,"Amrit Nagar, Korrah, Hazaribag, Jharkhand 825301",85.3631,24.00917
Nav Chetna,6545,9888754488 ,,"Attri Niwas, RK Traders, Khalini, Shimla, Himachal Pradesh 171002",77.17073,31.09004
NAV DISHA EDUCATION & WELFARE SOCIETY,1897,"2679999 , 2679999 ",Naresh ,"Nav Disha Special School, SIDHRAWALI, Gurugram, Haryana 122413",76.88415,28.28407
Nava Jyothi Youth Club,7586,"9963812345 , 9701289777 ",Neeraja Kalakuntla ,"Vinayak Nager, RAMAYAMPET, Medak, Telangana, Andhra Pradesh 502101",78.43719,18.11725
NAVAJEEVANA GRAMINA ABHIVRUDHI SAMSTHE,11970,"9448825470 , 9481364182 ",G. Maria David ,"SBI Bank, Begampurpet, Mudgal, Lingsugur, Raichur, Karnataka 584125",76.38883,15.96152
Navchetana Sarvagin Vikas Kendra,11602,9403732424 ,,"Samta Nagar, Kaij, Beed, Maharashtra 431123",76.0543,18.71156
Navkar Cheritable Trust,1418,"224464 , 9824393509 ",,"Mahuva Nagrik Bank, Vasitalav, Mahuva, Bhavnagar, Gujarat 364290",71.74887,21.08624
NAVONMESH PRASAR FOUNDATION,12925,7801996714 ,Payal Jain ,"Maitree Vihar, Chandrasekharpur, Bhubaneswar, Khordha, Odisha 751023",85.81516,20.31018
"Nawamita - The Society for Underpriviledged
Upliftment",3324,9748910506 ,,"Picnic Garden Road , Bondel Gate Bridge, Tiljala, Kolkata, West Bengal 700039",88.38212,22.52719
NAYA SAWERA SOCIETY,12381,"9649020121 , 9785020380 ",Akhilesh Kakani ,"Classic Residency, Hem Marg, Swage Farm, NS Road, Sodala, Jaipur, Rajasthan 302019",75.76994,26.89164
NAZIM FOUNDATION,11401,9029730834 ,,"Premier Residency, Kohinoor Club House, Kurla West, Mumbai, Maharashtra 400070",72.88031,19.07425
Neptune Foundation,5157,"67770600 , 9320090322 ",Balasaheb Babar ,"Magnet Mall, LBS Road, Bhandup West, Mumbai, Maharashtra 400078",72.93233,19.14197
NESAM Trust,783,9688408090 ,,"Nachiyar Kovil Road, Woraiyur , Tiruchirappalli, Tamil Nadu 620003",78.67333,10.82791
NETRAM EYE FOUNDATION,12197,"9958127433 , 9212646655 ",Ranvijay Singh ,"CR Park , New Delhi , South Delhi 110019",77.24621,28.54359
Network of Beed by People Living with HIV AIDS,7918,9373348094 ,,"Navjeevan Colony, Beed, Maharashtra 431122",79.07607,21.11359
Network of Entrepreneurship & Economic Development (NEED),3473,"2712311 , 2712671 ",Anil K Singh ,"Neel Vihar, 14 Sector Power House, Indira Nagar, Lucknow, Uttar Pradesh 226016",81.00179,26.89386
NEW EDUCATION FOR RURAL UPLIFTMENT,2486,"252073 , 252073 ",,"NERU Trust TELC Mission Compound, Peraiyur Road, Usilampatti, Tiruvannamalai, Tamil Nadu  625532",77.78299,9.95268
"New Education Group - Foundation for Innovation
and Research in Education",5806,"26526570 , 26526570 ",,"Sarvodaya Enclave, Mother's International School, New Delhi 110017",77.20228,28.54021
New Hope Charitable Society,12230,9169490000 ,,"Sector 21 B, Faridabad, Haryana 121001",77.30154,28.41538
New Resolution India,2052,"25274628 , 9167562931 ",Prachi Muktibodh ,"Kamgar Nagar, Nandikeshwar Temple, Kurla East, Mumbai, Maharashtra 400024",72.88467,19.06303
Nidan,286,"2220773 , 2220772 ",Wajiha Aziz ,"MAURYA TOWER, MAURYA LOK COMPLEX, Patna, Bihar 800001",85.1287,25.60495
NIPUN,2426,"25270903 , 9810694867 ",Pradeep Kumar ,"Paschim Vihar, West Delhi 110087",77.08557,28.66995
Nirbal Sewa Samiti,8075,9450326683 ,,"Belloli , Rasulpur Estate , Mau , Uttar Pradesh 276306",83.61783,26.20275
"Nirmal Educational and Health (Public) Charitable
Trust",12067,7966174445 ,Neeraj Tiwari ,"Sukirti Tower, ISRO, Near Prerna Tirth Derasar, Ramdevnager road, Satellite, Ahmedabad, Gujarat 380015",72.51641,23.02045
Nirmalnagar Prantik Samaj Unnayan Samity,12334,7407328783 ,,"Don Bosco Road, Nirmalnagar, Krishnagar, Nadia, West Bengal 741101",88.48259,23.40012
NISARGA FOUNDATION,11412,257873 ,Divya M R ,"Henchinamane Belaganahalli Road , H D Kote Town, Mysuru, Karnataka 571114",76.25836,12.08569
NISHABDHA SEVA TRUST,10498,"9790724069 , 9176338250 ",Sangeetha ,"Tamilar street , Choolaimedu, Chennai , Tamil Nadu 600094",80.2148,13.06016
Nityaasha Foundation,8930,9960024019 ,Anuja Shams ,"Ruby Hall Clinic, Dhole Patil Road, Pune, Maharashtra 411001",73.87617,18.53515
NIVAL SAMUDAY KALYAN SANGH,3609,9868167525 ,,"DR AMBEDKAR NAGAR, SECTOR 4, MADANGIR, South Delhi 110062",77.23306,28.51775
NIVEDITA FOUNDATION,13002,"233199 , 9300761246 ",Santan Das Manikpuri ,"Stationpara, Sakti, Janjgir Champa, Chhattisgarh 495689",82.90964,22.00858
Nurturing Minds Charitable Trust,11839,9930910388 ,,"Sonawala Buildings Tardeo, Mumbai, Maharashtra 400067",72.81527,18.96872
Oasis foundation,772,"9994242791 , 243718 ",,"Society Colony, Oddanchatram, Dindigul, Tamil Nadu 624619",77.74209,10.48715
OLIVE FOUNDATION TRUST,11105,42000397 ,,"Chikkadapally, Chandana Brothers Showroom, Hyderabad, Telangana 500020",78.49426,17.40386
OM CHARITABLE TRUST,11185,9444022446 ,,"Five Furlong Road, Guindy, Chennai, Tamil Nadu 600032",80.21241,13.00197
OM MAA HATIASUNI TRUST,4740,"9439541470 , 9439541470 ",SUDARSAN PANDA ,"HOUSING BOARD COLONY, CHANDRASEKHARPUR, ADITYA CARE HOSPITAL, BHUBANESWAR, Odisha 751016",85.82022,20.33038
"Om Prakash Network of People Living with HIV/AIDS-
A support group (OPNP)",10950,9354215884 ,Aarif ,"Jeewan Park, Som Bazar Road, Apaar Nurshing Home, Uttam Nagar, North West Delhi, 110059",77.04704,28.62727
Operation ASHA,419,9310298004 ,Prateek Ahuja ,"Sarita Vihar, Fire Station, New Delhi 110076",77.29594,28.53485
"Organisation for Friends, Energies and Resources",8907,"25780810 , 25780810 ",Pabak Sarkar ,"BT Road, Dunlop Bridge, Kolkata, West Bengal 700108",88.37741,22.65311
Orissa Rural Infrastructure Development Association (ORIDA),969,"220216 , 220216 ",Dillip Kumar Sathua ,"DURGABAZAR COLONY, DASPALLA, Nayagarh, Odisha 752084",84.85304,20.33242
OSCAR(Organisation for Social Change Awareness and Responsibility) Foundation,6945,"69529005 , 9619254979 ",Suraj Patro ,"Malhotra Chambers, Police court Lane, Fort , Khadi Bhandar, Mumbai, Maharashtra 400001",72.83445,18.93592
"PADMANABHAM EDUCATION AND CHARITABLE
TRUST",11475,"9727223999 , 9879718759 ",DR. BRINDA MYANGAR ,"MANINAGAR, LATI PLOT, JASDAN, Rajkot, Gujarat 360050",71.27227,22.07181
PANDIT JAGANNATH JOSHI CHARITABLE TRUST,7523,"2341370 , 9414056633 ",,"SHRI RAMPURI, NIWARU ROAD, JHOTWARA, JAIPUR , Rajasthan 302012",75.73726,26.95842
PARAMARTHI- EK PRAYATAN,11309,"49787249 , 8860224498 ",Chander Shekher Batra ,"Vadhman Bee Pee Plaza, Sector 5, Dwarka, South West Delhi 110075",77.05718,28.59795
"PARENTS ASSOCIATION OF MENTALLY
HANDICAPPED OF JAMSHEDPUR",2432,"6552214 , 9234672214 ",,"Swarna Vihar, Sonari, East Singhbhum, Jharkhand 831011",86.1702,22.8238
PARIBESH UNNAYAN PARISHAD,2999,9002497090 ,,"Raipur Road East, Jadavpur, Kolkata, West Bengal 700032",88.37024,22.48884
Paripurnata,8545,9830792384 ,,"Lenin Sarani, Kolkata, West Bengal 700013",88.35698,22.56355
PARIVARTAN SANDESH FOUNDATION,5702,9810667332 ,Mukesh Garg ,"D Block , Saket, South Delhi 110017",77.20324,28.52218
Parivartan Sheel Sanstha,9063,7738589212 ,,"Akruli Karuna Society, Lokhandwala, Kandivali East, Mumbai, Maharashtra 400101",72.87201,19.19713
Parivarthana (The Rural Development Society),1121,9880444749 ,D Shankarappa ,"Government Hospital HK Road, Shiralakoppa , Shivamogga, Karnataka 577428",75.25157,14.38143
Partnering Hope Into Action Foundation,6605,26258107 ,Shivkumar Sharma ,"South Extension II, South Delhi 110049",77.21927,28.56486
PARVATI SWAYAMROJGAR,5632,9766606917 ,,"Mega Center, Pune-Solapur road, Hadapsar, Pune, Maharashtra 400028",73.92635,18.5029
PATHWAY INDIA,11811,8249361340 ,,"Sri Ram Mandir Road, Phulbani, Kandhamal ,Odisha 762001",84.22906,20.47963
PATMOS EDUCATIONAL AND CHARITABLE TRUST,10308,"9739973959 , 9972971694 ",Asha Vinod ,"2nd Cross, Shivaji Road , Mysuru, Karnataka 570008",76.55344,12.20398
Pawansut Servangin Vikas Kendra,1375,"2214425 , 8986000000 ",Dr Rakesh Dutta Mishra ,"Sri Suresh Dutta Mishra, Chandpur Bela, Patna, Bihar 800001",85.1287,25.60495
PAYIR TRUST,2488,"234644 , 234644 ",Preethi Xavier ,"Thenur, Kalathur Kunnam, Perambalur, Tamil Nadu 621114",78.71723,11.11919
Peepal Foundation,287,"25810913 , 9850090889 ",,"Jai Shivshankar Hsg Society , Sapras Police Chowki, Alandi Road , Pune, Maharashtra 411003",73.85677,18.55686
"PEOPLE FOR REHABILITATION AND EMPOWERMENT
OF MANKIND (PREM)",11774,9810134132 ,,"Princeton Floors, Sector 51 , Gurugram , Haryana 122018",77.06125,28.42367
PEOPLEPRO FOUNDATION,9461,9886163517 ,Deepa Shibu ,"Vasavi Plaza, Kamanahalli Main Road , Kamanahalli, Bengaluru, Karnataka 560043",77.63576,13.01459
PEOPLES AWARENESS AND LEGAL AID MOVEMENT,2838,"314768 , 295182 ",,"PERIYANAYAKIPURAM, THIRUTHURAIPOONDI, Tiruvarur, Tamil Nadu 614713",79.63938,10.53205
People's Cultural Center (PECUC),288,"2740432 , 2740178 ",,"Sailashree Vihar, Bhubaneswar, Khordha, Odisha 751021",85.80639,20.33256
People's Endeavour for Social Change,11328,"8731046704 , 8731046704 ",Namkhinlung Pamei ,"Thomas Gangmei building, Spring valley, Kamranga, Jiribam, Tamenglong , Manipur 795141",93.70087,25.2226
Peoples Participation,7161,9339126219 ,,"Dankuni, Hooghly, West Bengal 712311",88.28695,22.67981
PEOPLE'S SCIENCE INSTITUTE,9916,"2971954 , 8218137213 ",Dinesh Sharma ,"ITBP Road, Sun Park Inn Hotel, Kanwali, Dehradun, Uttarakhand 248001",77.99979,30.30607
PLANET MARS FOUNDATION (R),11038,8296081551 ,Crystal ,"Amma, Kote Link Road, Milagres College, kallianpur, Santhekatte, Udupi , Karnataka 576114",74.73084,13.38469
Planned Social Concern,3393,"2441214 , 9649918857 ",sakshi sharma ,"ARPIT NAGAR , GANDHI PATH, VAISHALI NAGAR , Jaipur, Rajasthan 302021",75.74837,26.90536
PLANT & ANIMALS WELFARE SOCIETY,5956,"9820161114 , 9920777536 ",NILESH BHANAGE ,"SAVITRI SADAN, DR MUKHARJI ROAD, DOMBIVLI, Thane, Maharashtra 421201",73.09355,19.21836
Pondicherry Kidney Foundation,425,8754038971 ,V.gnana Priya ,"Velayuthham Pillai Street, Manjini Nagar, Muthialpet , Puducherry 605003",79.83331,11.9491
Population First,829,9167902776 ,Pooja Nagdev ,"Paramhans CHS Ltd, Ramkrishna Nagar, new RTO, Thane, Maharashtra 400604",72.95058,19.19497
Positive People,6593,9767200473 ,Ashwini Naik ,"CMM Furniture Showroom, Vaddy, Merces, North Goa , Goa 403005",73.84764,15.47795
PRABHA EDUCATION TRUST,11112,9970063399 ,,"Bhera Enclave, Paschim Vihar, New Delhi , South Delhi 110087",77.09148,28.66934
Prabhat Sansthan Dholpur,8627,9785374311 ,,"Rajor, Saranikhera, Saranikhera, Bari, Dholpur, Rajasthan 328030",77.61634,26.64661
Pragati Jubak Sangha,6910,9937673276 ,,"Dolamndop, Sukleswore, Chandbali block road, Bhadrak, Odisha 756133",86.74179,20.80093
PRAGATI PATH,2184,"2480482 , 9415194988 ",,"PRAGATI PATH, Dindayal Nagar, Sipri Bazar, Jhansi, Uttar Pradesh 284003",78.54684,25.4601
Pragati Vidya Prasarak Sanstha,2846,"221504 , 9172204188 ",Mr V L Patil ,"Lokmanya Colony, Nandurbar, Maharashtra 425412",74.21397,21.34089
"PRAGATI, KORAPUT",5651,"250241 , 9437025045 ",Dr. Luna Panda ,"Pujariput, Koraput, Odisha 764020",82.5855,19.00232
PRAHAR,2185,"230891 , 230891 ",Pritanku Sut ,"Namghar, Nagaon Poly Colony , BR Path, Itachali , Nagaon , Assam 782003",92.6739,26.37068
Praja Foundation,290,"22188865 , 9820286050 ",Milind Mhaske ,"Victoria Building, Agiary Lane, Mint Road, Fort, Mumbai, Maharashtra 400001",72.83198,18.93692
Prangan Foundation,11109,9664185699 ,Tanmay Mahesh Mulgund ,"Raj Heritage, Retibunder Road, Prem Nagar, Dombivli West, Thane, Maharashtra 421202",73.08319,19.22727
PRATIBIMB CHARITABLE TRUST,11972,9820040150 ,,"Mistry Industrial Complex, MIDC, Andheri East, Mumbai , Maharashtra 400093",72.86476,19.11642
Pratik Shetty Foundation,11514,9833810851 ,Shiva Kiran Alva ,"Kiran CHS , Pestom Sagar, Chembur, Mumbai, Maharashtra 400089",72.90321,19.07275
"PRAWARDA (Participative Watershed and Rural
Development Agency)",12726,9972344336 ,Mallikarjun K ,"Vachansri Layout, Sri Sai Petrol bunk Pratap Nagar, Bidar, Karnataka 585401",77.46896,17.90517
"PRAYAS WELFARE ASSOCIATION FOR TOTAL HELP
AND YOUTH APPLAUSE",2434,9335333999 ,USHMA RAI ,"Ayodhya puri colony, Ayodhya, Varanasi, Uttar Pradesh 221003",82.96483,25.35821
"Prayatna - An Attempt for Holistic Development and
Social Advancement Samiti",8438,9826666687 ,,"Juni Kasera Bakhal, Infront of Govt. Urdu School , Badwali Chowki Jama Masjid, Indore, Madhya Pradesh 452002",75.80109,22.70539
Prayatna School of Excellence,11931,9953085445 ,Shiva Mishra ,"Sector 22A, Gurugram, Haryana 122015",77.05699,28.47017
PREM ASHRAM CHARITABLE TRUST,6026,,ANIL GAONKAR ,"AMADALLI, KARWAR , Uttara Kannada, Karnataka 581324",74.22348,14.76078
PREMASREE,7204,"22853610 , 8017198646 ",Ms. Ruchi Jain ,"H Park Circus Connector,​ Topsia , Kolkata, West Bengal 700046",88.38327,22.53941
Premsagar Yuvak Samajik Sanstha,8124,"9270269451 , 9172126459 ",,"Shivajinagar, Wada Palghar , Thane, Maharashtra 421303",73.26842,19.83406
Prerana,1624,"23877637 , 7738617876 ",Kashina Kareem ,"Naunihal Balika Ashrygruha, Sector 5, Kharghar, Navi Mumbai, Raigad, Maharashtra 410210",73.07143,19.04928
Priya Grih Udyog Vikas Avam Shiksha Prasar Samiti,11716,9026930138 ,,"Patelnagar, Chhotibhikharipur, Varanasi , Uttar Pradesh 221004",82.96947,25.2783
PRIYADARSHINI JANKALYAN SAMITI,6309,9415865565 ,,"Raghurampur , Nathaipur Gyanpur, Bhadohi, Uttar Pradesh 221304",82.4696,25.33175
Progati Sangha of Dara,7191,9830448717 ,LOK BAHADUR SINGH ,"Dara, Joynagar, South 24 Parganas, West Bengal 743337",88.42008,22.1752
PROTECT,7048,"8985317357 , 9848369415 ",,"Pathachirala, Jandra pet, Chirala Mandal, Prakasam, Andhra Pradesh 523165",80.31915,15.83021
PROTRINSEVA,2183,9163952296 ,,"Picnic Garden Road, Kasba, Kolkata, West Bengal 700039",88.39007,22.52556
proVISION ASIA,5883,23634312 ,Selvanayagam T ,"1st B Main, 2nd B Cross, Athmananda Colony, Sultan Palya, Bengaluru, Karnataka 560032",77.60166,13.02256
Public Health Justice,6662,9821839887 ,Dr. Rhuta Ashish ,"RAMJI HOUSE, JAMBULWADI, DHOBITALAO, Mumbai, Maharashtra 400002",72.82876,18.94457
Public Welfare and Development Society (P.W.D.S.),431,"9442263431 , 7904869075 ",,"Kanakkampalayam, Kalliaptti, GOBICHETTIPALAYAM, Erode, Tamil Nadu 638505",77.42706,11.52151
Pudhiyadhor Charitable Trust,11690,8807607041 ,Veenaa Annamalai ,"Motilal Street, T.Nagar, Chennai, Tamil Nadu 600017",80.23187,13.03655
PUDUCHERRY DIABETES FOUNDATION,9748,9677705465 ,DR S KUMARAVEL ,"14Th Cross Extension Krishnanagar, Lawspet, Puducherry 605008",79.82344,11.94984
Pune Zilla Kalyankari Majur Sanstha,939,"281760 , 9673911720 ",,"Sadalgaon, Shirur , Pune, Maharashtra 412211",74.37346,18.61861
Purba Dwarakapur Moon Star Sangha,10155,9432163848 ,,"Shreekhanda Ramkrishna Nagar, Panchpota, Garia, Sonarpur, Aaguyan Sangha, Kolkata , South 24 Parganas, West Bengal 700152",88.41648,22.47166
Purkal Youth Development Society,697,"9639003157 , 9639003159 ",G K Swamy ,"Purkal, Bhagwantpur, Dehradun, Uttarakhand 248001",78.07218,30.40847
Purnata,9445,7768087101 ,Earnest D'costa ,"Pranik Chambers, Saki Vihar Road, Saki Naka, Andheri East , Mumbai, Maharashtra 400072",72.88723,19.10505
"Purulia District Agragami Mahila O Sisu Mangal
Samiti",6908,"9933090870 , 9932922849 ",,"Jargo, Jhalda, Purulia, West Bengal 723212",85.88504,23.29113
Quality Education Support Trust (Quest),4371,7709006779 ,Vinay Tanksale ,"QUEST, Vadavali Road, Sonale, Thane, Wada, Palghar, Maharashtra 421303",73.11189,19.66106
"R (Reduce, Reuse, Recycle) NISARG FOUNDATION",10913,"9820012496 , 7838748722 ",Ambily Adithyan ,"Senses Eye & ENT Hospital, Pratap Talkies, Khopat, Thane, Maharashtra 400601",72.97309,19.20328
R S N V FOUNDATION (TRUST),7898,9442574204 ,Mrs.Saranya ,"singaranpalayam pirivu, kinathukadavu, Coimbatore, Tamil Nadu 642109",77.01783,10.82005
R.M.D. PAIN & PALLIATIVE CARE TRUST,3511,"28157212 , 28157373 ",Rajesh Babu ,"Ragaviah Road , T Nagar, Chennai, Tamil Nadu 600017",80.23559,13.04489
Ra Foundation,8039,8999074445 ,Sonali Jain ,"Mandar Society, Raut lane, Juhu , Mumbai, Maharashtra 400049",72.8253,19.11388
RADHA KRUSHNA CHARITABLE TRUST TORAMBA,10861,"7744896076 , 9822468873 ",Rahul Dombe ,"Toramba Harali, Lohara, Osmanabad, Maharashtra 413608",76.33355,18.00259
RAJALAKSHMI CHILDREN FOUNDATION,10877,9035013642 ,Shashikant Kulgod ,"Spoorti , Double Road, Hanuman Nagar, Belgaum, Karnataka 590019",74.49867,15.87736
Rajasthan Human Care Foundation,1021,"2299917 , 2299917 ",Vishnu Sakunia ,"Champa Nager, Gurjar Ki Thadi New Sanganer Road , Jaipur, Rajasthan 302019",75.7674,26.88314
"RAJDHANI INSTITUTE OF INFORMATION
TECHNOLOGY(RIIT Trust)",9013,"9338333123 , 2579123 ",,"Saptasati Vihar, Palasuni, Bhubaneswar, Khordha, Odisha 751025",85.86461,20.29704
"Rajul Viklang Palak Abhibhavak Utthan Samiti
Vidisha M.P.",4657,9752650751 ,,"Bada Bazar, Vidisha, Madhya Pradesh 464001",77.80518,23.52674
RAMDUTT SEVA SANSTHAN,11398,8174816464 ,,"Purasi, Halor , Maharajganj , RaeBareli , Uttar Pradesh 229103",81.28199,26.47584
Ramparva Samajik Shaikshanik Seva Samiti,4340,9272161123 ,,"junna mukhed, Nanded, Maharashtra 431715",77.38089,18.6134
RAMZANA EDUCATIONAL CHARITABLE SOCIETY,12074,9796461146 ,,"RECS Foundation, Awantipora, Pulwama, Jammu and Kashmir 192122",75.01409,33.92021
RANIGANJ UNNAYAN SAMITI,9822,"9333917526 , 2588225 ",,"Subhas Pally, Benachity, Durgapur, Bardhaman, West Bengal 713213",87.281,23.55171
RAY OF LIGHT,12083,"9160512984 , 9160983318 ",Rock Prasanth Ch ,"Maarkapur Road, Vinukonda, Guntur, Andhra Pradesh 522647",79.72445,16.04684
Ray of Light Medical Trust,12605,9637961055 ,,"Goodwill Classic, Vidyanagar, Pune, Maharashtra 411032",73.89386,18.57957
Raza Educational and Social Welfare Society,221,"26786728 , 9945024634 ",,"4th Main Bismillah nagar, Bannergattha Road, Bengaluru, Karnataka 560029",77.60727,12.92632
Reach Out India Foundation,6488,9594949333 ,,"Joy Homes, Bhandup west, Dena Bank, LBS Road, Mumbai, Maharashtra 400078",72.93139,19.15441
Reads-Rural Education And Development Society,906,"252589 , 252662 ",Mrs.v.Thiyagarajan ,"DHARMARAJA KOIL STREET, ALAGIRI STREET, POLUR, CHETPET, Tiruvannamalai , Tamil Nadu 606801",79.34759,12.46515
"Rehabilitative Assistance for People in Distress
(RAPID)",9426,9980125685 ,,"Govind Niwasa, Karnataka Bank, Govind Niwasa, Karnataka Bank, Station Road, Malamaddi, Dharwad, Karnataka 580007",74.88355,15.43029
REJUEVENATE INDIA MOVEMENT,11958,9845395674 ,Ravi M ,"7th Cross, Jai Jawan Nagar Subbanapalya, Bengaluru, Karnataka 560043",77.64365,13.00726
Resource Exchange Trust,4960,9094917145 ,,"Type-III, H.V.F. Estate, Avadi, Chennao, Tiruvallur, Tamil Nadu 600054",80.10989,13.13828
RIGHTS EDUCATION AND DEVELOPMENT CENTRE,9770,"9976123011 , 9842090035 ",N.Maheshwaran ,"MGR Nagar, Bannari Main Road, Kombupallam, Sathyamangalam , Erode, Tamil Nadu 638401",77.19209,11.67095
"Rights, Awareness and Justice Foundation",7156,"41651977 , 41651977 ",,"East Of Kailash, Tagore International School, South Delhi 110065",77.24184,28.55842
"ROSARY TRUST (Rehabilitation of the socially
afflicted, the retarded and the youth)",433,"2930015 , 9894857351 ",,"Dalit City, Kailasapuram , Gangaikondan, Tirunelveli, Tamil Nadu 627352",77.77359,8.84458
"ROSE TRUST, DINDIGUL",12340,9952357346 ,,"S Kurumbapatti, Ayyalur, Dindigul, Tamil Nadu 624801",78.16116,10.48953
ROSHNI FOUNDATION,10125,"9868103558 , 9718806042 ",,"Shikha Apartments, IP Extension, Delhi 110092",77.30225,28.63146
Roshni Trust,10635,8762286086 ,,"Kumareshwar Nagar, New court, Hangal, Haveri, Karnataka 581104",75.10758,14.73163
"ROSTRIYA JANKALYAN INFORMATION TECHNOLOGY
SOCIETY",10050,9461705610 ,,"KALAWATI PALIWAL MARKET, GUMANPURA, Kota, Rajasthan 324002",75.84749,25.17449
Rostrum India Social Organization,8276,8446030003 ,,"Chandrashila Complex, Pokale Nagar, Ashirwad Mangal Karyalaya, NDA Road, Shivane, Pune, Maharashtra 411023",73.78344,18.4658
Royal Commonwealth Society for the Blind,796,"42267202 , 28820808 ",Noble Varghese ,"Shivdham, New Link Road Kanchpada, Malad West, Mumbai, Maharashtra 400064",72.83529,19.19006
Ruchika Social Service Organisation,922,"2340583 , 9937123856 ",Shaikh Moniruddin ,"Sriram Nagar, Samantarapur, Old Town , Bhubaneswar, Khordha , Odisha 751002",85.83973,20.23237
RURAL ADVANCEMENT SOCIETY,12182,7085051714 ,,"Western Angami House, Deluxe Point, Dimapur, Nagaland 797112",93.67495,25.77272
Rural Commmunes,2857,"22050426 , 22085601 ",,"LIC BUILDING , ANANDILAL PODDAR MARG, MUMBAI Maharashtra 400002",72.82782,18.94286
Rural Depressed Welfare Association,1644,9443016506 ,Rukmani ,"Melkachirappattu, Meyyur, Tiruvannamalai, Tamil Nadu 606753",79.05767,12.1639
Rural Education & Welfare Society,4388,"26121003 , 26121003 ",,"Mahaveer Enclave Part II, South West Delhi 110059",77.07197,28.60592
"RURAL EDUCATION DEVELOPMENT SOCIETY,
TIRUCHULI",10826,"9047082737 , 9047082737 ",,"T.Pacheri, Kamarajar Colony, Narikudi Road Tiruchuli, Virudhunagar, Tamil Nadu 626129",78.24283,9.5572
"RURAL EDUCATIONAL MEDICAL AND ECONOMICAL
DEVELOPMENT SOCIETY",5290,"9491310821 , 9491310821 ",,"old prasanth nagar, Gabriel School Compound , Iruvaram, Chittoor, Andhra Pradesh 517128",79.08156,13.18689
"RURAL ENVIRONMENTAL AWARENESS COMMUNITY
HELP (REACH)",5451,9945712918 ,kumar g n ,"kumaranahalli, adavihalli, harapanahalli , Davangere, Karnataka 583131",75.98132,14.83756
RURAL HEALTH ORGANISATION,2209,"8974020266 , 9862138483 ",,"Naoremthong Laishram Leirak, Imphal West, Manipur 795001",93.91235,24.80858
RURAL HEALTH PROGRESS TRUST,10745,"9633216956 , 9763484731 ",,"Bhikar Sarola, Palsap, Bhikar Sarola, Osmanabad, Maharashtra 413509",76.20604,18.31899
"Rural Organising for Social Improvement Foundation
(ROSI Foundation)",435,223996 ,P Navamani ,"MRM Building , South Second Street , Pudukkottai , Tamil Nadu 622001",78.82148,10.39032
"RURAL TECHNOLOGY AND MANAGEMENT KHADI
AND VILLAGE INDUSTRIES SAMITI",4767,9937673774 ,,"LIMSER, BRUNDABAHAL, DHARAMGARH , Kalahandi , Odisha 766015",82.7829,19.84693
RYA MADRAS COSMO FOUNDATION,11552,9840329895 ,UMESH KUMAR AGARWAL ,"Konnur High Road, Otteri, Chennai, Tamil Nadu 600012",80.24445,13.09691
SAADHYA TRUST FOR SOCIAL DEVELOPMENT,12707,9481160691 ,,"ITI College Campus, Rose Bud School Ballari Road, Hospet, Bellary, Karnataka 583201",76.37198,15.27586
SAARAS IMPACT FOUNDATION,11758,7054967634 ,,"Indira Nagar, Premium diagnostic centre, Lucknow, Uttar Pradesh 226016",80.98557,26.88578
SAARATHI SOCIETY,8437,"289950 , 9448309649 ",,"Jakkanagoudar's House, Goudar Lane, Hirehandigol, Gadag, Karnataka 582205",75.53552,15.41419
SABARAMATI SAMITI,8495,"9437790372 , 6371347483 ",,"BANDAR, HARIPUR , GOPALPUR ON SEA, Ganjam, Odisha 761002",84.89002,19.27283
SADEV HELP GLOBAL FOUNDATION,10733,8527321904 ,,"Vardhman Grand Plaza, sector 3, Dwarka, New Delhi, South West Delhi 110075",77.06196,28.58256
"Sadhana, Mysore",12728,"255274 , 9686666508 ",Prasanna MK ,"Someshwara Temple Road, SBI Bank, HD Kote, Mysore, Karnataka 571114",76.35996,12.12506
"SADHNA PARENTS ASSOCIATION OF MENTALLY
CHALLENGED PRERSONS",9069,9898594350 ,,"Sector 3A, Gandhinagar, Gujarat 382006",72.63127,23.20452
Safe Kids Foundation,12321,"9322228780 , 9821454200 ",Madhavi Gunandekar ,"Vasant Vilas, DD Sathe Marg , Girgaum, Mumbai, Maharashtra 400004",72.81831,18.95614
Sahara,440,"27407952 , 9440483089 ",N Sajitha ,"Tirumala Nagar, Amberpet, Hyderabad, Telangana 500013",78.51576,17.39052
Sahas Sewa Sansthan,2214,"290727 , 290727 ",,"Hunduruwa-Majhawa Mujehana Risia Bazar, Bahraich, Uttar Pradesh 271875",81.60877,27.68546
Sahayam Charitable Trust,11012,9971130176 ,,"Vardhaman Mall, Sector 2, Dwarka, New Delhi , South West Delhi 110075",77.07165,28.58285
SAHAYOGINI PALAK SANSTHA,10409,9757167800 ,,"Citilight Cooperative Housing Society Ltd, Sector 1, Terna Orchid International School, Koparkhairane, Navi Mumbai , Thane, Maharashtra 400709",73.00904,19.10272
"Sahyadri Gramin Vikas Va Bahuuddeshiya Yuvak
Kalyan Sanstha",770,"2293314 , 232572 ",,"Mulik Colony, Somalwada, Hotel Centre Point, Wardha Road, Nagpur, Maharashtra 440025",79.06314,21.10904
Sahyadri Shikshan Prasarak Mandal,1463,"9325024664 , 2356564 ",,"SHIVANERI NAGAR, JAWAHAR COLONY, GARKHEDA Aurangabad, Maharashtra 431005",75.34502,19.87067
SAHYAM FOUNDATION,11349,26200327 ,,"Ratna Jyot Industrial Estate Building, Irla Gaothan, Vile Parle West, Mumbai, Maharashtra 400056",72.84118,19.10303
Sahyog Care For You,1530,"25264149 , 9811069292 ",SIMMI GARG ,"Bhera Enclave, PASCHIM VIHAR, New Delhi 110087",77.09148,28.66934
SAHYOG FOUNDATION aka SAHAYOG FOUNDATION,9360,9845793490 ,,"Kamala Mansion, Connaught Road, Queen's Road Cross, Kamala Bai School, Bengaluru, Karnataka 560001",77.59879,12.97964
Sahyog Social & Cultural Development Society,10504,9810454087 ,,"Govind Puri, Kalka Ji , South Delhi 110019",77.26183,28.53846
Sahyogi,1746,9835083482 ,Rajani ,"Awdhesh Singh, Rukanpura Musahari , Baily Road , PATNA, Bihar 800014",85.06848,25.60934
SAHYOGI MITRA MANDAL,11079,9981022345 ,,"Sumitra Niwas Santoshi Darbar Ganjpara Durg, Durg, Chhattisgarh 491001",81.26712,21.18257
SAI GOKULA SEVA SAMASTHE,10277,"9945329169 , 7625041380 ",,"Sri Ranga Building, 5th cross, TG Extension, Hoskote, Bengaluru, Karnataka 562114",77.78126,13.0316
SAI KRUSHNA CHARITABLE TRUST,10988,9663222362 ,Vijayalakshmy Krishnan ,"Sai Krushna Mandir , Hosadoddi, Kanakapura Main Road, Bolare, Bengaluru, Karnataka 560082",77.54359,12.80432
SAI SHRADDHA FOUNDATION,6761,"8390909470 , 9421096502 ",,"Madhukunj Building, Government Library, Alibag, Raigad, Maharashtra 402201",72.87708,18.65504
SAINT JOHN BOSCO EDUCATIONAL TRUST,5922,"213205 , 213205 ",,"St. John Bosco Educational Institutional Campus, TV Malai Road Institutional Campus, Kandachipuram, Villupuram, Tamil Nadu 605701",79.2847,12.09829
"Saint Thomas Charitable And Educational Trust
(Stcet)",1329,"220489 , 9842472211 ",A Santhakumar ,"Annai ITI Campus, Old Bus Stand, Perundurai, Erode, Tamil Nadu 638052",77.59188,11.23386
"SAINT'S WORLD HUMAN EDUCATION AND
ENRICHMENT TRUST",5999,"9751298009 , 270099 ",KAVITHA.K ,"VELAYUTHAMPALAYAM, Karur, Tamil Nadu 639117",78.0027,11.0914
"SAJAR HEALTH EDUCATIONAL AND CHARITABLE
TRUST",10301,9994999493 ,,"Vaigai Street, Velmurugan Nagar, Madurai, Tamil Nadu 625010",78.13627,9.97795
Sakaar Outreach,536,"26275685 , 40538452 ",Sadhna Chopra ,"Chittarajan Park, New Delhi, 110019",77.24916,28.53837
Sakal Social Foundation,6938,"24405500 , 24405500 ",Rahul Garad ,"Sakal Bhavan, Sector 11, CBD Belapur, Mumbai, Maharashtra 400614",73.03865,19.01408
SAKET MAHILA SAMAJOTTHAN SHILP EVAM GRAMUDYOG SANSTHAN,2360,9415836438 ,Amar Nath Sharma ,"BHARTAHI, SAMENDA, Azamgarh, Uttar Pradesh 276128",83.18876,25.9825
Saksham,1310,"42411015 , 45793601 ",Sanat Shukla ,"Dakshineshwar Building, 10 Hailey Road, New Delhi 110001",77.22728,28.62605
Sakti Sikha,726,"9937123237 , 261070 ",Tusara Kanta Behera ,"BRC PUR, Baripada, Mayurbhanj, Odisha 757002",86.72246,21.92594
Salt Lake City Prayasam,853,"23343919 , 9831949814 ",Piyali Mazumdar ,"Sector 2 , Salt Lake City, Kolkata, North 24 Parganas, West Bengal 700091",88.43063,22.58172
Saluka Sishu Siksha Niketan,12149,9233696111 ,Partha Sarathi sarkar ,"Mokdamnagar Birbhum , Pattelnagar MD bazar, West Bengal 731217",87.95186,24.28602
SAMAIT SHALA EDUCATION FOUNDATION,12493,9879409964 ,,"Shital Varsha 2, Vishwa Kosh Marg, Usmanpura Gardens , Ahmedabad, Gujarat 380013",72.56702,23.04833
Samaj Vikas Sanstha,8248,"9421500232 , 250041 ",,"Ekondi Road, Omerga, Osmanabad, Maharashtra 413606",76.65863,17.85803
Samajik Parivartan Sansthan,608,"226765 , 9431531776 ",Probodh Nayak ,"Shri Krishna Nagar, Carmel School, Giridih, Jharkhand 815301",86.29606,24.19354
Samajik Seva Sadan,988,"224128 , 224128 ",Emmanuel Pathil ,"Banjhikusum, Mahisapat, Dhenkanal, Odisha 759001",85.59533,20.64883
SAMAJOTTHAN,5847,8960404068 ,Mr. Kiran Devi ,"Civil Line, Deoria, Uttar Pradesh 274001",83.7797,26.49368
SAMARTHYAM,6765,9810558321 ,ANJLEE AGARWAL ,"MANSAROVAR GARDEN , NEW DELHI, West Delhi 110015",77.13237,28.64302
SAMASHTI,5522,9845163380 ,,"Uma Sanjivini Residency, 1st Main, Laxmi Nagar, JP Nagar 2nd Phase, Bengaluru, Karnataka  560078",77.59153,12.90933
Samata Magasvargiya Vikas Mandal,10715,8007927250 ,,"Shekapur, Kandhar, Nanded, Maharashtra 431714",77.17032,18.85064
SAMMAAN FOUNDATION,10188,2591020 ,Saurabh Agarwal ,"Sbi Colony, Khazpura, Jagdeo Path, Bailey Road, Patna Bihar 800014",85.07781,25.60877
SAMPARC (Social Action for Manpower Creation),101,"227335 , 231472 ",Anuj Singh ,"Varad Apartment, Yashwantnagar, Talegaon Dabhade, Pune, Maharashtra 410507",73.67429,18.74127
SAMPURN SAHYOG SANSTHAN,6059,9838744805 ,,"new janpath complex, 9A Ashok Marg Hazratganj, Lucknow, Uttar Pradesh 226001",80.94738,26.84862
Samraksha,549,9033000230 ,Divya S ,"Kodandarama Reddy Layout, 2 Cross, Vijinapur, Ramamurthy Nagar, Bengaluru, Karnataka 560016",77.67603,13.01932
Samrudhi Trust,4313,9960107773 ,,"Don Bosco Prem Housing Society, Savedi Road, Ahmednagar, Maharashtra 414003",74.72265,19.13363
Samskrita Bharati (Karnataka) Trust,11119,7353768933 ,Srinivasan ,"Aksharam VIII Cross, II Phase Girinagar, Bengaluru, Karnataka 560085",77.54311,12.93926
SAMTA JAN KALYAN SAMITI,3605,9827482847 ,,"budhha Vihar Basantpur, Rajnandgaon, Chhattisgarh 491441",81.02611,21.08212
SAMUDAYIK VIKAS SAMITI,11675,"7303397090 , 9971322458 ",Priyanka Gaur ,"School Block, Chander Vihar, East Delhi 110092",77.2961,28.63321
Samveda Training & Research Centre,450,2237057 ,Channabasavaraj M.S. ,"7th Cross, 5th Main, PJ Extension, Davangere, Karnataka 577002",75.91651,14.4608
Samvedana Trust,6080,"9099923530 , 9825067892 ",Nida Shaikh Sutariya ,"Swami Vivekanand Institute, Shivam Apartments, Akhbarnagar Ahmedabad, Gujarat 380013",72.56458,23.06984
Sanchetana Community Health And Research Centre,889,"30182685 , 9879559950 ",Perin Shukla ,"New York Trade Centre, Thaltej Cross Roads, SG Highway, Ahmedabad, Gujarat 380054",72.52229,23.05569
Sangam Sewa Evam Mahila Utthan Samiti,12228,9425145255 ,,"Hotel Four Season, Sagar Road, Chhatarpur, Madhya Pradesh 471001",79.56918,24.89387
SANGAMA,10425,9972903460 ,,"4th Cross, Teachers Colony, Boopasandra Road, Bengaluru, Karnataka 560094",77.57546,13.04001
SANJ SAWALI CARE FOUNDATION,11741,"7887800025 , 7887800052 ",Vikas Ingle ,"Mahindra Ratnaprabha Motors, Satara Parisar, Beed Bypass Road, Aurangabad , Maharashtra 431001",75.33221,19.88741
Sanjivani Health & Relief Committee,537,"26620497 , 9898368565 ",Ramesh I Patel ,"Narayannagar Society, Rupal Society, Paldi, Ahmedabad, Gujarat 380007",72.55522,22.99882
Sankalp,239,"26182588 , 42113947 ",Subhashini Rao ,"Sankalp - The Open School, 6th Avenue, Vijaya Maruthi, Anna Nagar West, Chennai , Tamil Nadu 600040",80.2023,13.09283
Sankalp,8826,"98490533 , 98490533 ",RajaRajeswari ,"Sagar Society, Road No 2, Banjara Hills, Hyderabad, Telangana 500034",78.43494,17.42633
SankalpTaru Foundation,12271,7409999111 ,Ms. Isha Abrol ,"Uttaranchal Public School Nehru Gram , Dehradun, Uttarakhand 248001",78.06426,30.29967
Sankara Eye Hospital,143,"22483750 , 9444380697 ",,"Third Cross Street, Sri Sankara Nagar, Pammal, Chennai, Kancheepuram, Tamil Nadu 600075",80.13828,12.97204
Sankha Suvra Welfare Society,6880,9830185899 ,Prasanta Sarkar ,"RG Nagar, Hindmotor, BPMB Sarani, Bhadrakali, Kolkata, Hooghly, West Bengal 712233",88.34601,22.6877
Sanmitra Trust,1512,"28820489 , 64522054 ",,"Milan Restaurant, Malwani, Malad West, Mumbai Suburban, Maharashtra 400095",72.81594,19.17583
Sanskriti Samvardhan Mandal,454,"227848 , 227848 ",Rohit Deshmukh ,"Sharadanagar , Sagroli, Nanded, Maharashtra 431731",77.75071,18.72175
SANSKRITI SANSTHA,11621,9329557797 ,,"gandhi colony, Morena, Madhya Pradesh 476001",77.99278,26.49209
SANTHI MEDICAL INFORMATION CENTRE,3383,"2556796 , 2556796 ",Sindhu ,"punnathur road, kottapadi, guruvayur, Thrissur, Kerala 680505",76.03545,10.61206
Sarathi Development Foundation,3008,7408441450 ,Akhilesh Kumar Tewari ,"Dhawa, TATA Motors, Deva Road, Chinhat, Lucknow, Uttar Pradesh 226028",81.04415,26.89149
SARATHI FOUNDATION,11386,9822373527 ,Rajni Chelani ,"Kumar Aangan Society, Airport road, Yerwada, Pune, Maharashtra 411006",73.88944,18.55058
SARDAR MOHAN SINGH SAINI CHARITABLE TRUST,11845,8005730630 ,,"Sri Ganganagar, Rajasthan 335001",73.88058,30.00196
SARISKA SEVA SANSTHAN,10843,"8058575004 , 8005726351 ",,"Parivhan Nagar, Suryamanna Ka Nagar Road, Alwar, Rajasthan 301001",76.54684,27.5462
"Sarjan Foundation, Ahmedabad",9754,26300427 ,Aditya Kumar ,"Arya Apartments, L D Engineering College Hostels, Kashiram Agrawal Hall, Polytechnic, Ahmedabad, Gujarat 380015",72.52212,23.02485
Sarvajan Unnati Bodhini,4698,"43799100 , 43799117 ",Aditi Jha ,"Phase III, New Delhi, South Delhi, 110020",77.12659,28.74682
Sarvodaya Shikshan Sansthan,3591,223502 ,,"New colony, Robertsganj, Sonbhadra, Uttar Pradesh 231216",83.06145,24.66562
Sathi,458,"23603088 , 8095037071 ",Shobha Fernandes ,"Kamadhenu, 5th Main Road, Mathikere Extension, Bengaluru, Karnataka 560054",77.4886,12.93593
SATYA DHARAM BODH MISSION,5832,9412307242 ,Dr. Navneet Arora ,"22 Civil Lines, Roorkee, Haridwar, Uttarakhand 247667",77.88989,29.87078
SATYAM SRI,3397,9304143814 ,,"New Atwarpur, kurthoul, Ram Janki Temple, Patna, Bihar 804453",85.12735,25.47618
SAURASHTRA ECONOMIC DEVELOPMENT CENTRE,3581,"2654107 , 2654107 ",,"Suvidha Complex, Talav Gate, Junagadh, Gujarat 362001",70.45743,21.51674
SAVE THE GIRL,10900,"9211232427 , 9990507028 ",PRINCE MADAAN ,"SURYA VIHAR, SECTOR 9, Gurugram, Haryana 122001",77.00917,28.45749
SBBM SOCIAL FOUNDATION NAGPUR,7037,"9890898081 , 9326172824 ",ASHVIN V ANJIKAR ,"ANJIKAR HOUSE, PANCHPAOLI , TIMKI, CHIMABAI PETH, NAGPUR, Maharashtra 440018",79.09557,21.14894
SCHOOL OF LIFE FOUNDATION,10241,9818583736 ,Hridi Motwani Kukreja ,"Sector 40 , South City 1, Gurugram, Haryana 122001",77.05658,28.45535
Schools and Teachers Innovating for Results (India),8887,42721100 ,SHASHI BALA ,"Panchsheel Park, South Delhi 110017",77.21361,28.5431
"Scientific Educational Development for Community
Organization (SEDCO)",7947,9443126450 ,,"Nazareth Road, Sattankulam, Thoothukudi, Tamil Nadu 628704",77.8729,8.44452
Score Foundation,297,"9810934040 , 26472582 ",Shruti Pushkarna ,"Vikram Vihar, Lajpat Nagar 4, New Delhi, 110024",77.23778,28.56398
Seba Jagat,8368,9437070326 ,Rosnara Mohanty ,"M Rampur, Kalahandi, Odisha 766102",83.52147,20.20075
Seed,5560,9831389425 ,Rituporna Nath ,"Naktala Road, Kolkata, West Bengal 700047",88.3694,22.47853
SEKH ALLAUDDIN MEMORIAL TRUST,10915,9938773617 ,,"Ahmedpur sakhigopal , Puri, Odisha 752014",85.80575,19.94997
"SELF EMPLOYED WOMEN'S ASSOCIATION SEWA
LUCKNOW",8120,"2743259 , 9415102206 ",,"Braham Nagar, Sitapur Road, Lucknow, Uttar Pradesh 226020",80.92962,26.87445
"Selvi Women Education and Empowerment Trust
(SWEET)",8621,"229728 , 229728 ",,"Kariyappanpatti, Rasingapuram, Bodinayakanur, Rasingapuram, Theni, Tamil Nadu  625528",77.32247,9.96177
Senapati Tatya Tope Foundation,11209,9821416612 ,Rajashree Tope ,"Prathamesh, Bombay Dyeing Compound, Prabhadevi, Veer Savarkar Marg Mumbai , Maharashtra 400025",72.82714,19.01355
Sense International (India),463,26301282 ,Shivkumar Sharma ,"Andhjan Mandal Campus, IIM Ahmedabad, Vastrapur, Ahmedabad, Gujarat 380015",72.53047,23.03805
Serve Happiness Foundation,7983,"9714534304 , 230044 ",Anugrah Agrawal ,"Vijaynagar Society, N K Petrol Pump, Zadeshwar Road, Bharuch, Gujarat 392011",73.0577,21.74089
"Serve the Society for Empowerment and Women
Advancement",7612,9431503889 ,,"Ichak, Chhota Akhara Road, Hazaribag, Jharkhand 825402",85.39576,24.06896
"Service Agency for Rural Women and Children
(SARWC)",12139,8722231685 ,P.Megharaju ,"Ramappa building, Kantharaja circle, Avani Road, Kothamangala, Mulbagal, Kolar, Karnataka 563131",78.4004,13.19339
SETU,2497,4234542 ,Ravinder Kaul ,"ATS Greens 1, Sector 50, Noida, Gautam Buddha Nagar, Uttar Pradesh 201301",77.36743,28.57528
SEVA CHARITABLE TRUST,6412,9594888516 ,Amisha H Parekh ,"Oceanic Tower, Charkop Sector 8, Kandivali West, Mumbai, Maharashtra 400067",72.82008,19.21586
SEVA- Social Education And Voluntary Action,5150,9849622384 ,UPPE RAJA RAO ,"MV colony, Desaipet Road, warangal, Telangana 506002",79.60272,17.98954
Sevabharathi,12735,"9945491241 , 9606044892 ",Charan Kumar M ,"Sevabharathi, Sevanikethana, Kanyady II, Dharmasthala, Dakshina Kannada, Karnataka 574216",75.38164,12.95074
Sevalaya,467,24982204 ,Bhuvaneswari Muralidharan ,"KASUVA, PAKKAM, THIRUNINRAVUR, Tiruvallur, Tamil Nadu 602024",80.03413,13.12015
Sevasadan Community Development Foundation,12632,9970069796 ,,"Chaitanya Garden, Miraj, Sangli, Maharashtra 416410",74.65019,16.8153
SEWA SANSKRITI FOUNDATION,9669,9810002675 ,,"Rajapuri, Uttam Nagar, New Delhi 110059",77.05592,28.60353
Shanti Bhavan Educational Trust,8570,"9738015070 , 9606126171 ",Joseph Jeyanth ,"5th C Main, 5th Cross, 2nd Block HRBR Layout, Bengaluru, Karnataka 560043",77.65105,13.01997
Shanti Maitree,8074,"243619 , 243619 ",,"Kandhamal, Bandhasahi, Baliguda, Odisha 762103",83.90314,20.105
Shantilal Muttha Foundation,11896,"66050000 , 66050000 ",Joti Kohli ,"Muttha Chamber II, Senapati Bapat Road, Pune, Maharashtra 411016",73.83222,18.53106
Sharma Family Charitable Trust,11822,"8978399170 , 23319748 ",Bharat Sharma ,"Mid-town Plaza, Banjara Hills Road Number 1 , Hyderabad, Telangana 500082",78.43958,17.42884
SHASHWAT SHETI VIKAS PRATISHTHAN,11441,9922708398 ,,"Gruha Laxmi Building, J M Road, Deccan, Pune, Maharashtra 411005",73.84656,18.52089
Shiksha,6471,"9650730860 , 4225698 ",Udai Malhotra ,"Chikitsa Sector 40 Dispensary, Sector 40 Police Station, Gurugram , Haryana 122002",77.09722,28.48127
SHIKSHA AMRIT FOUNDATION,12832,9967038560 ,Sai Suresh Murthy ,"Income Tax Colony, Belapur, Apollo Hospital, Navi Mumbai, Thane, Maharashtra 400614",73.02956,19.01736
Shine India Foundation,4274,9214979141 ,,"Vasundhra Vihar, Bajrang Nagar, Kota, Rajasthan 324001",75.86127,25.17787
SHIVPRABHA CHARITABLE TRUST,8880,9930965750 ,Shishir Mandya ,"Kaasp Country, Kaspte Vasti, Wakad, Pune, Maharashtra 411057",73.7748,18.59435
SHIVSHAKTI SOCIAL FOUNDATION,12311,9673371785 ,,"Pap 16 Midc, kadegaon, Sangli , Maharashtra 415304",74.31532,17.29906
Shivtej Pratishthan,4185,"2397121 , 9823397121 ",,"Manpale, Hatkndgale, Kolhapur, Maharashtra 416112",74.30272,16.8547
SHOHRATGARH ENVIRONMENTAL SOCIETY,2237,"263271 , 4025846 ",,"Premkunj, Adarsh colony, Shohratgarh, Siddharthnagar, Uttar Pradesh 272205",82.91639,27.38651
SHRADDHA EYE CARE TRUST,12039,7760125522 ,Hari Prasad ,"CJ Venkatesh Das Road, Padmanbhanagar, Bengaluru, Karnataka 560070",77.55344,12.91887
Shramik Nari Sangh,1758,"9920111655 , 9029234567 ",Sweta Vadhar ,"Jayant Villa, RA Kidwai Road, Wadala West, Mumbai, Maharashtra 400031",72.85538,19.01358
Shree Bidada Sarvodaya Trust,6996,"244444 , 9558553592 ",,"ShahKalyanji Mavji Patel Arogyadham, Mandvi -Mundra Highway, Kachchh, Gujarat 370435",69.48531,22.92937
Shree Deepchand Educational Society,1845,"9212383244 , 8368329994 ",Sanjeev Chaudhary ,"Swastik Apartment , Vishwas Park, Uttam Nagar, New Delhi 110059",77.05872,28.61034
Shree Mateshwari Vikas Seva Samiti,2498,"2465634 , 2465634 ",,"Sallada, Balaji Nagar, Ryan International School, Sector 14, Udaipur, Rajasthan 313001",73.69811,24.54078
SHREE SAI SANJIVANI SANSTHA,11030,0942347989 ,,"Kashivishwa Apartment Mahakali Road Saibaba Nagar Cidco, Nashik , Maharashtra 422009",73.75818,19.97025
Shree Sai Sanstha,1268,26962270 ,,"Ganesh Complex, Bharat Jyoti Bus Stop, Bibewadi , Pune, Maharashtra 411046",73.85685,18.4146
"Shree Sant Bhagwanbaba Bahuuddeshiya Sevabhavi
Sanstha",10911,9823204875 ,,"Wadgaon Kalsambar, WADGAON, Beed, Maharashtra 431125",75.78222,18.81807
SHREE WADMAVLI LOK VIKAS MANCH,8419,"9011352544 , 8080625324 ",Akshay Chate ,"DAHIPHAL WAD, KAIJ, Beed, Maharashtra 431122",75.84458,18.87926
"Shri B C Bhalshankar Guruji Krida Va Shikshan
Prasarak Pratishthan",8006,9421042102 ,,"DATTA NIWAS, KASABA PETH , VAIRAG, BARSHI, Solapur, Maharashtra 413402",75.82153,18.05032
Shri Bhailalbhai Boghabhai Mehta Education and Charitable Trust,6335,"240460 , 240460 ",Rajnikant D.Maheta ,"Vekariya Visavadar, Vekariya, Junagadh, Gujarat 362130",70.9131,21.31761
"SHRI DATTA GRAMIN VA SHAHARI VIDHYA
PRASARAK MANDAL AKOLA",5641,7242421604 ,VIJAY MHAISNE ,"PATIL MARKET WANKHADE NAGAR, DABKI ROAD OLD CITY, Akola, Maharashtra 444002",76.98136,20.70807
Shri Naresh Raut Foundation,11226,9527335912 ,,"Kelwad, Rahata, Ahmednagar, Maharashtra 423107",74.49046,19.6913
Shri Navjivan Gram Vikas Kendra,825,"221921 , 9879726071 ",Manubhai A Thakor ,"MAHATMA GANDHI GUNJ, Borsad, Anand, Gujarat 388540",72.9079,22.41895
Shri Shiv Shakti Education Society,12070,"9372530530 , 8275293830 ",Gautam Betal ,"Ketan Apartment, Gyaneshwar Nagar, Manewada Road, Nagpur, Maharashtra 440027",79.10422,21.11562
Shri Vaghaldhara Vibhag Kelavani Mandal,6967,"290350 , 290350 ",Mr.M P Mandavia ,"Cancer Hospital, Vaghaldhara, Valsad, Gujarat 396375",72.97573,20.69512
"Shri Venkateshwara Bahuddeshiya Gramin Vikas
Sanstha",1960,"235834 , 9420130487 ",,"Bhudargad, Kolhapur, Maharashtra 416209",74.14942,16.29542
"SHRI VIMLESHWAR AUTOMOBILE TRADE REAL
PRACTICAL TRAINING SANSTHA",9836,"9890190909 , 2548353 ",,"Siddhai Dudhali, Vikas Highschool, Kolhapur, Maharashtra 416012",74.20587,16.69538
Shrimad Rajchandra Aatma Tatva Research Centre,10672,9820656510 ,Sweta Vadhar ,"Sharda Chambers, New Marine Lines, Mumbai, Maharashtra 400020",72.82859,18.93859
Shrine Velankanni Mahalir Sangam,8616,9941582395 ,Ms.M.Ramani ,"southbazaar street, Pattabiram, CHENNAI, Tiruvallur, Tamil Nadu 600072",80.0633,13.11662
SHUDDHI,10452,"9654815105 , 41253951 ",,"Aggarwal Metro Heights, Netaji Subhash Place, Pitampura, New Delhi , North West Delhi 110034",77.14926,28.6933
SILIGURI SUBHASPALLY WELFARE ORGANISATION,3306,"9197201222 , 9434328881 ",Dr. Prasanta Paul ,"Orchid Apartment, Subhaspally Bazar, Siliguri, Darjeeling, West Bengal 734001",88.4184,26.71068
"SILIGURI SUMITA CANCER RELIEF WELFARE &
EDUCATIONAL SOCIETY",6498,9733030723 ,,"RAMA KRISHNA VEDENTA ASHRAMA SARANI, PRADHAN NAGAR , SILIGURI , Darjeeling , West Bengal 734003",88.41443,26.72731
SIMPLE EDUCATION FOUNDATION,10118,"9871136123 , 9654641751 ",Trisha Sharma ,"Hauz Khas Enclave, South Delhi 110016",77.20297,28.54797
Sishumangal Raiganj,8995,"9434144847 , 243837 ",,"Ukill Para, Raiganj, North Dinajpur West Bengal 733134",88.10771,25.68845
Sister Nivedita Foundation,2652,"2575061 , 9824300160 ",Rashmikant Trivedi ,"Balmukund Plots, Rajkot, Gujarat 360007",70.77623,22.29359
SISU UDGAM,10787,9475558999 ,Dr. Abhishek Tiwari ,"Gopalmath Telephone Exchange Building, Durgapur, Bardhaman, West Bengal 713217",87.22373,23.57224
SISU VIKAS SAMITI,2802,"252526 , 9437144245 ",,"Raghunathpur, Baripada, Mayurbhanj, Odisha 757001",86.74655,21.92716
Sita Devi Foundation,838,8750704556 ,MPLAD PRAM ,"Arjun Nagar, New Delhi , South West Delhi 110089",77.19836,28.56141
Sita Gramoudyog Vikas Sansthan,473,9934791642 ,Roushan Kumar ,"OSO House, Budh Marg, Keshri Nagar, Chiraiyatand, Patna Bihar 800024",85.09346,25.62832
SKILLED SAMARITAN FOUNDATION,12289,8587862557 ,Gorika Singla ,"Gazawali, Roorkee Road, Muzaffarnagar, Uttar Pradesh 251002",77.70162,29.42705
SMALL CHANGE,6447,9830116950 ,Aisiri Amin ,"Social Alpha, 14th Main, Sector 5, HSR Layout, Bengaluru, Karnataka 560102",77.63886,12.9215
SMARTPRO FOUNDATION,7990,9891944774 ,,"Janakpuri, Andhra School, New Delhi 110058",77.22425,28.53695
Smile Foundation,1653,"43123700 , 7292032130 ",Swatantra Gupta ,"Gulmohar House, Yusuf Sarai Commercial Complex, New Delhi, South Delhi  110049",77.20922,28.55792
"SMT. GOWRAMMA JAMBAIAH SWAMY CHARITABLE
AND EDUCATIONAL TRUST",13041,8951555755 ,Sharabaiah MJ ,"Malapura, Siruguppa, Ballari Karnataka 583101",76.81069,15.46266
SNEHBANDHAN FOUNDATION,12031,9820804600 ,Danardan Mishra ,"Cuffe Parade, Colaba, Mumbai, Maharashtra 400005",72.82496,18.9173
Social Activities for Rural Development Society,476,"242867 , 242867 ",G A Swamy ,"Jana Chaitanya Nilayam, Tangutur Prakasam Andhra Pradesh 523274",80.05701,15.34613
Social and Literacy Development Association,5892,"8881041233 , 3586457 ",Qamrul Hasan Khan ,"Awadh Technical Institute Building , Sheela Garden Alamnagar, Lucknow , Uttar Pradesh 226017",80.86114,26.84238
"SOCIAL AWARNESS AND VOLUNTARY EDUCATION
(SAVE) MICHEALPALAYAM",8606,"9842868900 , 2253090 ",Ms. Viyakula Mary ,"Iswaryanagar, KNP Colony, Dharapuram Road, Tiruppur, Coimbatore, Tamil Nadu 641608",77.35707,11.09485
SOCIAL EDUCATION AND LIBERTY FOUNDATION,7645,8586944407 ,Inder Jeet ,"Block B Gulab Bagh, Nawada, Uttam Nagar, West Delhi 110059",77.05117,28.62412
Social Education Economical Development Society,984,"240744 , 240744 ",S.D. Pandian ,"Laxmi Nagar, Athipatti, Semaptty, Aruppukottai, Virudhunagar, Tamil Nadu 626101",78.09893,9.51758
"Social Educational Welfare Association for
Multipurpose (SEWAM)",1750,9822510994 ,Mohan Nikam ,"Sonaj, Malegoan, Nashik, Maharashtra 423208",74.44767,20.46263
"Social Empowerment and Economic Development
Society (SEED)",11419,2459200 ,Lokesh Midde ,"NTBCL Building, DND Flyway, Noida, Gautam Buddha Nagar, Uttar Pradesh 201301",77.30936,28.57258
SOCIAL WELFARE & RURAL DEVELOPMENT SOCIETY,5477,7797400142 ,,"KONNAGAR, GHATAL, West Medinipur, West Bengal 721212",87.73399,22.66244
Social Welfare Agency & Training Institute (SWATI),751,"2401350 , 9437186128 ",Santanu Kumar Mishra ,"Paburia Panchayat Office, Paburia, Kandhamal, Odisha 762112",84.26604,20.13072
Society Against Violence in Education,3185,9836042919 ,,"Saratpally, Gopalpur, North 24 Parganas, West Bengal 700136",88.75119,22.61845
Society for Animal Health Agriculture Science and Humanity,1193,9473795690 ,Bindu Kashyap ,"Munshiganj, Korwa, Amethi Road, Amethi, Sultanpur, Uttar Pradesh 227412",81.8797,26.21267
"Society for Awareness Knowledge And Rightful Living
(SAKAR)",1413,"2595562 , 9437287882 ",Amit Kumar Motayed ,"Rajendra Vihar, Forest Park, Bhubaneswar, Khordha, Odisha 751009",85.82418,20.25657
SOCIETY FOR CARING THE NEEDY,11469,9443010948 ,,"Chozhan street, Rajajipuram, Tiruvallur, Tamil Nadu 602001",79.90987,13.11554
Society for Child Development,478,"9810003512 , 9810003512 ",Siddhartha Puri ,"Roshanara Club, Shakti Nagar, New Delhi 110007",77.19674,28.67602
Society for Children (SOCH),5448,2311444 ,Laxmipriya Singh ,"Sangam Nivas, Lalbahadur Sastri Colony, Old station Bazar, Bhubaneswar, Khordha, Odisha 751006",85.86323,20.26818
Society for Community Action Network-India,1903,"9845581845 , 226629 ",,"Venkateswara colony, , Kongareddy palle, Chittoor, Andhra Pradesh 517001",79.12031,13.21902
"SOCIETY FOR COMMUNITY HEALTH AWARENESS,
RESEARCH AND ACTION",11423,25531518 ,,"1st Main, 1st Block, Koramangala, Bengaluru, Karnataka 560034",77.63521,12.92928
"Society for Education Welfare Action Rural Jhagadia
(SEWA Rural Trust Jhagadia)",2232,"220021 , 9426120316 ",Dr. Kapilkumar Dave ,"Tower Road, Jhagadia, Bharuch, Gujarat 393110",73.19371,21.67172
"SOCIETY FOR EDUCATION, ENVIRONMENT AND
DEVELOPMENT",4839,"9940120937 , 9789739877 ",Dr U.Surendran ,"GANDHIGRAM , Karur, Tamil Nadu 639004",78.10389,10.9454
Society for Harmonious Renaissance of Ideas through Simple Technological Initiatives (SHRISTI),7126,9938137241 ,Brahmananda Panda ,"Baramunda, Bhubaneswar, Khordha, Odisha 751003",85.79536,20.27728
"SOCIETY FOR HARMONY AID AND PROSPEROUS
ECONOMY (SHAPE)",361,"233444 , 233444 ",,"5th Street, 5th Street, Min Nagar, Vengikkal, Tiruvannamalai, Tamil Nadu 606604",79.04402,12.27072
SOCIETY FOR HEALTH AND RURAL DEVELOPMENT EDUCATION AND EMPOWERMENT (SHREE),11015,9437612153 ,,"RTO office, Kendujhar, Odisha 758001",85.59598,21.63177
"SOCIETY FOR HUMAN AND ORGANIZATIONAL
DEVELOPMENT IN HARMONY (SHODH)",4737,43017168 ,Sharmil Dubey ,"Prakash Mohalla, East of Kailash, New Delhi 110065",77.24929,28.55748
"Society for Integrated Development Activities
Research and Training",1043,"2650894 , 9829215633 ",Pramila Sanjaya ,"Jaipur, Rajasthan 302004",75.83228,26.88798
SOCIETY FOR NURTURING EDUCATION HEALTH AND AWARENESS,10390,8050345621 ,,"Indiranagar Dhone, Kurnool, Andhra Pradesh 518222",77.87214,15.39907
"SOCIETY FOR PARTICIPATORY INTEGRATED
DEVELOPMENT",2259,"28567198 , 9311257097 ",Lalitha S.A. ,"B Block , Street 11 , Shyam Kunj, Goyala Extension Dwarka sector 19, New Delhi 110071",77.0284,28.57488
Society for Poor People Development,170,"294525 , 9865181971 ",Raju  Joseph ,"Thuraiyur Main Road , Soriyampatty, M Pudhupatti , Musiri, Tiruchirappalli, Tamil Nadu 621211",78.45177,10.98574
"Society for the Aid of Mentally & Developmentally
Handicapped ""SAMADHAN'",4407,"45516693 , 45516693 ",,"Sector 2, Pocket 2, Mahalakshmi Aparments, Dwarka, South West Delhi 110075",77.05776,28.58656
"Society for the Promotion of Women and Child
Welfare",1089,"45751740 , 65427670 ",Sriram Krishnan ,"Ashoka Enclave , Plot 8A, Sector 11 Dwarka New Delhi 110075",77.05776,28.58656
Society For Women And Downtrodden Development,4992,8760232996 ,L.YUVARAJ ,"Bajani kovill street, veppampattu, Tiruvannamalai, Tamil Nadu 606807",79.39491,12.47467
"SOCIETY FOR WOMEN EDUCATION AND ECONOMIC
THRUST (SWEET)",11730,"222493 , 9894501968 ",,"New Colony, Veedur, Tindivanam, Viluppuram, Tamil Nadu 605652",79.59378,12.07072
"Society for women's Education and Awareness
Development",1326,9942540984 ,A.vijayalakshmi ,"RC Street, Thurinjickollai, Nellickollai, Chidambaram, Cuddalore, Tamil Nadu 608704",79.55117,11.48075
"SOCIETY OF COMMUNITY HEALTH ORIENTED
OPERATIONAL LINKS",12275,"9599913427 , 9229221902 ",Dr Pramod Gautam ,"DDA Flats , Sukhdev Vihar, Fortis Escorts Hospital, South Delhi 110025",77.27711,28.55733
"SOCIETY OF DEVELOPERS INSTITUTE OF COMPUTER
TECHNOLOGY",7218,9300107986 ,,"MAHAKAUSHAL NAGAR , NEAR SARASWATI HS SCHOOL ADHARTAL, Jabalpur, Madhya Pradesh 482004",79.95286,23.20187
SOLO RESEARCH FOUNDATION,11162,9930431757 ,,"Shardaram Park, Sasoon Road , Pune, Maharashtra 411001",73.87671,18.53173
SONALI MAHILA VIKAS CHARITABLE TRUST,6978,22977827 ,Girishchandru Purmur ,"Nishith Park, Adinath Nagar, Odhav, Ahmedabad, Gujarat 382415",72.66463,23.02085
South Sundarban Janakalyan Sangha,1449,"260406 , 260406 ",,"Raghunathpur , Madhabnagar, Kakdwip, South 24 Parganas, West Bengal 743374",88.19758,21.95254
South Vihar Welfare Society for Tribal,4996,"9204748136 , 8811935754 ",Mantosh Kumar ,"Khunti Bhawan, South Office Para, Doranda, Ranchi, Jharkhand 834002",85.32846,23.33667
SPARK-A-CHANGE FOUNDATION,11581,9323288002 ,,"Raheja Classique 5, New Link Road, Andheri West, Mumbai, Maharashtra 400053",72.83198,19.13709
SPECIAL CHILD ASSISTANCE NETWORK (SCAN),12424,9940081465 ,,"First Avenue, Shastri Nagar, Adyar, Chennai Tamil Nadu 600020",80.25378,12.99949
Spending & Policy Research Foundation,9410,"66505867 , 66505867 ",Samar Halarnkar ,"319 Adhyaru Industrial Estate , Sun Mill Compound, Lower Parel , Lower Parel, Mumbai, Maharashtra 400013",72.83628,19.00745
Sports Coaching Foundation,6439,9396559440 ,Kammela Saibaba ,"Cha-cha Nehru Park, Masab Tank, Syndicate Bank Colony, West Marredpally, Secunderabad cantonment, Hyderabad, Telangana 500028",78.45166,17.39756
Sree Infotech Educational Trust,7686,9343077999 ,,"3rd Block 4th Stage, Basaveshwaranagar, Bengaluru, Karnataka 560079",77.53725,12.99469
SREE POORNA MAHAMERU TRUST,9155,"22472483 , 9444868282 ",,"Sankara Salai, Subham Nagar, Old Pallavaram, Chennai, Tamil Nadu 600117",80.17351,12.96526
Sreema Pratibandhi Kalyan Kendra,12399,9434732176 ,,"KN Mukherjee Lane, Srijani Apartment,BB College Road, Asansol , Bardhaman, West Bengal 713301",86.9667,23.67522
Sri Arunodayam Charitable Trust,484,"26511450 , 9444915803 ",Althea DSylva ,"Sivananda Nagar, Kolathur, Chennai, Tamil Nadu 600099",80.20204,13.12394
SRI SAI SEVA PRATHISTANAM,10874,8547845389 ,,"Daigoli, Kodlamogaru , Vorkady, Manjeswara, Kasaragod, Kerala 671323",74.8926,12.72155
SRI VEL MAYIL EDUCATIONAL TRUST (SVM),12821,9865758492 ,Manuel kabilan ,"7Th Cross, Rm Colony, Sivan Kovil, Dindigul, Tamil Nadu 624001",77.97034,10.37716
Srujna Charitable Trust,4481,9833420862 ,Eesha Chirmuley ,"Mangal Mahesh Baug, SV Road, Borivali West, Mumbai, Maharashtra 400092",72.85258,19.22024
"St.Luke's Community Health and Development
Centre",1538,9881595566 ,Vidya Khasbage ,"Chetna Nagar, Sundarkhed, Buldhana, Maharashtra 443001",76.19743,20.51955
STAIRS,6903,"9350852560 , 9891332519 ",Sathish Nagappan ,"Agarwal Sweets , Kalkaji, South Delhi 110019",77.25661,28.53091
Students' Relief Society,4293,"2440261 , 8696789991 ",Namrata Nayak ,"Chitrakoot, Ajmer Road, Jaipur , Rajasthan 302021",75.73157,26.89906
Study Hall (Educational) Foundation,11083,9044062700 ,Siddharth Shukla ,"Vipul Khand 2, Gomti Nagar, Lucknow, Uttar Pradesh 226010",80.99077,26.84351
Sucheta Kriplani Shiksha Niketan,4420,9871568174 ,,"Virendra Nagar, C Sector, Mandore Road, Jodhpur, Rajasthan 342304",73.05216,26.36069
SUHRAD,10989,9335903478 ,,"Beena Niwas, Rajendar Nagar, Lucknow, Uttar Pradesh 226004",80.91565,26.8416
SUKALYAN WELFARE SOCIETY,5469,25720131 ,Indraneel Karmakar ,"Baguiati, Hatiara Road, Helabattala , Indian Overseas Bank Helabattala , Kolkata, North 24 Parganas, West Bengal 700157",88.45135,22.60652
Sukanya Mahila Seva Sangh,9852,9741182380 ,,"mahagaon cross, Kalburgi , Kalaburagi Gulbarga, Karnataka 585316",76.89205,17.49801
Sukarya Charitable Trust,2568,"4114251 , 4114253 ",Ms. Shipra Shukla ,"Sushant Lok Phase I , Paras Hospital, Gurugram , Haryana 122001",77.04051,28.47017
SUKHASHRAYA TRUST,11918,9886773034 ,Soumya Chandrashekar ,"2nd Stage, 9B Cross, Moksha Marga Siddhartha Nagar , Mysore, Bengaluru, Karnataka 570011",76.68359,12.30427
Sukriti Social Foundation,1369,9444798474 ,,"Breeze Apartments, Poonamalee High Road, Kilpauk, Chennai, Tamil Nadu 600010",80.24594,13.07805
SUNAAY HUMAN WELFARE FOUNDATION,11921,8638762056 ,,"Main Shanti Kunj, Vasant Kunj, South West Delhi 110070",77.15725,28.51476
SUNANDA FOUNDATION,8181,9820964744 ,,"Rohini Niwas CHS, Tagore Nagar 1, Vikhroli East, Mumbai, Maharashtra 400083",72.93263,19.11394
"Support (Society for upliftment of People with
People's Organisation and Rural Technology)",11354,266742 ,Rajeev Ranjan ,"DVC Colony, Hazaribag, Jharkhand 825301",85.3697,24.00231
SURBHI SHYAM GAUSHALA BHAGWATI SEVA SAMITI,11282,8810056010 ,,"Siriyaki Nagariya, Mathura, Uttar Pradesh 281204",77.75576,27.52497
Susheel Foundation,9231,9820239306 ,Sanjay Sharma ,"Nibbana CHSL, Pali Hill, Bandra West, Nargis Dutt Road, Axis Bank, Mumbai , Maharashtra 400050",72.82968,19.05617
Svojas Foundation,9379,9986913333 ,,"Vivek Nagar, Hiran Magri, Sector 3, Udaipur, Rajasthan 313002",73.72305,24.57468
"SWAJAN SOCIAL DEVELOPMENT AND HEALTH
EDUCATION SAMITI",10212,8561968161 ,,"Padmini Palace Hotel, Kharbuja Mandi, MD Road, Jaipur, Rajasthan 302004",75.83228,26.88798
SWAMI VIVEKANAND VIDYA PRATISHTHAN,7532,"9422735736 , 9028369936 ",,"Nimbodi, Ahmednagar, Maharashtra 414002",74.78992,19.07887
Swami Vivekananda Mission Trust,7883,9733619382 ,BIBEK BARAN PAL ,"Pingla, Jalchak N N Vidyayatan , Gokulchak, West Medinipur, West Bengal 721155",87.68005,22.24457
Swaraj Adhyayan Evam Prayogatmak Sansthan,7373,9430572251 ,,"Motichhapar, Chaubetola, Motichhapar, Chanpatia, West Champaran, Bihar 845449",84.56836,26.91628
SWASTH FOUNDATION,6743,"66712705 , 66712705 ",Spriha Atray ,"Mastermind, Royal Palms Estate, Aarey Colony, Goregaon East, Mumbai, Maharashtra 400065",72.87791,19.15503
Swasthya Bhabna Welfare Society,834,"26521559 , 26521559 ",Pradip Kumar Das ,"Raja KL Goswami Street, Serampore, Hooghly, West Bengal 712201",88.34035,22.75983
SWAYAM SAMAJIK VIKAS SANSTHA,11047,"9421802762 , 7020115648 ",Manoj Vidhate ,"Sai Samarth apartment, Gurukul School, Shahunagar, Satara, Maharashtra 415001",74.00544,17.67867
Swayam Shikshan Prayog,1710,"9323557456 , 8605016700 ",Ms. Jiji Sebastian ,"​Gayatri Apartment, ​Orchid School, Balewadi Phata, Baner, Pune, Maharashtra 411045",73.77887,18.55922
SWAYAMBHAR NARI,7703,"9830353168 , 9874724363 ",,"Kalindi Estate, State Bank of India, Kalindi, Kolkata, North 24 Parganas, West Bengal 700089",88.40706,22.60401
SWEEKRITI SOCIOCARE FOUNDATION,11206,9833248912 ,,"Town Center, Lodha Complex, Majiwada, Thane West, Maharashtra 400601",72.98166,19.21376
Tafa Palli Milani Sangha,12234,9434617369 ,Debarshi Mondal ,"Kalagachiya, Sarisha , Diamond Harbour, Kolkata, South 24 Parganas, West Bengal 743368",88.18667,22.24077
TALENSETU SKILL TRAINING FOUNDATION,11814,8793224424 ,,"Kunal Plaza, Pune, Maharashtra 411019",73.79371,18.64007
TALENT QUEST FOR INDIA,13035,9500766101 ,,"Nethaji Colony, Velachery, Chennai, Tamil Nadu 600042",80.21112,12.98214
"TALENTED ASPIRANTS PEOPLE'S ACTION FOR THE
SOCIETY FOR VIGOROUS INN (TAPASVI)",7894,"9515529179 , 24035995 ",padma vathi ,"Alkapuri Colony, Hyderabad, Rangareddy, Telangana 500035",78.55703,17.36758
TALLUR FAMILY TRUST,11848,9964016339 ,Vasantha Shyanubhag ,"Old Post Office, Tallur, Kundapura , Udupi , Karnataka 576230",74.70952,13.65621
Tamas Society,6296,46006859 ,GAJI LAL SAHA ,"Rajani Bhattacharjee Lane, Kolkata, West Bengal 700026",88.34273,22.51617
Tambaram Community Development Society,12097,"9841327895 , 22794185 ",,"Thiruvalluvar street, Muthamiz Nagar, Vandalur, Chennai, Kancheepuram, Tamil Nadu 600048",80.0867,12.89255
Tarang Life Care Foundation,4788,"42560077 , 42560077 ",Nitin Shinde ,"Akshay Building, Kush Infosystem, Mittal Industrial Estate, Andheri East , Mumbai, Maharashtra 400059",72.877,19.11329
Tarapur Social Development Society,634,9433255477 ,,"Tarapur, Birbhum, West Bengal 731233",87.72612,24.04932
TARASANKAR PANCHA GRAM SEVA SAMITI,7085,9474010191 ,,"LABPUR BABUPARA, LABPUR POLICE STATION, LABPUR, Birbhum, West Bengal 731303",87.84358,23.80642
TARBIYAT SOCIOTECH FOUNDATION,12409,7078444888 ,,"OLD VILLAGE, New Delhi 110025",77.28954,28.54649
TARUN SANGHA,12135,"6294770407 , 9474039341 ",Mr Subrata Shee ,"Biswas , Tarun Sangha Bhaban, Tamluk, East Medinipur, West Bengal 721637",87.92593,22.30083
TATTVA FOUNDATION,12263,"9793971606 , 7011251054 ",Sadaf Dilshad ,"Balda Colony Nishatganj , Nishatganj, Lucknow, Uttar Pradesh 226007",80.95287,26.86655
TB ALERT INDIA,1289,"7702202399 , 27803499 ",Subrahmanyem Chintala ,"Binjrajka Residency, West Marredpally, Secunderabad, Hyderabad, Telangana 500026",78.50705,17.44538
TEA GARDEN BALYA BIKASH BHAWAN,9505,9859323653 ,,"Koomtai Tea Estate, Balya Bikash Bhawan School, Golaghat, Assam 785611",93.83403,26.69855
TEACH TRUST,12126,"9840056833 , 9845182887 ",Sridhar Krishnamurthy ,"Manasarovar, 3rd Seaward Road, Valmiki Nagar, Tiruvanmiyur , Chennai, Tamil Nadu 600041",80.26549,12.98104
TEAR'S FOUNDATION,5377,9702658396 ,,"Katrak Road, , Wadala, Mumbai, Maharashtra 400031",72.85613,19.01952
TECHNOLOGY INFORMATICS DESIGN ENDEAVOUR,2580,"23612032 , 23612031 ",Sumathy Krishnan ,"Sapthagiri Apartments, 10th Cross, 15th Main Road, RMV Extension, Sadashivanagar, Bengaluru, Karnataka 560080",77.56116,13.03017
Tentultala Sarada Computer,10589,7872788669 ,,"Hahhemann Sarani, WBNVF Head Quarter, Tentultala Colony, Tentultala Primari School, Durgapur, Bardhaman, West Bengal 713215",87.28074,23.50747
TGG Foundation Charitable Trust,10456,"217060 , 9995329536 ",,"Wayanad Country Homes, Onneyar, Vaduvanchal, Wayanad , Kerala 673581",76.16996,11.49471
THALIR EDUCATIONAL & CHARITABLE TRUST,11589,9080462051 ,DINESHKUMAR ,"Sathunavu koodam street, Mangudi, Meenachipuram, Sankarankovil, Tirunelveli, Tamil Nadu 626111",77.54107,9.17048
The Aangan Trust,114,23525832 ,Tushita Dabir ,"Arun Chambers, Tardeo Road, Mumbai , Maharashtra 400034",72.81413,18.97341
"The Action Northeast Trust (""the ant"")",7237,293802 ,Ms.Bhaswati Roy Choudhury ,"Udangshri Dera , Khagrabari, ABSU office, Rowmari, Chirang, Assam 783380",90.56511,26.51021
The Akanksha Foundation,492,"23729880 , 23700253 ",Manoj Balamkar ,"Z Block, Voltas Premises, T B kadam Marg, Chinchpokli, Mumbai , Maharashtra 400033",72.83721,18.98514
The Ashoka Tree,12816,9446915587 ,Ashwini Srinivas ,"Friends Avenue, Vyttila, Ernakulam, Kerala 682019",76.31408,9.97189
The Awadh Mango Growers Association,10518,9005575999 ,Astha Singh ,"Habibullah Estate, Hazratganj, MG road , hotel Charan Plaza, Lucknow, Uttar Pradesh 226001",80.95426,26.84854
The Baby Care Foundation,11400,"9167262899 , 8108590129 ",Pravin Dalvi ,"Sainath Niwas Building, New Ayre Road, Rajganga Building , Dombivali East, Thane, Maharashtra 421201",73.09213,19.20982
The Batti Ghar Foundation,9009,9938527242 ,Palak Aggarwal ,"Shree Vihar, Patia, Bhubaneswar, Khordha, Odisha 751031",85.82777,20.33761
THE BHARATH ABHYUDAYA SEVA SAMITHI,2282,9985887047 ,,"Srinivasaraothota , Guntur, Andhra Pradesh 522004",80.41526,16.29098
The Catholic Health Association Of India,4710,"27848293 , 27848457 ",Jessy Joy ,"Staff Road, Gunrock Enclave, Hyderabad , Telangana 500009",78.4967,17.457
"THE CENTER FOR APPLIED RESEARCH AND PEOPLE
ENGAGEMENT",9197,"8007447750 , 9987516731 ",Apurva Mujumdar ,"MIDC, Railway Station , Aurangabad , Maharashtra 431005",75.31067,19.86016
"The Development on Communication, Arts &
Culture, Science,Economic & Education Centre",6874,"9856091105 , 8010916444 ",,"Ningthoukhong, Bishnupur , Manipur 795126",93.7636,24.56956
THE DOCTORS UNITED CHARITABLE TRUST,6510,9789693310 ,,"Daffodil Apartments , Airport Main Road, Lawspet, Puducherry 605008",79.81062,11.94995
THE EAST WEST FOUNDATION OF INDIA,2503,27501200 ,J. Usha ,"Kamala Avenue, Alamparai Beach Road, Kadapakkam, Cheyyur, Kancheepuram, Tamil Nadu  603304",79.98772,12.28236
The Family Planning Association of India,543,"40863101 , 40863170 ",Tushar Deshmukh ,"Bajaj Bhawan, Nariman Point , Mumbai , Maharashtra 400021",72.82262,18.92617
The Fathers House,12110,"9820634308 , 9867351968 ",Urvashi Solomon ,"RNA Classic, North Avenue, Santacruz West, Mumbai, Maharashtra 400054",72.83253,19.07872
The Ganga Foundation,12127,9503070230 ,Imran Khan ,"18th Street Chowdhry Nagar, Valasaravakkam Chennai, Tiruvallur, Tamil Nadu 600087",80.18011,13.03661
THE GOOD SAM FOUNDATION,12201,9886030809 ,Nelly Prichard ,"Elegant Spencer, Spencer Road, Frazer Town , Bengaluru, Karnataka 560005",77.61132,12.9954
The Gurukulians Foundation,11648,"9930991983 , 7977291484 ",Pooja Singh ,"Shri Siddhrameshwar Chhaya, Sector 20, PNB Bank , Navi Mumbai, Thane, Maharashtra 400706",73.01718,19.0359
The Hope House,1076,"2244816 , 9629471920 ",Suresh Chockalingam ,"Shanthinagar, Karigiri Hospital, Vellore, Tamil Nadu 632106",79.20225,12.98722
THE HOPING FOUNDATION,12972,9419134404 ,,"Shant Nagar, Post Office Old Janipur, Jammu, Jammu and Kashmir 180007",74.84996,32.7614
"THE INTEGRATED RURAL DEVELOPMENT OF
WEAKER SECTIONS IN INDIA",10427,2520128 ,,"Revathi Hills, Seetammadhara, Visakhapatnam, Andhra Pradesh 530013",83.31237,17.74228
The Kala Chaupal Trust,11698,9999880758 ,,"Uniworld city , Sector 31, Gurugram , Haryana 122001",77.04051,28.47017
THE MUNEER SOCIAL WELFARE SOCIETY,11713,40041441 ,,"West Patel Nagar, Central Delhi 110008",77.17723,28.64397
The National Association of Disabled's Enterprises,4255,"25779600 , 25779600 ",K.N.Radhakrishnan Nair ,"Kannamwar Municipal Marathi School, Kammamwar Nagar I, Vikhroli East, Mumbai, Maharashtra 400083",72.93534,19.11704
The NAZ Foundation (India) Trust,496,"9810158829 , 41325042 ",Poonam Malhotra ,East of Kailash New Delhi 110065,77.25086,28.55784
The Organization for Development of People,12713,2494195 ,Mini Johnson ,"Bannimantap B Layout, Mysuru-Bengaluru Highway, Mysuru, Karnataka 570015",76.65113,12.33809
The Richmond Fellowship Society (India),798,"26575389 , 26575389 ",Shekhar Seshadri (Dr) ,"7th Main, Jayanagar II Block, Bengaluru, Karnataka 560011",77.57968,12.91344
The Sacred Heart Brothers,7114,9916602755 ,,"BIRDS Campus, Geddalahalli, Kothanur, Kothanuur Main Road, Bengaluru, Karnataka 560077",77.64662,13.0484
The Saraswathi Shanmugam Public Charitable Trust,1213,"241100 , 241325 ",R.Latha ,"CC Road, Kalasapakkam, Tiruvannamalai, Tamil Nadu 606751",79.11195,12.44197
The Satkaarya Trust,7774,"26642033 , 26642033 ",MR.RAGHLAND DANIEL SAMUEL ,"CHENGALVARAYAN STREET, SHENOY NAGAR, Chennai, Tamil Nadu 600030",80.2293,13.0751
The Sirri Saqti Foundation,8141,8100051555 ,Zulfikar Ali NIyazi ,"Rajmohan Street, Nakhoda Mosque, Kolkata, West Bengal 700073",88.35684,22.57795
The Society for Door Step School,273,"23826343 , 9821058655 ",Shrutika Bhosale ,"Jagannath Shankarsheth Municipality School, Grant Road, Nana Chowk , Mumbai , Maharashtra 400007",72.81362,18.9626
The Vigil,1164,"2303223 , 2303223 ",Sarita Devi ,"Sehgal Path, New Area Jakkanpur, Mithapur , Patna, Bihar 800001",85.13306,25.59765
"THE WISHING FACTORY, VADODARA",11428,8657391068 ,Nachiket Shah ,"Ashirvad Society , Tube Company, Old Padra Road , Vadodara, Gujarat 390020",73.16444,22.28972
The Young Citizen of India Charitable Trust,6993,9825438600 ,,"Vitthalpark Society, Urban Bank, Malgodawn Road, Mehsana , Gujarat 384002",72.38547,23.60996
THRISSUR ORTHOPAEDIC CHARITABLE FOUNDATION,12279,9447739768 ,Vinesh Senan ,"Souparnika , Valiyalukal , Kanimangalam, Thrissur , Kerala 680027",76.21009,10.48754
THRIVE FOUNDATION,10739,9940360637 ,,"Saravanalayam, Sivaswamy Road, Mylapore, Chennai, Tamil Nadu 600004",80.26706,13.0411
TINKU MEMORIAL TRUST,8901,"8980838888 , 9825055221 ",Nilesh Raichura ,"Hotel Ekta, Bharat Petrol Pump, National Highway 8, Khadki, Valsad, Gujarat 396185",72.92964,20.45039
TOMORROW'S FOUNDATION,4782,"34431520 , 24431520 ",Mr. Nazim ,"Hossenpur, KMC WARD, Kolkata, West Bengal 700107",88.40259,22.51493
TOOLBOX INDIA FOUNDATION,3303,9819254509 ,,"Peninsula Towers, Peninsula Corp Park, GK Marg, Lower Parel, Mumbai , Maharashtra 400013",72.83628,19.00745
Transcendent Knowledge Society,11376,9830345212 ,,"Karunamoyee Ghat Road , Kolkata, West Bengal 700082",88.33387,22.48538
Travancore Education Trust,10842,"9446322728 , 9446382728 ",Sandhya P R ,"Travancore National School, Msp Nagar, Vijayamohini Mill, Vattavila, Poojapura Trivandrum , Thiruvananthapuram, Kerala 695006",76.98695,8.50313
TRIBAL FOUNDATION,11121,9441189436 ,Sandeep Kumr Naik N ,"Raghavanagar Colony, Meerpet, Balapur, Rangareddy , Telangana 500097",78.53312,17.32216
TRISHLA FOUNDATION,9233,"9415235159 , 2468989 ",,"Tagore Town , colonel ganj inter college, Allahabad, Uttar Pradesh 211002",81.86333,25.45579
Tropical Health Foundation of India,148,"224817 , 8547279419 ",SUDHISH VASU C ,"Government Girl's High School , Arthat, Guruvayoor Road , Kunnamkulam , Thrissur, Kerala 680503",76.07119,10.65934
TRUST FOR PEOPLE'S CARE,12213,9994242791 ,,"Treasury colony, oddanchatram, Dindigul , Tamil Nadu 624619",77.74209,10.48715
TRUTH CHARITABLE TRUST,12141,8885474222 ,,"Gandhi Nagar, Vuda Colony, Pedagantyada Visakhapatnam, Andhra Pradesh 530044",83.19341,17.67332
Try,10797,"9386898565 , 2270685 ",,"Patliputra Colony , Patna, Bihar 800013",85.11047,25.62926
"TULJABHAVANI BAHUUDDESHIYA SHIKSHAN
PRASARAK MANDAL",7939,9028771010 ,,"Sai Mandir, Pimpalgaon Gadhe, Pimpalgaon Parli Vaijnath, Beed, Maharashtra 431530",76.43203,18.93964
Tulsi Trust,11173,22842006 ,Shrinivas Sawant ,"Mittal Towers, Nariman Point, Mumbai, Maharashtra 400021",72.82375,18.92484
U&I Trust,3416,"9886191810 , 7022386750 ",Satish Manchikanti ,"Gover Road, Cox town , Bengaluru, Karnataka 560005",77.61959,12.99767
Uchch Jeevan Prashikshan Sansthan,9701,9412307242 ,Dr. Navneet Arora ,"22 Civil Lines, Roorkee, Haridwar, Uttarakhand 247667",77.88989,29.87078
UDGAM BAHU-UDDESHIYA SANSTHA AASHTI,11178,9890634635 ,,"Ashti , Wardha, Maharashtra 442202",78.17731,21.26309
UDICHI FOUNDATION,12249,4107653 ,NEERAJ KUMAR TIWARI ,"WAVE SILVER TOWER, SECTOR 18 , NOIDA, Gautam Buddha Nagar, Uttar Pradesh 201301",77.32481,28.57182
Udyajit Foundation,11227,9668879964 ,,"Nayagarh, Odisha 752079",85.21334,20.07995
UDYAMA,2651,"2475656 , 9437110892 ",Mr.Pradeep Mahapatra ,"Kalinga Vihar, Kalingavihar, Bhubaneswar , Khordha , Odisha 751019",85.75724,20.241
UGAM EDUCATION FOUNDATION,8552,9867719063 ,,"Crescent Heights, VN Naik Marg , Mumbai, Maharashtra 400036",72.81212,18.9666
Umang Charitable Trust,3522,28985116 ,Meghana Gurav ,"Vamanashram, Dr. Girija P. Heble Marg, Kalpana Chawla Chowk , Haridas Nagar, Borivali West, Mumbai , Maharashtra 400092",72.84789,19.22031
UMED HEALTH CARE SOCIETY,12123,"9811786517 , 8826682267 ",,"Savitri Nagar, Malviyanagar, South Delhi 110017",77.2087,28.5343
UMEED SOCIAL & ECONOMIC DEVELOPMENT,12274,9676217868 ,,"Susuwahi, Varanasi Uttar Pradesh 221005",82.9744,25.26294
"UNDER PRIVILEGED ADVANCEMENT BY YOUTH
SOCIETY BHANDARA",7065,8275045097 ,Vinay Choudhary ,"Hiwari Layout , Wardhman Nagar , Nagpur, Maharashtra 440008",79.13513,21.14814
Under The Mango Tree Society,1717,49731965 ,Marusha Fernandes ,"Tardeo AC Market Building, Tardeo Road, , Mumbai Central, Maharashtra 400034",72.81451,18.97293
United Artists Association,2299,"9861529735 , 6371749182 ",,"Roula Street, Ganjam , Odisha 761026",84.98754,19.42748
UNITED FOR HOPE,10717,1723920300 ,,"Tirmasahun , Kushinagar, Uttar Pradesh 274302",84.07248,26.74761
UNITED GOSPEL MISSION,2629,"9650480866 , 41665394 ",Reji ,"Tarabhavan, Lodosarai, New Delhi , South Delhi 110030",77.16102,28.49324
UNITED REFORMERS ORGANIZATION,2300,"9300381061 , 4225504 ",WAJHAD ,"URO Road, Prince Colony Lower Idgah Hills , Shahjahanabad , Bhopal, Madhya Pradesh 462001",77.39616,23.27
UNITED WORLD FOUNDATION,12001,8460309145 ,,"Diamond Estate, Varachha Road, Surat , Gujarat 395006",72.89869,21.22969
"UPKAR CHARITABLE WELFARE AND EDUCATIONAL
SOCIETY",8990,"9934428017 , 9473336838 ",,"Dhobahi, Sheohar, Bihar 843329",85.31918,26.39732
"Urmul Rural Health Research and Development
Trust",5152,"2523093 , 9414137093 ",Prerna Agarwal ,"Urmul Bhawan , Roadways Bus stand , Bikaner Rajasthan 334001",73.31978,28.03
Urmul Seemant Samiti,12797,"9052723464 , 8094019610 ",Sunil Lahiri ,"Sunil Lahiri , Bajju , Bikaner , Rajasthan 334305",72.26611,27.99721
UTKAL NEEDS,12052,8908888978 ,Mr Santosh kumar Panda ,"Sidhi Sai Apartment , Puri Cenal Road hanspal , Bhubaneswar , Cuttack , Odisha 752101",85.88327,20.32635
"UTKARSH SIKCHHAN PRASIKCHHAN SEWA
SANSTHAN",5411,9044428415 ,MR SATYENDRA RAI ,"Civil Lines , sadar, Azamgarh , Uttar Pradesh 276001",83.17666,26.05541
Uttar Pradesh Voluntary Action Network,1566,"9415301731 , 9415104818 ",,"Raitha Road, Chhatha Meal, Police Fire Station , Sitapur Road, Lucknow, Uttar Pradesh 226201",80.91982,26.9876
"Uttarakhand Association for Positive People Living
With HIV/AIDS",5596,"8272084880 , 8909935218 ",Pawan Bhardwaj ,"Sarthi Vihar, Yahama Showroom , Rispnapull Haridwar Raod , Dehradun, Uttarakhand 248001",78.02993,30.31339
UVA JAGRITI SANSTHAN,6143,"232021 , 9950414310 ",,"BANSUR , Alwar, Rajasthan 301402",76.37625,27.70893
V- ONE SOCIETY,8774,"2791621 , 2791621 ",Arvind Rathod ,"Bhumij Complex, Rangoli Restaurant, Fatehgunj, Vadodara , Gujarat 390002",73.18796,22.31975
"VAAGDHARA Voluntary Association of Agricultural General Development, Health and Reconstruction
Alliance",5726,9414082643 ,Mr. Sudeep Sharma ,"Kupda , Banswara, Rajasthan 327001",74.55061,23.49536
"Vaani, Deaf Children's Foundation",502,"22892705 , 22892705 ",Kusuma TV ,"2A Cross, 8th Main HRBR 1st Block , Kalyan Nagar, Bengaluru, Karnataka 560043",77.64502,13.02153
VAGAD VIKAS SANSTHAN,9903,"9414103139 , 9414103139 ",Jayshree Rawal ,"Ashirwad Building, Rati Talai, Nema Dharamshala, , Banswara, Rajasthan 327001",74.55061,23.49536
VAHINI DEVELOPMENT SOCIETY,2716,"230222 , 9449569022 ",,"Conniee School, M J Nagar 12th Cross, Hospet, Bellary, Karnataka 583203",76.44708,15.2801
Vasantham Pengal Sangam VPS,1371,9842342494 ,,"Abarna Complex, Edumalai Road, Mannachanallur , Tiruchirappalli, Tamil Nadu 621005",78.70163,10.91831
Vasundara Charitable Trust,7113,"27810774 , 7095644330 ",,"Soma Sundaram Street, Secunderabad , Hyderabad, Telangana 500003",78.49318,17.43845
VASUNDHARI SOCIETY FOR SOCIAL ACTION,10697,9818512708 ,,"DDA Flats, Sarita Vihar, South Delhi 110076",77.29224,28.53421
Vatsalya Trust Mumbai,815,"25782958 , 25784810 ",GIRISH KULKARNI ,"Police Station, Kanjurmarg East , Mumbai, Maharashtra 400042",72.93805,19.13347
Vedic Yoga Trust,11547,8755196191 ,,"Neelkanth Road, Vedic Yoga Centre , Laxman Jhula, Rishikesh, Pauri Garhwal, Uttarakhand 249302",78.34651,30.12938
VERUSCHKA FOUNDATION,9572,"9769074824 , 9833025477 ",Rohan Dias ,"Lok Bharati CHSL, Marol Maroshi Road, Marol, ICICI Bank, Andheri East, Mumbai, Maharashtra 400059",72.87832,19.12007
Vichar Darshan Social Development Foundation,9570,"9324324200 , 9594462753 ",,"Sapta Ratna Towers, R block, Sunder Nagar, Malad west, Mumbai, Maharashtra 400064",72.84408,19.17499
VICHARTA SAMUDAY SAMARTHAN MANCH,8207,"26860378 , 26860379 ",,"Harikutir, Sadvichar Parivar Campus, Satellite Road, Ramdevnagar Ahmedabad , Gujarat 380015",72.51255,23.02757
VIDYADAAN TRUST,7997,9843547794 ,C.L.Mohan Naarayan ,"Narayana Guru Road, Saibaba Colony, Coimbatore, Tamil Nadu 641011",76.94824,11.02585
Vidyanagar Nature Club,1197,"9898142170 , 9662042170 ",Payal Patel ,"Shriji Niwas, Radha Darshan , Union Bank , Vallabh Vidyanagar , Anand , Gujarat 388120",72.92635,22.55564
Vidyanikethan,1372,"41487965 , 41487965 ",Dr M Nagaraj ,"Jaraganahalli , 6th Phase, JP Nagar, Bengaluru, Karnataka 560078",77.57334,12.90643
Vidyarambam Trust,508,"52132900 , 24465377 ",Viji Srinivasan ,"First Main Road, Kasturba Nagar, Adyar, Chennai, Tamil Nadu 600020",80.25156,13.00689
Vijay Foundation Trust (Association),6159,8562247106 ,,"Municipal Stadium, YSR District, Cuddapah, Andhra Pradesh 516001",78.83065,14.46648
Vijoriya Foundation,8969,9414186410 ,Himmat Singh Vijoriya ,"Vijoriya Bhawan , Shri Mahaveer, Jaipur , Rajasthan 322220",76.92425,26.65489
"VIKALP, Ahmedabad",1102,"26822000 , 9824385725 ",,"Anand Tenaments , Vejalpur, Ahmedabad , Gujarat 380051",72.51679,23.00629
Vikas Krutti Sanshodan Kendra,10170,9970527762 ,,"Jadhav Niwas, Keshav Nagar West, Phularies house, Latur , Maharashtra 413512",76.58004,18.39696
Vikas Sahyog Pratishthan,1643,9869250410 ,Ms. Sneha Dwivedi ,"Unnat Nagar, Mahatma Gandhi Road, Hotel Shabari , Goregaon West, Mumbai, Maharashtra  400104",72.83622,19.16347
Vikash,561,"2548306 , 2549187 ",Soumya Prakash Dalua ,"Industrial Estate, Rasulgarh , Bhubaneswar , Khordha , Odisha 751010",85.85501,20.29245
"VIKASH, GANJAM",10621,9583689757 ,,"Ram Nagar 1st Lane,Berhampur, Purushottampur, Brahmapur , Ganjam , Odisha 761018",84.87864,19.49587
"VIKRAMA SIMHAPURI SOCIAL WORKERS
ASSOCIATION",11952,9642009752 ,,"Gandhi Nagar Road, Vinayaka Temple Vedayapalem, Nellore, Andhra Pradesh  524004 ",79.94823,14.41146
Village Development Centre,512,"2561061 , 9842535088 ",R.Indirani ,"6TH STREET, GANDHINAGAR, Tiruchirappalli , Tamil Nadu  621005 ",78.67626,10.77516
VIMUKTI,8746,23210194 ,VaibhaV ,"ISEC Road, Nagarbhavi Post , Bengaluru Urban , Karnataka  560072 ",77.51328,12.95733
Vimukti AIDS Thadegattuva Mahila Sangha,12724,9886649520 ,,"Family Planning Association Of India , New Ksrtc Bus Stand , Ballari , Karnataka  583101 ",76.91849,15.13818
Vimukti Sanstha,5199,"8058799708 , 8058799987 ",Prachi jain ,"Vimukti Girls School, C-40, Lajpat Marg, C-Scheme, Jaipur , Rajasthan  302001 ",75.80794,26.91106
VINAYAGA TRUST,10271,9445661506 ,T K P Asokan ,"Vaikkam Veerar Street , Chennai , Kancheepuram , Tamil Nadu  600059 ",80.1338,12.93221
Vishva kalyan Society,3427,"9375510101 , 252722 ",Dhaval D Parikh ,"Atmavallabh Hospital Campus , Idar , Sabarkantha , Gujarat  383430 ",73.00189,23.82829
Vishvodayaa Trust,1218,"22470058 , 9444408116 ",Ananthakrishnan Parthasarathy ,"Baalyaa House , I Cross Street,Madipakkam , Chennai, Tamil Nadu  600091 ",80.19853,12.96165
VISION A RURAL DEVELOPMENT SOCIETY,1666,"233151 , 9908523753 ",,"SDPT Road , Ramayampet , Medak , Telangana  502101 ",78.43719,18.11725
VISION FOUNDATION,12130,"9842106706 , 7010737896 ",R. Selvarani ,"M.G.R. Nagar, Govt. boys kallar hostel , Usilampatti , Madurai , Tamil Nadu  625532 ",77.78299,9.95268
"Visionaries of Creative Action for Liberation and
Progress",306,9437578487 ,,"Nishant Niketan, Dharmpur, Ganjam , Odisha  761002 ",84.89002,19.27283
VISWA YUVA KENDRA,4173,9437191043 ,,"Baninali , Luhamunda ,  Angul , Odisha  759127 ",84.70237,20.99922
Vivekananda Yuva Kendra,5235,"222211 , 9760188282 ",,"Vivekananda Yuva Kendra , Post Office Joshimath , Chamoli , Uttarakhand  246443 ",79.66528,30.72559
VKS Sharanya Welfare Society,6607,"9769228347 , 23322275 ",Ganesh ,",raj yog building, lokhandwala , andheri west ,Mumbai , Maharashtra  400053 ",72.82497,19.14321
VOCATIO CAREER EDUCATION COUNCIL,9025,9703298292 ,,"Road 10, Banjara Hills , Hyderabad , Hyderabad , Telangana  500034 ",78.44367,17.41605
"VOICE FOR THE OPPRESSED THROUGH INTEGRATED
COMMUNITY EMANCIPATION",11089,9443143380 ,Jill Hinckley ,"Thathachariyar residency , Mambalasalai , Tiruchirappalli , Tamil Nadu  620005 ",78.72551,10.85239
VOLUNTARY ASSOCIATION FOR SOCIAL UPLIFTMENT,12195,9435147695 ,Shabnam Mohan Raj ,"Subham Enclave, , Lakhiminagar Path, Hatigaon, , Guwahati , Kamrup Metropolitan , Assam  781038 ",91.7819,26.13919
Voluntary Health Association of Tripura,517,"9436129317 , 2322849 ",,"Circuit House Area, P.O. Kunjaban ,Agartala , West Tripura , Tripura  799006 ",91.28796,23.86184
VOLUNTARY INSTITUTE FOR RURAL DEVELOPMENT,4927,9438850416 ,,"Hakimapada, Angul , Odisha  759143 ",85.05644,20.87884
Vrutti,8894,"23419616 , 9344410890 ",Johnson Thangaraj ,"Raghavendra Nilaya, AECS Layout, Ashwathnagar, , Bengaluru  , Karnataka  560094 ",77.5791,13.02537
Waste Warriors Society,10444,"9866383029 , 9568768167 ",Chirag Mahajan ,"Shivam Vihar, Jakhan , Rajpur Rd. , Dehradun , Uttarakhand  248001 ",78.07186,30.36708
"Watershed Association for Training Employment and
Resource utilisation (WATER)",1949,"25316545 , 9910827003 ",Anirudha Kumar ,"Goela Vihar, Nazafgarh,  New Delhi , Delhi  110071 ",76.98689,28.60519
WE 4 YOU CHARITABLE TRUST,12026,9853337095 ,Nihar Ranjan Das ,"Kalinga nagar, Ghatikia , bhubaneswar , Khordha , Odisha  751029 ",85.75958,20.26727
WELDON TRUST,7299,"9791717331 , 257331 ",,"Gowtham Nagar , Srinivasa Mahal , Salamedu , Viluppuram , Tamil Nadu  605401 ",79.45563,11.89118
White Swan Foundation,10781,9844013849 ,Manoj Chandran ,"7th Main, 37th Cross, Jayanagar 5th Block , Bangalore ,, Karnataka  560041 ",77.58644,12.91895
Win Over Cancer,10966,9958984008 ,Kavita Gupta ,"Ashoka Enclave II Sector 37, Faridabad , Haryana  121003 ",77.3152,28.47521
Wise Men Civic Welfare Association,1023,9000994894 ,,"Kothaveedhi , Narsipatnam, Visakhapatnam , Andhra Pradesh 531116",82.62258,17.63702
WISHES AND BLESSINGS,10054,"49123746 , 9873422455 ",Naina Chauhan ,"Panchshila Park , South Delhi 110017 ",77.21973,28.54401
Women & Child Welfare Society,4215,"2414810 , 9337252333 ",,"Gamhandia New Colony , Buxi Bazar Cuttack , Odisha  753001",85.88134,20.46878
WOMEN & ENVIRONMENT DEVELOPMENT SOCIETY,12709,9483066631 ,Satish Kumar Talwar ,"Ramanjaneya Nilaya Kolagal Road 2nd Cross Indira Nagar Bellary , V N Habib House, Syndicate Bank Koppal , Bellary Karnataka  583104",76.91475,15.1444
Women and Child Development Society,10435,9443150426 ,A. Tamilselvan ,"Thoppur, Tirunelveli , Tamil Nadu  627107",77.47583,8.52095
WOMEN WORK & HEALTH INITIATIVE,12591,"9873132336 , 9910057172 ",,"DDA flats, Kalkaji, New Delhi , South West Delhi , 110019",77.25538,28.52848
"Women, Media & News Trust",6463,"46012574 , 46012574 ",Disha Mullick ,"Adhchini , Professional Touch Beauty Parlour , New Delhi 110017",77.21382,28.53237
"Women's Organisation for Socio-Cultural Awareness
(WOSCA)",2531,"253490 , 253490 ",,"WOSCA, Mandua, Keonjhar , Odisha 758074",85.62621,21.62916
World Health Partners,849,"66500700 , 66500738 ",Vinod Sharma ,"Greater Kailash Enclave II , Masjid Moth , South Delhi 110048",77.23892,28.54533
"WORLD HUMAN TOUCH FOUNDATION Jammu,
Kashmir and Ladakh",12008,9596168543 ,FAYAZ AHMAD RATHER (SAIFU) ,"Mehripora , Manigam , Lar , Ganderbal , Jammu and Kashmir 191201",74.82032,34.2652
World Wide Fund For Nature - India,5926,"41504815 , 8826933605 ",Shruti Dwivedi ,Lodhi Estate South Delhi 110003,77.22337,28.59668
Y. R. Gaitonde Medical Educational and Research Foundation,244,"39106664 , 9840079001 ",AK Ganesh ,"Rajiv Gandhi Salai, Taramani , Chennai , Tamil Nadu  600113",80.2528,12.98177
Y4D Foundation,8611,8282828811 ,Bijesh Dwiwedy ,"The Onyx, Euro School, Wakad , PUNE , Maharashtra  411057",73.76968,18.59877
YANADI EDUCATION SOCIETY,11805,9848135402 ,,"Srinagar 8th lane , Guntur , Andhra Pradesh  522002",80.4396,16.30426
YASHODHAN CHARITABLE TRUST,9921,9922424236 ,,"Mhalar Peth Satara , Head Cortar , Satara , Maharashtra 415002",73.9578,17.68829
YASHVI CHARITABLE TRUST,11431,8849184311 ,,"Sitapura , Chansma , Patan , Gujarat  384225",72.27205,23.64001
Yashwant Shikshan Sanstha,7556,9922776592 ,,"kshetra Mahuli , Satara , Maharashtra  415003",74.05847,17.69074
"Yoddhas, Indians Fighting Against Cancer",8216,"9999110600 , 9560532925 ",,"Air India Apartment NSIT College Sector 3, Dwarka, South West Delhi 110078",77.03134,28.60228
YOGA AMIRTHAM CHARITABLE TRUST,9774,9487518808 ,,"Ramuni nagar, Karisalkulum , Vilangudi , Madurai , Tamil Nadu 625018",78.0885,9.94999
Yoganjali Kelvani Mandal,6962,"225503 , 224707 ",Ms.Jigna Dave ,"Dethali Road, , Siddhpur , Patan , Gujarat  384151",72.36365,23.92492
Yogi Kelvani Mandal,1320,9879642052 ,Srusti ,"Shreenath Row House ,Pavansut society, TB Road, Mehsana, Gujarat  384002",72.38547,23.60996
Young Mens Christian Association of Gandhidham,6744,"225399 , 225399 ",,"Udhaynagar , IFFCO , Gandhidham , Kachchh , Gujarat  370201",70.1324,23.07531
Your Turn Now Trust,10811,9821366660 ,,"Kirti Mahal , Sir Bhalchandra Road, Podar College , Matunga , Mumbai , Maharashtra  400019",72.85141,19.02436
Youth Efforts for Society Trust,7321,9741271793 ,,"KEB Colony udayagiri, Mysuru , Karnataka  570019",76.6772,12.32803
YOUTH FOR ACTION AND RESEARCH (YAR),5946,0917860619 ,Haridas Patel ,"PADMAPUR BADI , KHARIAR , Nuapada , Odisha 766107",82.75411,20.31859
Youth for Seva,5127,7259958595 ,Volunteering Manager ,"4th Cross, 2nd Main, Soudamini Layout, Konanakunte, Bengaluru, Karnataka  560062",77.56565,12.88252
YUVA SANKALP BAHUUDDESHIYA SANSTHA,11691,9403305594 ,,"Gopal Nagar Nagpur , Maharashtra  440022",79.05016,21.11412
YUVA URBAN INITIATIVES,10802,7506891098 ,Shaila Thakur ,"Sector 7 , Kharghar , Navi Mumbai , Raigad , Maharashtra  410210",73.0626,19.03722
YUVAAN Ahmednagar,12405,9011118787 ,,"Saiguru Colony, Amit Service, Ganesh Chowk, , Nagapur, MIDC, Ahmednagar , Maharashtra  414111",74.71523,19.14488
Yuvak Samajik Jankalyan Sanstha,11782,9373251239 ,,"DARSHAN COLONY KDK COLLEGE NANDANVAN, NAGPUR , Maharashtra  440009",79.12835,21.13642
Yuwa Gram Vikas Mandal,7999,9422543283 ,,"Akshay Niwas, Dharur Road, Kaij, Beed , Maharashtra  431123",76.0543,18.71156
