eventId,eventName,centre,area,volReq,natureOpr,minTermOpr,startDate,endDate,causesArea,whrWillOprBe,daysOfVol,hrsPerSession,lastUpdated,onsiteCity,aId,aLink,ngoName,oprCategory,latitude,longitude,precision
54684,Teaching Volunteer in Delhi,Delhi,,7,,,10-12-2022,31-07-2030,['Education & Literacy'],Onsite,Weekends,2,2026-08-25 11:23:46.0,Delhi,1574949207984,d601389e-da20-482d-8d3c-5eee07c7b113,Aashray Foundation,Teacher,28.66752435193491,77.2063695462668,City-Level Fallback (city)
54685,Teaching Volunteer in Mumbai,Mumbai,,10,,,10-12-2022,31-07-2030,['Education & Literacy'],Onsite,Weekends,2,2026-08-25 11:25:41.0,Bandra Mumbai,1574949208144,28758b4e-d1d6-4eea-9456-b6617de164c2,Aashray Foundation,Teacher,19.04979602668223,72.86705554657318,City-Level Fallback (building)
54687,Teaching Volunteer in Chandigarh,Chandigarh,,5,,,10-12-2022,31-07-2030,['Education & Literacy'],Onsite,Weekends,2,2026-07-09 11:33:07.0,Pkl Mohali Chandigarh,1574949208715,fd0b31e5-265c-443c-b5f2-4869582b74b5,Aashray Foundation,Teacher,30.74085699218534,76.77753525426832,City-Level Fallback (city)
54973,Storytelling Volunteer Pune,Pune,,15,,,13-03-2023,31-07-2030,['Children'],Onsite,Weekends,2,2026-06-11 13:11:54.0,Pune,1574949421277,91de2480-6b71-4678-a348-154e58f91bc4,Bookwallah Organization,Communication,18.5302559471664,73.84832192150893,City-Level Fallback (city)
55044,Graphic Design Volunteer,Delhi,,2,,,28-03-2023,30-09-2026,['Youth Development'],Onsite,Either,2,2026-06-15 16:49:37.0,New Delhi ,1574949472931,b1175015-4ab7-409b-a6b2-ed1b45588808,Etasha Society,Brochure/Poster/Social Media Design,28.60278402109211,77.20145184827582,City-Level Fallback (city)
54998,Graphic Designer Volunteer,Mumbai,,2,,,01-04-2023,31-07-2030,['Children'],Hybrid,Either,2,2026-08-21 11:35:49.0,Mumbai,1574949434484,8a5ba96e-70b9-4476-9cd0-d20e0d08b401,Bookwallah Organization,Brochure/Poster/Social Media Design,19.060390437415286,72.86564798118313,City-Level Fallback (city)
54984,Photography Volunteer Pune,Pune,,2,,,01-04-2023,31-07-2030,['Children'],Onsite,Weekends,2,2026-06-11 13:14:03.0,Pune,1574949424292,db801280-4202-44ed-a3af-204bd60befa7,Bookwallah Organization,Photography,18.50843659080219,73.84494651475889,City-Level Fallback (city)
55061,Fundraising Strategy Volunteer,Pune,,2,,,03-04-2023,31-03-2027,['Youth Development'],Hybrid,Weekdays,5,2026-08-28 18:02:18.0,Pune,1574949493323,a868ea4e-bb79-45fc-b0a7-690f19c27979,Navsanjeevan Social Trust,Fundraising Strategy,18.51058477967696,73.85821966046902,City-Level Fallback (city)
55064,Graphic Designing Intern,Mumbai,,10,,,05-04-2023,31-12-2026,['Education & Literacy'],Onsite,Weekdays,4,2026-06-29 12:41:40.0,Mumbai,1574949495000,4c191040-52e8-4c97-8e4a-02f135b2a696,Bhavyata Foundation,Brochure/Poster/Social Media Design,19.05697518309949,72.88070559498946,City-Level Fallback (city)
55059,Teaching Volunteer,Patna,,3,,,05-04-2023,05-10-2030,['Education & Literacy'],Onsite,Weekdays,2,2025-03-28 10:17:35.0,Patna,1574949491618,4811ed25-db36-436e-bf76-a8b5fbd0d7c5,ABUNDANT LIFE FOUNDATION,Teacher,25.607613712102165,85.11765544665018,City-Level Fallback (city)
54967,Photographer Volunteer Mumbai,Mumbai,,4,,,01-05-2023,31-07-2030,['Children'],Onsite,Either,2,2026-06-11 13:12:42.0,Mumbai,1574949416306,ba208198-0851-44ec-87ae-a4da78306191,Bookwallah Organization,Photography,19.067575264727026,72.85910989375658,City-Level Fallback (city)
55329,Teaching Volunteer,Mumbai,,6,,,01-06-2023,30-09-2026,['Education & Literacy'],Onsite,Either,2,2026-05-26 15:44:43.0,Mumbai,1574949726276,b685c0ca-ce67-42ac-a300-c662a0a3e2aa,Gully Classes Foundation,Teacher,19.070496831915754,72.86325463505086,City-Level Fallback (city)
55380,Teaching Volunteer in Lucknow,Lucknow,,5,,,07-06-2023,10-08-2027,['Education & Literacy'],Hybrid,Weekends,2,2026-08-10 16:31:36.0,Lucknow,1574949904381,7d45fcf3-13dd-4396-8427-eef8ecdf519e,Aashray Foundation,Teacher,26.8406603564209,80.93278631536978,City-Level Fallback (city)
55367,Onsite Survey Volunteer,Trombay ,,28,,,15-06-2023,31-07-2030,['Community Development'],Onsite,Weekdays,6,2026-08-03 16:30:05.0,Mumbai,1574949828841,896c3a6b-7753-45e9-8947-f6fc96cbad1d,Dharma Bharathi Mission - Navshrushti International Trust,Survey,19.066391947862122,72.87810308192637,City-Level Fallback (city)
55508,HR Volunteer,Delhi,,2,,,24-07-2023,30-11-2030,['Education & Literacy'],Hybrid,Weekdays,5,2026-05-22 17:14:01.0,Delhi,1574950087282,8b49cc3c-b0f0-4b4f-b5ad-f886fc52c766,Lakshya Jeevan Jagriti,Human Resource(HR),28.666844812762722,77.21656726676862,City-Level Fallback (city)
55553,Spoken English Volunteer,Chaitanya Nagar Milind Nagar Powai,,4,,,01-08-2023,31-12-2026,['Education & Literacy'],Onsite,Weekdays,6,2026-06-29 13:20:25.0,Mumbai,1574950122348,62eef7d5-8ae2-4e8a-80ab-9ca4592b0b6e,VIDYA - Mumbai,English Teacher,19.0817351,72.9075151,Exact NGO (bank)
55609,Community Outreach Volunteer,Ahmedabad,,2,,,10-08-2023,30-09-2026,['Environment & Sustainability'],Onsite,Weekdays,3,2026-05-26 10:45:47.0,Ahmedabad,1574950159126,cec8b28f-d4ce-4ecb-b475-3d80f9f6ca01,India Recycles,Research,23.017225154975673,72.56446381430546,City-Level Fallback (city)
55563,Teaching Volunteer Ahmedabad,Ahmedabad and Gandhinagar,,5,,,13-08-2023,31-12-2030,['Education & Literacy'],Onsite,Weekends,5,2026-08-25 11:22:47.0,Ahmedabad and Gandhinagar,1574950128010,4575a4ae-4355-46e6-b6b4-b8d2d524d75a,Make A Difference,Teacher,23.480117740567316,72.40536777411309,City-Level Fallback (county)
55565,Teaching Volunteer Chennai,Chennai,,5,,,13-08-2023,31-05-2030,['Education & Literacy'],Onsite,Weekends,3,2025-07-02 17:24:53.0,Chennai,1574950128581,3e03c9ec-223d-4424-a66b-b2a0d412c339,Make A Difference,Mentoring,13.089181653846174,80.26876534896934,City-Level Fallback (city)
55618,Admin Support Volunteer,Delhi Defence Colony,,2,,,17-08-2023,17-08-2030,['Children'],Onsite,Weekdays,4,2024-03-06 15:35:23.0,Delhi,1574950161419,c6b04676-0886-4b38-b3eb-356b8224426f,Anukulan,Admin,28.662952840150144,77.23247140290219,City-Level Fallback (city)
55705,Social Media Volunteer,Mumbai,,2,,,01-09-2023,30-09-2026,['Education & Literacy'],Hybrid,Either,3,2026-05-26 15:53:20.0,Mumbai,1574950248424,a68490c2-bc80-4181-a3cf-c3f680f41c92,Door Step School,Social Media,19.06242006589841,72.86317671695343,City-Level Fallback (city)
55927,Braille Language Transcription Volunteer,,,2,,,19-10-2023,30-09-2027,['Persons with Disabilities'],Onsite,Weekdays,2,2026-08-17 14:41:13.0,Bengaluru,1574950458033,64bff582-bab0-4635-81a6-a7248fd81e29,Sahana Charitable trust,Education Support,12.978512595244501,77.57464324676137,City-Level Fallback (city)
55971,Teaching Volunteer,Mumbai,,5,,,31-10-2023,31-01-2027,['Education & Literacy'],Onsite,Weekdays,3,2026-08-26 17:08:03.0,Mumbai,1574950515645,66c28b7b-2f39-49dd-8cea-b994cb9a8955,Udaan India Foundation,Teacher,19.049483277823413,72.85123277026841,City-Level Fallback (city)
55972,Weekend Volunteer for Recreational Activities,Mumbai,,5,,,31-10-2023,31-10-2026,['Education & Literacy'],Onsite,Weekends,3,2026-05-29 17:17:37.0,Mumbai,1574950515803,b97f9c8b-621e-4777-8032-8345d98bd86f,Udaan India Foundation,Easy To Do,19.036686312001653,72.86482255793013,City-Level Fallback (city)
55986,Teaching Support Volunteer,Mumbai,,10,,,14-11-2023,31-03-2027,['Education & Literacy'],Onsite,Weekdays,3,2026-08-12 11:26:54.0,Mumbai,1574950531537,85c89e95-db66-458f-99de-642a6fc6bfbf,Spark a Change Foundation,Teacher,19.04853599360624,72.86898431565825,City-Level Fallback (city)
56005,Administrative Executive Volunteer,Mumbai,,2,,,20-11-2023,30-09-2026,['Persons with Disabilities'],Hybrid,Weekdays,6,2026-05-26 15:55:47.0,Mumbai,1574950543783,ab4affec-8992-4f26-9607-a4e7ef32647c,Voice Vision - Project Of Basudeo Bubna,Admin,19.05947176555781,72.87942977459127,City-Level Fallback (city)
56236,Sunday Funday with kids volunteer,Mumbai,,11,,,10-01-2024,31-10-2026,['Children'],Onsite,Weekends,4,2026-03-25 17:14:52.0,Mumbai,1574950737410,519312d7-e17d-428b-b526-432404710d61,Ashiyana,Easy To Do,19.1423001,72.8299767,Exact NGO (neighbourhood)
56371,HR Volunteer Mumbai,Mumbai,,2,,,07-02-2024,01-03-2027,['Children'],Hybrid,Either,2,2026-08-21 11:36:41.0,Mumbai,1574950831931,518356b5-5c53-432d-9460-de7e7b67eb4e,Bookwallah Organization,Human Resource(HR),19.069065020889113,72.85656395628784,City-Level Fallback (city)
56366,Poster Making Intern,Mumbai,,2,,,07-02-2024,30-09-2026,['Women Empowerment'],Hybrid,Weekdays,2,2026-05-28 10:54:34.0,Mumbai,1574950830436,b9d0f469-0a40-4f8a-8cc7-e81fa93267de,Paarvedan foundation,Brochure/Poster/Social Media Design,19.069629030065,72.87145326562697,City-Level Fallback (city)
56440,Human Resource Support Intern,Bangalore,,2,,,13-02-2024,31-03-2027,['Health'],Hybrid,Weekdays,6,2026-01-07 23:49:02.0,Bengaluru,1574950879532,c7aaef2c-a8d8-47d8-82a6-03fb7b41e111,Swasti,Human Resource(HR),12.968426411013896,77.58275857881962,City-Level Fallback (city)
56443,Graphic Designer Intern,Mumbai,,2,,,20-02-2024,30-11-2026,['Persons with Disabilities'],Hybrid,Weekdays,4,2026-06-29 12:43:10.0,Mumbai Goregaon,1574950883669,308d98cc-c910-4f22-ac63-676cf023c18f,Voice Vision - Project Of Basudeo Bubna,Brochure/Poster/Social Media Design,19.158509020010303,72.86193848857758,City-Level Fallback (atm)
56455,Social Media and Research Intern,Mumbai,,5,,,22-02-2024,31-01-2027,['Education & Literacy'],Onsite,Weekdays#Weekends,6,2026-01-23 10:56:55.0,Mumbai,1574950898301,d4df632a-1466-4a50-841c-7f1c8b45b820,Sparkling Wings NGO,Social Media,19.07466023077738,72.88088550784339,City-Level Fallback (city)
56522,Business Development Intern,,,5,,,05-03-2024,31-03-2027,['Community Development'],Hybrid,Weekdays#Weekends,6,2026-06-29 23:01:59.0,Mumbai,1574950943603,4c9b5995-4942-47d4-84aa-eb7495b382fc,Anarde - Mumbai,Business Development,19.051228500388547,72.86209508476038,City-Level Fallback (city)
56574,Awareness Session Volunteer,Ambernath west,,2,,,20-03-2024,20-11-2026,['Women Empowerment'],Onsite,Weekdays,6,2026-05-22 17:46:33.0,Ambernath Thane,1574951016478,0b1243c8-c30f-4a21-898a-086cc180740d,Aarudhra women's welfare foundation,Awareness Campaign,19.14276896002603,73.22758925997228,City-Level Fallback (bank)
56688,Computer Literacy Tutor Volunteer,Thane ,,6,,,23-04-2024,31-12-2026,['Women Empowerment'],Onsite,Either,3,2026-09-02 12:05:43.0,Thane,1574951112325,8b47de38-a82d-4056-ac18-772a656dcc15,Kshamata,Computer Teacher,19.352116331636985,73.38647011138495,City-Level Fallback (state_district)
56705,Wish Maker Volunteer,Pune,,5,,,25-04-2024,31-12-2026,['Children'],Onsite,Weekdays,2,2026-08-13 13:05:19.0,Pune,1574951141414,c0670ee0-3e8f-4f38-bc2f-4f23b3d50607,Make-A-Wish Foundation of India,Easy To Do,18.51042566145466,73.85183843292955,City-Level Fallback (city)
56666,Making Worksheets for kids volunteer,Dakshinya NIOS School,,4,,,25-04-2024,25-10-2026,['Persons with Disabilities'],Onsite,Either,3,2026-05-21 15:39:44.0,Mumbai,1574951098340,659b35a1-0f1c-4f79-880b-4964efe006a1,Sankalp Charitable Trust,Document/Report Design,19.05037346766946,72.8877668211812,City-Level Fallback (city)
56764,Fund Raising Strategy Volunteer,Mumbai,,2,,,20-05-2024,31-08-2027,['Women Empowerment'],Hybrid,Either,10,2026-07-31 10:52:45.0,Mumbai,1574951190890,ce57f1ec-c2ef-4856-a463-cedad524e215,Hamari silai,Fundraising Strategy,19.047076111124692,72.86299776385876,City-Level Fallback (city)
56894,Photography and Cinematography Interns,Delhi NCR,,3,,,05-06-2024,31-12-2026,['Health'],Onsite,Either,4,2026-07-29 15:41:45.0,Delhi,1574951311191,a1b93d84-c784-4b75-a977-32a6cb2696b9,Saday Sadev,Videography,28.6671043723527,77.23373614921748,City-Level Fallback (city)
57010,Teaching Volunteer,Raigad,,10,,,24-06-2024,30-09-2026,['Education & Literacy'],Onsite,Weekdays,2,2026-06-26 11:56:26.0,Mumbai,1574951413043,2c1293f3-c9ee-461f-b696-f3d54a87f3cf,Umang Foundation Trust,Teacher,19.073944330524093,72.87962197644501,City-Level Fallback (city)
57069,Platform Support Volunteer,Bengaluru,,2,,,03-07-2024,30-11-2027,['Women Empowerment'],Onsite,Either,4,2025-12-26 15:44:08.0,Bengaluru,1574951456268,5300b227-5c60-463b-82af-18abb824e5e8,Women's Synergy,Admin,12.989816882365048,77.59980241673702,City-Level Fallback (city)
57072,Graphic Design Volunteer,Bengaluru,,2,,,05-07-2024,30-11-2026,['Women Empowerment'],Onsite,Either,4,2026-05-31 20:27:05.0,Bangaluru,1574951462732,5854008a-34c0-4a72-a276-872a3da5d013,Women's Synergy,Brochure/Poster/Social Media Design,12.95925875674981,77.60041808652993,City-Level Fallback (city)
57074,Newspaper Collection Drive Volunteer,Thane and Mulund,,20,,,07-07-2024,30-11-2026,['Education & Literacy'],Onsite,Weekends,6,2026-04-27 14:25:17.0,Mumbai ,1574951464295,29a66773-45c0-4969-9be0-1e5dd9cf7aca,The Paper Revolution Foundation,Collection Drive,19.054063510536693,72.87644412036565,City-Level Fallback (city)
57145,Teaching Volunteer,Delhi,,4,,,25-07-2024,31-01-2027,['Persons with Disabilities'],Onsite,Weekdays,2,2026-09-03 12:05:40.0,Delhi,1574951508542,d91d2c68-8560-4620-b07c-24427564b9a6,Inside Me,Teacher,28.6795622357298,77.21407390103349,City-Level Fallback (city)
57176,Video Making Volunteer,Mumbai,,2,,,25-07-2024,30-11-2026,['Education & Literacy'],Onsite,Weekends,2,2025-10-31 12:22:45.0,Mumbai,1574951541000,1eb63537-5894-4f44-9901-1cc7874ddce3,Sparkling Wings NGO,Videography,19.04141328199527,72.85458939115485,City-Level Fallback (city)
57116,Volunteer Coordinator,Delhi,,2,,,25-07-2024,28-02-2027,['Persons with Disabilities'],Onsite,Either,2,2026-09-03 12:06:27.0,Delhi,1574951493086,ea089655-69c1-40cb-bfc7-5fb47043ebdb,Inside Me,Human Resource(HR),28.66822447584114,77.23255799530476,City-Level Fallback (city)
57229,Senior Citizen Support Volunteer,Bengaluru,,2,,,11-08-2024,10-11-2027,['Seniors'],Onsite,Either,2,2026-05-19 12:41:29.0,Bengaluru,1574951593404,935c3c71-51b4-4e1f-af42-b6d49c01bc3e,Maya Care Foundation - Pune,Easy To Do,12.99576516048734,77.60332928052091,City-Level Fallback (city)
57253,Expert Session Volunteer,Delhi,,2,,,16-08-2024,30-09-2026,['Persons with Disabilities'],Onsite,Weekdays,2,2026-06-04 12:46:39.0,Delhi,1574951606970,5b54cafd-67fa-4e05-bce5-b1fe2b9440a3,Inside Me,Mentoring,28.654484713126674,77.20374039897486,City-Level Fallback (city)
57247,Graphic Design Volunteer,Kolkata,,2,,,19-08-2024,31-10-2026,['Community Development'],Hybrid,Either,2,2026-07-15 12:06:59.0,Kolkata,1574951603188,4dd3637c-904c-49c2-a55b-b715148cfeee,Kankura Masat Social Welfare Society,Brochure/Poster/Social Media Design,22.57858392144167,88.35702130041453,City-Level Fallback (city)
57542,Food Distribution Volunteer Navi Mumbai,Navi Mumbai,,5,,,29-10-2024,31-10-2026,['Education & Literacy'],Onsite,Weekends,2,2026-06-17 16:46:06.0,Navi Mumbai,1574951845584,05d031bb-ca47-489c-b85e-7d1573889f81,Mission Learning Foundation,Civic-Distribution Drives,19.03681,73.01582,Exact NGO (neighbourhood)
57574,Social Media Manager Volunteer,Hyderabad,,2,,,11-11-2024,30-11-2026,['Community Development'],Hybrid,Weekdays,5,2026-05-22 17:44:35.0,Hyderabad,1574951866546,b14231c2-69f8-47e7-9c86-ab19432ae3c2,Bow &ARROW,Social Media,17.36675292591897,78.46352839370087,City-Level Fallback (city)
57568,Mentoring Volunteer Bengaluru,Bengaluru,,2,,,11-11-2024,30-11-2026,['Education & Literacy'],Onsite,Weekdays,2,2026-08-27 10:40:53.0,Bengaluru,1574951864553,8b2ef15b-8e77-48bf-8816-3c104d6c314b,Agastya International foundation,Mentoring,12.958585722227534,77.58104187475823,City-Level Fallback (city)
57592,Auditor or Chartered Accountant Volunteer,Hyderabad,,2,,,12-11-2024,30-09-2026,['Community Development'],Hybrid,Weekdays#Weekends#Either,2,2025-09-23 14:29:45.0,Hyderabad,1574951879195,d0a9384e-d3a8-497a-b24b-65f56bdb54ab,Bow &ARROW,Finance/Accounts,17.3718182997753,78.46677583289564,City-Level Fallback (city)
57597,Outreach Volunteer,Mumbai Bandra,,2,,,13-11-2024,30-06-2028,['Health'],Hybrid,Either,2,2026-08-30 23:38:02.0,Mumbai,1574951882267,6fb782f2-9318-4923-82fd-6b8f0560b5f4,The Unicorn Xpress Foundation,Outreach,19.057311958586418,72.88340410157343,City-Level Fallback (city)
57650,Mentoring Volunteer Mumbai,Nallasopara East,,10,,,25-11-2024,31-12-2026,['Education & Literacy'],Onsite,Weekdays#Weekends,4,2026-05-21 14:14:36.0,Nallasopara East Dhaniv Baug,1574951920936,57681234-e441-4b31-afef-fb1593b165eb,Make A Difference,Mentoring,,,Failed
57652,Teaching Volunteer,Delhi,,2,,,01-12-2024,30-11-2026,['Persons with Disabilities'],Onsite,Weekdays,4,2026-04-27 16:30:45.0,Delhi,1574951922157,2c622b83-3fa0-4754-ab49-7b65c2dbf9e3,Inside Me,Teacher,28.65946776891619,77.1972884265694,City-Level Fallback (city)
57717,English Teaching Volunteer,Pune,,3,,,11-12-2024,30-09-2026,['Children'],Onsite,Weekdays,2,2026-05-29 18:13:41.0,Pune,1574951979488,c4085538-b6b3-4450-b000-d5db68f0bbe1,Sant Ishwar Foundation,English Teacher,18.51163542255748,73.87331382152085,City-Level Fallback (city)
57797,Photography Volunteer,Ahmedabad,,2,,,05-01-2025,30-11-2026,['Education & Literacy'],Onsite,Weekdays,12,2025-08-06 12:30:18.0,Ahmedabad,1574952084907,6f8b22cd-7ed6-4a1d-9669-b62bd7ef7a8b,SP Seva Sansthan Foundation,Photography,23.008015765729724,72.56695791201123,City-Level Fallback (city)
57810,Photographer Volunteer,Mumbai,,2,,,05-01-2025,31-10-2026,['Health'],Onsite,Either,2,2026-06-11 15:49:42.0,Mumbai,1574952089900,9bcb0f17-836a-49aa-b78f-d39750a406b8,Artscape Foundation,Photography,19.073422267634193,72.8680200187707,City-Level Fallback (city)
57921,Social Media Volunteer,Mumbai,,2,,,27-01-2025,31-10-2026,['Women Empowerment'],Hybrid,Weekdays,6,2026-04-29 11:56:06.0,Mumbai,1574952160996,d7be6bbd-1d0e-46f8-a5ad-477a2f853e2e,Urja Trust,Social Media,19.071549050817755,72.85438763832373,City-Level Fallback (city)
57957,Self Defense Volunteer,Ahmedabad,,2,,,01-02-2025,31-10-2026,['Environment & Sustainability'],Hybrid,Either,1,2026-05-21 14:35:16.0,Ahmedabad,1574952203512,e9b3d534-3831-40d3-ab21-e0d7e99a8a40,Nirvana Sangh Foundation,Awareness Campaign,23.038932259690434,72.56369006346505,City-Level Fallback (city)
58002,Clean Up Drive Volunteer,Warangal,,10,,,07-02-2025,31-10-2026,['Environment & Sustainability'],Onsite,Weekends,3,2026-02-24 15:19:20.0,Hyderabad ,1574952238104,28e46d68-512f-4daf-b76b-c6e5f9936929,Dhruvansh,Civic-Tree Plantation & Cleanup Drives,17.375363747623457,78.48486456885462,City-Level Fallback (city)
58073,Social Media Intern,Mumbai,,1,,,16-02-2025,30-09-2026,['Education & Literacy'],Hybrid,Weekdays#Weekends,4,2026-05-28 11:00:32.0,Mumbai,1574952262750,e1929b06-f001-43de-982a-743df837bb48,Share A Book India Association,Social Media,19.07309396357726,72.8675801867758,City-Level Fallback (city)
58093,Awareness Campaign Volunteer,Kolhapur,,1,,,19-02-2025,30-06-2027,['Health'],Onsite,Weekdays,4,2026-05-21 17:52:50.0,Kolhapur,1574952271492,7be8edbe-597c-4c69-b320-19d1027d5d8d,Samson Association,Awareness Campaign,16.695066124888218,74.25346913000286,City-Level Fallback (city)
58121,Community Kitchen Support Volunteer,Chennai,,2,,,24-02-2025,01-04-2027,['Women Empowerment'],Onsite,Weekdays#Weekends#Either,2,2026-05-22 16:53:07.0,Chennai,1574952286247,fc5745c4-d8fe-4c20-9883-f14d8374f98d,Danirasa Foundation,Easy To Do,13.100889554130427,80.27129891057885,City-Level Fallback (city)
58167,Social Media Intern,Gurgaon,,2,,,01-03-2025,31-03-2027,['Women Empowerment'],Hybrid,Weekdays,3,2025-12-25 22:22:16.0,Gurugram,1574952333214,32e86aa2-d7ef-4643-9afe-c218b9f1092d,DREAM GIRL FOUNDATION,Social Media,28.469865712862035,77.047388363377,City-Level Fallback (city)
58172,Social Media Intern,Pune,,2,,,05-03-2025,30-11-2026,['Education & Literacy'],Hybrid,Weekdays,6,2026-07-02 11:12:17.0,Pune,1574952339878,e70efe5a-29f9-4e63-a142-6a22c5cb9e14,Navsanjeevan Social Trust,Social Media,18.523737579569243,73.8609378438373,City-Level Fallback (city)
58292,Content Writing Intern,Mumbai,,1,,,18-03-2025,30-09-2026,['Women Empowerment'],Hybrid,Weekdays,4,2026-04-29 12:08:37.0,Mumbai,1574952444410,39b54c4d-1269-4911-94b2-4163ecf13a5c,Voice Vision - Project Of Basudeo Bubna,Writing/Blogging,19.050073817323074,72.86008257002797,City-Level Fallback (city)
58299,Admin Intern,Mumbai,,2,,,19-03-2025,30-11-2026,['Education & Literacy'],Onsite,Weekdays,5,2025-10-31 12:23:16.0,Mumbai,1574952447836,71574481-724c-4de0-b75c-d65094b74a67,Sparkling Wings NGO,Admin,19.06595250391445,72.88354181806974,City-Level Fallback (city)
58300,Teaching Volunteer,Mumbai,,4,,,21-03-2025,30-01-2028,['Education & Literacy'],Onsite,Weekends,4,2026-01-23 10:58:36.0,Mumbai,1574952448134,759b7bb2-e078-4a31-93a2-93635744492d,Sparkling Wings NGO,Teacher,19.042187528859785,72.87948263657496,City-Level Fallback (city)
58318,Counselor Volunteer,Bengaluru,,2,,,21-03-2025,30-04-2028,['Seniors'],Onsite,Either,2,2026-05-22 16:49:36.0,Bengaluru,1574952485834,f2082b47-8258-40fe-91f0-9775c7d6107c,Gandhi old age home,Psychology,12.978033844496716,77.58757267533933,City-Level Fallback (city)
58239,Painting Teacher Volunteer,Hyderabad ,,2,,,25-03-2025,30-09-2027,['Children'],Onsite,Weekdays,1,2026-08-20 19:28:08.0,Hyderabad ,1574952392738,0bf70ab7-0c58-4ec0-8563-807db8d747f3,YASHODA FOUNDATION,Teacher,17.361012960820556,78.46134112224767,City-Level Fallback (city)
58357,HR Intern,Bengaluru,,2,,,31-03-2025,31-10-2026,['Education & Literacy'],Onsite,Weekdays,5,2026-08-06 17:16:40.0,Bengaluru,1574952508237,6f938a09-dc6c-4b9c-add4-e26c88ac180d,Creating Futures,Human Resource(HR),12.993481734219547,77.57629181852424,City-Level Fallback (city)
58534,Product Photograpy Volunteer,Chennai,,2,,,23-04-2025,20-11-2026,['Women Empowerment'],Onsite,Either,5,2025-10-31 12:42:55.0,Chennai,1574952602586,2e6188b7-6a15-443a-8f03-a97b2bc11c33,Danirasa Foundation,Photography,13.071557037205668,80.27028401545799,City-Level Fallback (city)
58533,Videography Volunteer,Chennai,,2,,,23-04-2025,30-11-2026,['Women Empowerment'],Onsite,Weekdays,3,2026-05-21 16:00:56.0,Chennai,1574952602272,e7b6d2db-cacf-4f96-8b48-f5737276ce78,Danirasa Foundation,Videography,13.08927045618479,80.2758476423081,City-Level Fallback (city)
58621,WordPress Website Developer Volunteer,Bengaluru,,2,,,02-05-2025,30-09-2026,['Education & Literacy'],Hybrid,Either,5,2026-06-26 16:48:56.0,Bengaluru,1574952658425,3daba695-e719-46ca-9842-210fd1104b9f,Lamp Educational and Charitable Trust,Website Development,12.978080942369473,77.57066621467837,City-Level Fallback (city)
58671,Teaching Volunteer,Mumbai,,2,,,12-05-2025,31-12-2026,['Education & Literacy'],Onsite,Weekdays,5,2026-08-26 17:24:20.0,Mumbai,1574952692894,169a2afc-2f56-4aa0-a0f4-5f23e2bc7996,Indian Association for the Promotion of Adoption and Child Welfare,Teacher,19.04415725876985,72.84959646666823,City-Level Fallback (city)
58749,Model Volunteers,Chennai,,2,,,26-05-2025,31-10-2026,['Women Empowerment'],Onsite,Either,5,2026-05-22 16:53:52.0,Chennai,1574952732316,d4c199b5-c2e5-4f83-9f0a-4e292e6a875b,Danirasa Foundation,Easy To Do,13.076940460761417,80.28413394704408,City-Level Fallback (city)
58672,Project Leader Volunteer Mumbai,Mumbai,,5,,,01-06-2025,01-06-2028,['Children'],Hybrid,Weekdays,2,2026-06-11 13:18:25.0,Mumbai,1574952693202,21ef0399-ba86-4001-bb66-f2233e5753f0,Bookwallah Organization,For Project Management,19.06942888231851,72.88206533645855,City-Level Fallback (city)
58770,Data Entry Intern,Mumbai,,10,,,01-06-2025,31-10-2026,['Women Empowerment'],Hybrid,Weekdays,6,2026-07-28 16:13:12.0,Mumbai,1574952746961,13d14f18-91e4-4133-bed3-a27c57e56b39,Urja Trust,Data Entry,19.04990863956729,72.88278305325095,City-Level Fallback (city)
58793,Mentoring Volunteer,Mumbai,,10,,,03-06-2025,31-12-2026,['Education & Literacy'],Hybrid,Either,4,2026-08-26 17:26:52.0,Mumbai,1574952771481,7784c0c8-83ce-48e0-9a98-cb8218f80610,Atmasantosh Foundation,Mentoring,19.051070599796805,72.86895491263688,City-Level Fallback (city)
58812,Ewaste Awareness Program Volunteer,Mumbai,,2,,,04-06-2025,28-02-2027,['Children'],Onsite,Weekdays,3,2026-08-20 19:24:34.0,Mumbai,1574952784653,be4ddce7-122b-4771-bdda-e984165c7ac5,Mother Foundation,Awareness Campaign,19.03775163920288,72.87675179386275,City-Level Fallback (city)
58890,Teaching Volunteer,Gurugram,,2,,,12-06-2025,31-10-2026,['Education & Literacy'],Onsite,Either,5,2026-05-29 17:52:39.0,Delhi,1574952817352,68c9d81a-a7e0-4205-92e3-f4abe65777c8,Pehla Akshar,Teacher,28.661279773053526,77.2201372964261,City-Level Fallback (city)
58925,Menstrual Hygiene Awareness Volunteer,Kolkata,,2,,,15-06-2025,31-12-2026,['Women Empowerment'],Onsite,Weekdays#Weekends,3,2026-06-29 12:47:23.0,Kolkata,1574952828729,f4fb08a7-81ec-425e-a85f-24993a1e1a74,Rising Sparks Foundation,Awareness Campaign,22.57807723738886,88.36420024113684,City-Level Fallback (city)
58823,NGO Finance Management Volunteer,Kolkata,,2,,,16-06-2025,30-09-2026,['Children'],Onsite,Weekdays,3,2026-05-29 17:50:30.0,Kolkata,1574952789003,f3e55e90-93db-4f86-bf9a-5e541057b104,Udayan,Finance/Accounts,22.5456464,88.3216457,Exact NGO (place_of_worship)
58824,Human Resource Volunteer,Kolkata,,2,,,16-06-2025,28-02-2027,['Children'],Onsite,Either,3,2026-08-28 18:19:55.0,Kolkata,1574952789307,1bd60d07-14c0-4c16-b868-11101d095280,Udayan,Human Resource(HR),22.5456464,88.3216457,Exact NGO (place_of_worship)
58962,Education Support Volunteer,Dighi Pune,,2,,,20-06-2025,28-02-2027,['Community Development'],Onsite,Weekends,2,2026-05-31 20:38:45.0,Pune,1574952849465,884fc2cf-1078-4c40-af33-0467f86e4008,Savitri bai Phule samajik Seva pratistha,Education Support,18.53343303586724,73.83709524476946,City-Level Fallback (city)
58977,Volunteer Led Story Sessions,Hyderabad Telangana,,6,,,20-06-2025,30-11-2026,['Education & Literacy'],Onsite,Either,1,2026-07-13 15:30:11.0,Hyderabad Telangana,1574952862818,47f97a3f-7a33-4ffb-a4b3-3f82ffc8139e,Pustakaar by Ansh Foundation,Skilling Workshops,17.34676913150472,78.59581209361046,City-Level Fallback (bank)
58980,Computer Teaching Intern,Mumbai,,3,,,20-06-2025,30-11-2026,['Education & Literacy'],Onsite,Weekdays,6,2026-05-28 13:16:50.0,Mumbai,1574952864594,5fe5c9ba-88ce-4aac-ac45-b5377ae8f406,Ratna Nidhi Charitable Trust,Teacher,19.072079348243378,72.8550019668072,City-Level Fallback (city)
58997,Computer Teacher Volunteer,Bengaluru,,2,,,24-06-2025,30-09-2026,['Children'],Onsite,Weekdays,2,2026-05-26 10:12:27.0,Bengaluru,1574952878522,74af8ce9-d4f8-43a1-bad1-8e650283857f,Creating Futures,Teacher,12.996027719570433,77.59388051728611,City-Level Fallback (city)
59008,Football Coach Volunteer,Mumbai,,2,,,24-06-2025,30-09-2026,['Youth Development'],Onsite,Weekdays,1,2026-05-22 15:43:55.0,Mumbai,1574952889952,a3f68ade-8604-48dd-b568-cca6f9317daf,Rajas sports foundation,Sports,19.06314255804924,72.86760733930116,City-Level Fallback (city)
58986,Storyteller and session planner volunteer,Mumbai,,15,,,25-06-2025,30-04-2028,['Children'],Onsite,Weekdays,2,2026-06-11 13:17:25.0,Mumbai,1574952872569,dfc8136d-94e0-41e4-911c-5eb6e9d1b3d9,Bookwallah Organization,Communication,19.044036976093636,72.88815697749465,City-Level Fallback (city)
59037,MENSTRUAL HYGIENE AWARENESS PROGRAM VOLUNTEER,Hyderabad,,1,,,30-06-2025,31-01-2027,['Education & Literacy'],Onsite,Weekdays,4,2026-08-28 18:10:28.0,Hyderabad,1574952926151,13166d51-5d98-4efa-908b-849d7a8ffaa7,Dharani Life Skills,Awareness Campaign,17.349600509020647,78.49372492992522,City-Level Fallback (city)
59055,Administration Coordinator Internship,Pune,,2,,,01-07-2025,31-12-2026,['Education & Literacy'],Hybrid,Weekdays,2,2026-07-02 11:11:36.0,Pune,1574952944147,63e9278a-b44e-4893-9f21-e0a2610b2873,"With love, For You Charitable Foundation",Admin,18.520423482344036,73.8427142168092,City-Level Fallback (city)
59056,Volunteer for Teaching in Mumbai,Mumbai,,4,,,01-07-2025,31-07-2030,['Education & Literacy'],Onsite,Weekends,50,2026-07-09 11:35:51.0,Mumbai,1574952946437,4112a734-26cd-4b00-bb53-2be56855b047,Aashray Foundation,Teacher,19.071259397713227,72.86218510216297,City-Level Fallback (city)
58989,Event Coordination Volunteer,Mumbai,,10,,,01-07-2025,31-12-2026,['Education & Literacy'],Onsite,Either,5,2026-08-25 12:49:16.0,Mumbai,1574952873367,22956124-97ce-4f26-b2e4-d8fa2391645a,DWAR Foundation,Event Support,19.04488056012953,72.88633732353122,City-Level Fallback (city)
58991,Partnership Coordinator Volunteer,Delhi,,2,,,01-07-2025,30-09-2026,['Education & Literacy'],Onsite,Either,3,2026-03-23 16:53:27.0,Noida,1574952873835,e33c9181-4aed-4613-ade6-08a60e950340,DWAR Foundation,For Project Management,28.581669830283186,77.3392143036878,City-Level Fallback (city)
59074,Videography Volunteer,Delhi,,1,,,03-07-2025,30-06-2027,['Education & Literacy'],Onsite,Either,12,2026-05-25 20:50:36.0,Delhi,1574952960971,2ad2c794-193d-4701-8914-59e09940d07f,Sochkholo Foundation,Videography,28.666831060194077,77.20575494727274,City-Level Fallback (city)
59067,Teaching Volunteer Mumbai,Mumbai,,32,,,07-07-2025,31-03-2028,['Education & Literacy'],Onsite,Weekdays#Weekends,4,2026-05-21 14:13:42.0,Mumbai,1574952952639,777e8fa2-8846-42eb-8e94-40b8ff65f3ae,Make A Difference,Teacher,19.04180571880711,72.85085132575408,City-Level Fallback (city)
59094,Mentoring and Skill Building Volunteer,HARYANA,,3,,,08-07-2025,31-12-2026,['Education & Literacy'],Hybrid,Weekdays,5,2026-07-02 11:10:49.0,Gurugram,1574952973278,939f129a-50f4-49e3-ab3c-2afe1254e927,Navraj Foundation,Mentoring,28.47692100918256,77.02521480782735,City-Level Fallback (city)
59088,Graphic Designing Volunteer,Mumbai,,2,,,09-07-2025,31-12-2026,['Community Development'],Hybrid,Either,3,2026-08-26 17:18:57.0,Mumbai,1574952968770,7be4d72d-890a-4b6c-b516-3650b8896bb7,Love Your Parks Association,Brochure/Poster/Social Media Design,19.064798882840552,72.86347525112376,City-Level Fallback (city)
59110,Counsellor Volunteer,Panvel,,2,,,15-07-2025,30-09-2026,['Children'],Onsite,Weekends,3,2026-06-16 13:01:26.0,Mumbai,1574952980310,8b914124-289b-4146-8e17-d56a3863d5d8,Kokan Kala Va Shikshan Vikas Sanstha,Mentoring,19.04291006123798,72.86550686505,City-Level Fallback (city)
59150,Content Creation Volunteer,Mumbai,,1,,,15-07-2025,31-03-2028,['Health'],Onsite,Either,3,2026-03-05 10:35:01.0,Mumbai,1574953007671,53d32e9d-ea03-4226-a3b1-e93b0094c536,Gunvati J Kapoor Medical Relief Charitab,Content Management/Creation,19.041164687361142,72.85047821289108,City-Level Fallback (city)
59195,Skill Development Workshop Volunteer,Pune,,2,,,21-07-2025,28-02-2027,['Education & Literacy'],Onsite,Weekends,4,2026-07-29 23:47:28.0,Pune,1574953029940,d0fa4810-fccd-4d08-99a9-0b9d3fcea948,Sevavrat Foundation,Skilling Workshops,18.53496096828499,73.8424145608565,City-Level Fallback (city)
59196,Arts and Crafts Workshop Volunteer,Pune,,3,,,21-07-2025,30-06-2028,['Education & Literacy'],Onsite,Weekends,5,2026-07-29 23:48:10.0,Pune,1574953030100,cabe1180-acec-42a7-96dd-274179d496f3,Sevavrat Foundation,Art/Craft Volunteer,18.532168293744444,73.8639849831184,City-Level Fallback (city)
59226,Data Entry Volunteer,Mumbai Nariman Point,,3,,,24-07-2025,30-09-2026,['Seniors'],Hybrid,Weekdays,4,2026-06-29 23:51:08.0,Mumbai,1574953050741,c410f7ec-1d4e-43d9-b0a4-4510b5b3c64f,Tulsi Trust - Graceful Living,Data Entry,19.037785862093234,72.86724104439084,City-Level Fallback (city)
59229,Social Media Volunteer,Mumbai,,2,,,24-07-2025,31-07-2027,['Seniors'],Hybrid,Either,2,2026-08-31 16:10:14.0,Mumbai,1574953051977,732c2bb4-acac-47a5-a89a-a8b25444bc63,Tulsi Trust - Graceful Living,Social Media,19.068844577413845,72.86924664483682,City-Level Fallback (city)
59218,Social Media Volunteers,Navi Mumbai,,2,,,24-07-2025,30-04-2027,['Women Empowerment'],Onsite,Weekdays,5,2026-08-26 17:28:14.0,Navi Mumbai,1574953047429,ca10b575-9a9a-4b04-a31d-ca9a098549df,Apne Aap Women's Collective,Social Media,19.03681,73.01582,Exact NGO (neighbourhood)
59270,Photography Volunteer,Mumbai,,2,,,28-07-2025,30-11-2026,['Education & Literacy'],Onsite,Either,5,2026-05-31 20:45:58.0,Mumbai,1574953075370,a2697a3d-2c26-40eb-ad34-f0bedcb34263,Rise India Foundation,Photography,19.058142184297722,72.8579186274561,City-Level Fallback (city)
59227,School Visit Volunteer,Bengaluru,,3,,,28-07-2025,20-12-2026,['Education & Literacy'],Onsite,Weekdays,4,2025-12-16 16:20:24.0,Bengaluru,1574953051059,44f662e2-429b-4531-afe3-c18a3f872fc6,Tranquility charitable foundation,Education Support,12.987930353895152,77.60118121699685,City-Level Fallback (city)
59213,Spoken English Teaching Volunteer,Navi Mumbai,,2,,,28-07-2025,31-12-2026,['Women Empowerment'],Onsite,Weekends,1,2026-07-27 17:42:46.0,Navi Mumbai,1574953046338,27529952-54f3-4cfe-8256-9b5e16e251c7,Apne Aap Women's Collective,English Teacher,19.03681,73.01582,Exact NGO (neighbourhood)
59212,Educational Support,Navi Mumbai,,2,,,28-07-2025,30-11-2026,['Women Empowerment'],Onsite,Weekends,2,2026-08-05 17:46:37.0,Navi Mumbai,1574953046238,619d257e-5f3f-47e5-b767-ba0830f5fd17,Apne Aap Women's Collective,Education Support,19.03681,73.01582,Exact NGO (neighbourhood)
59320,Video and Photography Volunteers,Bangalore,,2,,,30-07-2025,31-10-2026,['Health'],Hybrid,Either,2,2026-04-27 14:40:23.0,Bengaluru,1574953114143,512d14cd-6cf7-48fb-bb55-419498eb8586,Atijeevan Foundation,Videography,12.962254554474873,77.60021466711652,City-Level Fallback (city)
59304,POCSO Awareness Volunteer,Mumbai,,2,,,30-07-2025,31-10-2026,['Youth Development'],Hybrid,Either,2,2026-06-26 16:43:35.0,Mumbai,1574953097004,8a7b14ca-c1e0-444b-849a-c8d515eb9552,Rajas sports foundation,Awareness Campaign,19.046511864915313,72.8853979422259,City-Level Fallback (city)
59345,Math and Science Teacher Volunteer,Mumbai,,3,,,01-08-2025,31-01-2027,['Children'],Onsite,Weekdays,4,2026-08-28 18:09:29.0,Mumbai,1574953124328,52685346-9d27-4a97-9915-73d38bb89df7,Dhai Akshar Educational Trust,Math Sci Teacher,19.069872389873122,72.86195604531513,City-Level Fallback (city)
59215,Dance and Music Volunteer,Navi Mumbai,,2,,,01-08-2025,30-09-2026,['Women Empowerment'],Onsite,Weekends,2,2026-05-29 17:57:54.0,Navi Mumbai,1574953046698,7ab0f2ea-a5d1-4829-be37-00d12e4bc8fc,Apne Aap Women's Collective,Dance,19.03681,73.01582,Exact NGO (neighbourhood)
59351,Accounts Volunteer,Pune,,2,,,01-08-2025,31-01-2027,['Education & Literacy'],Onsite,Weekends,4,2026-08-11 22:09:59.0,Pune,1574953128788,04ff2b52-5c0b-4537-a97d-8069763dc109,Sevavrat Foundation,Finance/Accounts,18.53028990138304,73.84061254791466,City-Level Fallback (city)
59402,Onsite Survey Volunteer Khar and Turbhe,Mumbai,,15,,,06-08-2025,28-02-2027,['Women Empowerment'],Onsite,Weekdays,1,2026-02-19 14:29:12.0,Mumbai,1574953171157,d3cf232a-8838-43db-918b-45254f1447da,Dharma Bharathi Mission - Navshrushti International Trust,Survey,19.057519014077627,72.86429913990317,City-Level Fallback (city)
59394,Fundraising Strategy Volunteer,Bengaluru,,2,,,07-08-2025,31-12-2026,['Education & Literacy'],Hybrid,Either,5,2026-07-28 15:09:34.0,Bengaluru,1574953165865,fd9d7855-3c31-49a5-b93b-a0afa7113fdb,Lamp Educational and Charitable Trust,Fundraising Strategy,12.972804984405744,77.57419629721707,City-Level Fallback (city)
59414,Social Media Volunteer,Ahmedabad,,2,,,11-08-2025,31-12-2026,['Community Development'],Hybrid,Weekdays,4,2026-08-27 16:31:44.0,Ahmedabad,1574953181976,6a91fb8f-0064-4592-a4f4-b4603fd45316,Saath Charitable Trust,Social Media,23.040527650769494,72.58909866261762,City-Level Fallback (city)
59444,Content Writting Intern,Gurugram,,2,,,13-08-2025,30-04-2027,['Education & Literacy'],Hybrid,Weekdays#Weekends#Either,1,2026-06-29 23:07:12.0,Gurugram,1574953209643,e1fe0f7a-6451-4a53-ac72-125489b1ee04,Anubhuti samiti,Content Management/Creation,28.47400337074147,77.04781121436866,City-Level Fallback (city)
59483,Sports Trainer Volunteer,Dakshinya NIOS School,,3,,,20-08-2025,28-04-2027,['Persons with Disabilities'],Onsite,Weekdays,4,2026-04-24 12:47:41.0,Mumbai,1574953236310,eceff504-8bd7-4c22-90b1-2c51bcd22c67,Sankalp Charitable Trust,Sports,19.051698867383504,72.86434576186078,City-Level Fallback (city)
59485,Arts Craft Teacher Volunteer,Dakshinya NIOS School,,2,,,20-08-2025,28-04-2027,['Persons with Disabilities'],Onsite,Weekdays,3,2026-04-24 12:48:58.0,Mumbai,1574953236770,4e3647dd-da5b-43c8-822d-85a1fcb8ba47,Sankalp Charitable Trust,Art/Craft Teacher,19.069977739495023,72.85926577883303,City-Level Fallback (city)
59484,Yoga Trainer Volunteer,Dakshinya NIOS School,,2,,,20-08-2025,28-04-2027,['Persons with Disabilities'],Onsite,Weekdays,2,2026-04-24 12:47:26.0,Mumbai,1574953236612,d9e244f3-aea8-43c5-9aeb-173b2a9f2a1e,Sankalp Charitable Trust,Yoga,19.07494889800308,72.86041531873873,City-Level Fallback (city)
59587,Identify and Teach Volunteer,Mumbai,,2,,,29-08-2025,31-12-2026,['Children'],Onsite,Either,1,2026-05-21 14:35:37.0,Mumbai,1574953298368,d159ef22-7a8d-4b2c-bfa9-d99174b79b27,Anonymous Hope Foundation,Teacher,19.055871841415808,72.87717497804375,City-Level Fallback (city)
59589,Identify and Teach Volunteer,Hyderabad,,3,,,29-08-2025,30-11-2026,['Children'],Onsite,Either,1,2026-05-21 14:34:56.0,Hyderabad ,1574953298832,ca63c425-e44f-4e50-a13c-1bc7b0ad41db,Anonymous Hope Foundation,Teacher,17.345590731497488,78.48881997495296,City-Level Fallback (city)
59591,Identify and Teach Volunteer,Pune,,2,,,29-08-2025,31-03-2027,['Children'],Onsite,Either,1,2026-05-21 14:20:52.0,Pune,1574953299731,33210091-d06f-4ae3-a40c-bf2261010b75,Anonymous Hope Foundation,Teacher,18.529795173892296,73.84636002373513,City-Level Fallback (city)
59588,Identify and Teach Volunteer,Bengaluru,,2,,,29-08-2025,31-10-2026,['Children'],Onsite,Either,1,2026-05-21 14:23:53.0,Bengaluru,1574953298674,57def9fb-1fc4-4d67-839a-d9cc62ecbad8,Anonymous Hope Foundation,Teacher,12.977264434476737,77.59448105377066,City-Level Fallback (city)
59500,Strategic Finance Volunteer,Bangalore,,2,,,01-09-2025,31-05-2027,['Health'],Onsite,Weekdays,5,2026-08-31 00:05:23.0,Bengaluru,1574953253409,8ad5a7ee-cb1f-4b85-bcfb-6c9c8f964b6c,Swasti,Finance/Accounts,12.984713849418657,77.57825507924593,City-Level Fallback (city)
59619,Mentor and Teaching Support Ahmedabad,Ahmedabad,,5,,,04-09-2025,31-12-2030,['Education & Literacy'],Onsite,Either,4,2026-06-30 10:05:23.0,Ahmedabad,1574953334614,f21636b5-96fd-4e09-9185-14ae8ccc4387,Make A Difference,Mentoring,23.04064027041694,72.57132008325635,City-Level Fallback (city)
59611,English Reading Programme Volunteer,Mumbai,,10,,,04-09-2025,30-09-2026,['Education & Literacy'],Onsite,Weekdays,5,2026-05-21 14:19:46.0,Mumbai,1574953328627,d17eadbb-bc9e-494c-bb24-6a433f3ee39d,Muktangan Education Trust,English Teacher,19.044584703308566,72.87105993559406,City-Level Fallback (city)
59620,Teaching Support Volunteer Delhi,Delhi,,5,,,04-09-2025,30-12-2030,['Education & Literacy'],Onsite,Either,4,2026-05-21 15:10:18.0,Delhi,1574953334931,c6930658-649b-4fe8-a65c-c0f06da113e5,Make A Difference,Mentoring,28.677279267352453,77.20036773607005,City-Level Fallback (city)
59618,Mentor and Teaching Support Volunteer Mumbai,Mumbai,,5,,,04-09-2025,30-09-2028,['Education & Literacy'],Onsite,Either,4,2026-05-21 15:16:11.0,Mumbai,1574953334445,61d8ffec-809e-4650-8556-319cf76d0566,Make A Difference,Mentoring,19.06605246263794,72.86765092527901,City-Level Fallback (city)
59628,Patient Coordinator Volunteer,Pune,,2,,,05-09-2025,31-10-2026,['Health'],Onsite,Weekdays,6,2025-09-05 15:05:41.0,Pune,1574953339426,6c4d85e9-8543-4897-9ce5-032cdb1b8093,Diabetes Health Foundation Charitable Trust,For Project Management,18.53383304672939,73.85330906639753,City-Level Fallback (city)
59623,Art and Craft Volunteer,Gurugram,,1,,,05-09-2025,31-12-2026,['Women Empowerment'],Onsite,Weekends,2,2026-04-27 14:41:13.0,Gurugram,1574953337037,46a425b0-f0bc-4e94-9204-6cdb02af264a,SahajShakti Foundation,Art/Craft Teacher,28.472602132619535,77.02637688508531,City-Level Fallback (city)
59635,Teaching Volunteers,New Delhi,,2,,,06-09-2025,30-10-2026,['Education & Literacy'],Onsite,Either,2,2026-05-21 15:23:27.0,New Delhi,1574953344202,188815b6-4e01-4d67-a958-ec7e527f8606,Mission Learning Foundation,Teacher,28.61031408225196,77.20597535764227,City-Level Fallback (city)
59657,Medical Volunteer,Gujarat,,2,,,09-09-2025,31-10-2026,['Health'],Onsite,Weekdays#Weekends,8,2025-09-10 10:02:52.0,Junagadh,1574953352764,5898d5bc-c406-4f25-88cd-1064b52e68a3,Diabetes Health Foundation Charitable Trust,Medical,21.535763738743178,70.46779184159409,City-Level Fallback (city)
59641,Operations Volunteer,Ahmedabad,,2,,,09-09-2025,30-09-2026,['Education & Literacy'],Onsite,Weekdays,4,2026-03-25 10:55:21.0,Ahmedabad,1574953347103,827f34e4-b63b-466e-ac89-486461b87ca5,Samait Shala Education Foundation,Operations,23.040840178905178,72.59876507983006,City-Level Fallback (city)
59727,Spoken English Teaching Volunteer,Chembur,,5,,,16-09-2025,01-10-2026,['Education & Literacy'],Onsite,Weekdays,2,2026-05-21 15:04:24.0,Mumbai,1574953389967,ce294e6f-cfa2-4ea3-9aaf-2609da08eaee,Kotak Education Foundation,English Teacher,19.056456833592907,72.8747921453867,City-Level Fallback (city)
59743,Fundraising Strategy Volunteer,Mumbai,,2,,,19-09-2025,01-10-2028,['Education & Literacy'],Hybrid,Either,4,2026-05-23 11:16:56.0,Mumbai,1574953403375,9e24df7c-55e4-4fce-b0ad-33dfc6644ec3,Enrich Lives foundation,Fundraising Strategy,19.067425329786516,72.8745290572003,City-Level Fallback (city)
59998,Fun Sessions with Seniors,Bengaluru,,4,,,26-09-2025,30-11-2026,['Seniors'],Onsite,Either,3,2026-06-26 16:47:38.0,Bengaluru,1574953482060,306551bf-6abb-4cd3-834b-f49ac835d047,Omashram Trust,Easy To Do,12.989564642431889,77.59977277972555,City-Level Fallback (city)
60050,Photographer Volunteer,Gurugram,,1,,,06-10-2025,30-09-2026,['Education & Literacy'],Onsite,Either,3,2026-08-26 23:53:54.0,Gurugram,1574953536099,0fbdd076-9b28-4dfb-b122-bd021bf0a603,Anubhuti samiti,Photography,28.472899998127513,77.04837098854914,City-Level Fallback (city)
60046,Documentory Video Making Volunter,Mumbai,,2,,,06-10-2025,31-12-2026,['Education & Literacy'],Hybrid,Weekdays,2,2026-07-02 11:09:53.0,Mumbai,1574953534708,777adfb1-b121-467e-8d02-d3ef912ab40a,Mumbai Education Association (Gurukul),Videography,19.04098764095993,72.85409451519052,City-Level Fallback (city)
60061,Teaching Volunteer,Pune Warje,,5,,,09-10-2025,31-01-2027,['Education & Literacy'],Onsite,Either,3,2026-08-11 22:09:35.0,Pune,1574953543449,730dddbc-f3d2-4131-b2a2-47998e3651b6,Sevavrat Foundation,Teacher,18.512219259636392,73.85197813794872,City-Level Fallback (city)
60074,Storytelling Volunteer Bopal Road Ahmedabad,Ahmedabad,,7,,,09-10-2025,30-06-2027,['Children'],Onsite,Weekends,2,2026-06-11 13:14:56.0,Ahmedabad,1574953552868,db0dfbbf-123b-40f2-952f-2ba198e574c9,Bookwallah Organization,Communication,23.028587659572956,72.5715209125795,City-Level Fallback (city)
60078,Teaching Volunteer in Pune,Pune,,5,,,10-10-2025,31-12-2030,['Education & Literacy'],Onsite,Weekends,2,2026-07-09 11:36:30.0,Pune,1574953554409,ec0fb2e5-6e72-4715-8782-32f7888d077a,Aashray Foundation,Teacher,18.506415857623928,73.84226457750734,City-Level Fallback (city)
60083,Earth Education Volunteer,Hyderabad ,,5,,,14-10-2025,30-09-2026,['Environment & Sustainability'],Onsite,Weekdays,2,2026-07-21 11:50:49.0,Masabtan Hyderabad ,1574953557933,8b8bc2fa-f1f4-4cc8-8f78-8814ba9d421e,Pure Earth Foundation,Teacher,17.365164005805784,78.47225096071101,City-Level Fallback (city)
60112,Storytelling Volunteer,Navi Mumbai,,2,,,20-10-2025,31-12-2027,['Children'],Onsite,Weekends,2,2026-08-25 12:48:05.0,Mumbai,1574953569764,57a72fa1-14bb-4e28-981f-f77ee3997a8c,Dira social welfare foundation,Teacher,19.0488237985701,72.87041039156993,City-Level Fallback (city)
60123,Admin Volunteer,Delhi,,2,,,27-10-2025,31-10-2026,['Community Development'],Onsite,Either,2,2026-07-31 11:59:02.0,Delhi,1574953574444,4bba56b2-50f4-44c6-86e7-0b51714905cb,SAMVAHAK FOUNDATION,Admin,28.651619058722847,77.2036910402956,City-Level Fallback (city)
60135,Survey and Outreach Volunteer,Delhi,,2,,,29-10-2025,31-10-2026,['Community Development'],Onsite,Either,4,2026-07-31 11:57:12.0,Delhi,1574953600198,640130b5-5294-449a-82e3-617faf4b19b5,SAMVAHAK FOUNDATION,Survey,28.661817142679265,77.2122624460595,City-Level Fallback (city)
60137,Art and Craft Volunteer,Delhi,,5,,,29-10-2025,30-09-2026,['Health'],Onsite,Either,1,2026-04-30 14:16:15.0,Delhi,1574953600811,c2de173d-2f82-4ba6-a429-3eac097f6a91,St.Jude India,Art/Craft Teacher,28.673923098363566,77.22120854682875,City-Level Fallback (city)
60126,Fundraising Strategy Volunteer,Bangalore and Bangalore rural,,2,,,30-10-2025,30-10-2026,['Women Empowerment'],Hybrid,Weekdays#Weekends#Either,6,2026-05-22 17:38:12.0,Bengaluru,1574953589493,e268c12c-93c1-49c4-bf3a-beddea458ec5,Jeevan marga,Fundraising Strategy,12.996036604274277,77.57452483214585,City-Level Fallback (city)
60149,Manual Updation Volunteer,Delhi,,1,,,31-10-2025,31-07-2027,['Children'],Hybrid,Either,7,2026-06-26 11:41:08.0,Delhi,1574953617866,6f962438-27c9-4764-b980-61d636f97226,Udayan Care - Delhi,Document/Report Design,28.6872243,77.2919043,Exact NGO (shop)
60060,Community Center Mentoring Volunteer,Bengaluru ,,3,,,01-11-2025,30-09-2026,['Education & Literacy'],Onsite,Weekdays,2,2026-03-10 10:27:26.0,Bengaluru,1574953543291,325271fa-fc85-46a6-8ade-b2af2e94b82a,Makkala Jagriti,Mentoring,12.98924143716238,77.5899049431488,City-Level Fallback (city)
60136,Student Assessment Volunteer Hyderabad,Hyderabad,,5,,,01-11-2025,31-03-2027,['Education & Literacy'],Onsite,Weekends,4,2026-03-25 15:57:40.0,Hyderabad,1574953600496,0fcd0318-15ff-46b9-9854-da4eee05bc9f,Aikarthya Foundation,Teacher,17.369297830834434,78.4692379348407,City-Level Fallback (city)
60193,CSR Outreach Volunteer,Thane,,2,,,10-11-2025,31-01-2027,['Environment & Sustainability'],Hybrid,Weekdays,4,2026-08-27 10:42:44.0,Mumbai,1574953649402,16ee8c0b-a18d-4bdd-a06b-1cea40f5fbce,For Future India,Outreach,19.06468798909013,72.86683918728154,City-Level Fallback (city)
60200,Videography Intern,Hyderabad ,,2,,,11-11-2025,31-10-2026,['Seniors'],Hybrid,Either,5,2026-05-22 17:17:14.0,Hyderabad ,1574953656555,71fd89c3-4bb0-4799-817e-5f6348436bf6,SATORU FOUNDATION,Videography,17.340881310687198,78.482227949313,City-Level Fallback (city)
60238,Proposal Writing Volunteer,Delhi,,2,,,15-11-2025,28-02-2027,['Education & Literacy'],Onsite,Weekdays,2,2026-08-26 17:33:19.0,Delhi,1574953677813,ad3ea9c4-15ae-41a9-902d-67485f186004,Suma Blessings Foundation,Writing/Blogging,28.6674546868618,77.21275986702169,City-Level Fallback (city)
60233,Setting up WhatsApp Business Volunteer,Delhi,,1,,,20-11-2025,31-01-2027,['Children'],Hybrid,Weekdays,4,2026-01-23 11:15:26.0,Delhi,1574953675641,14e44c39-2099-43ff-be63-17a53cb73124,Udayan Care - Delhi,Social Media Strategy,28.6872243,77.2919043,Exact NGO (shop)
60342,Elementary Education Volunteer,Delhi,Jasola,3,,,25-11-2025,31-03-2027,['Children'],Onsite,Weekdays,2,2025-11-25 17:53:58.0,Delhi,1574953751298,37055ea0-e0c2-49bc-93ed-d7223074f869,Ujjawal Trust,Teacher,28.5427353,77.2913342,Exact Area (neighbourhood)
60407,On Field Volunteer Jaipur,Jaipur,,2,,,04-12-2025,31-10-2026,['Children'],Hybrid,Either,2,2026-06-30 10:18:14.0,Jaipur,1574953798170,e87053ed-74ff-4cfd-a8de-e43ac66d481b,Anonymous Hope Foundation,Civic-Tree Plantation & Cleanup Drives,26.91241847924371,75.80535152071138,City-Level Fallback (city)
60436,Teaching Volunteer,Prayagraj Allahabad,,3,,,10-12-2025,31-03-2027,['Women Empowerment'],Onsite,Weekdays,6,2026-05-21 14:34:51.0,Prayagraj Allahabad,1574953815301,2f815c99-90ca-45f6-87a0-633a4f8034ed,RAH Foundation,Teacher,25.476368104629483,81.86337638298455,City-Level Fallback (wetland)
60428,Fundraising Strategy Volunteer,Airport Gate Number,,2,,,10-12-2025,31-10-2026,['Women Empowerment'],Onsite,Either,4,2026-05-21 15:16:52.0,Kolkata,1574953812120,bf1c7ce3-95a3-4aeb-a12d-7a85115a405c,Rigel Foundation,Fundraising Strategy,22.59213539968149,88.38318900175396,City-Level Fallback (city)
60437,Expert Speaker Volunteers,Mumbai,,2,,,15-12-2025,30-11-2026,['Youth Development'],Onsite,Either,2,2026-06-26 16:51:54.0,Mumbai,1574953816460,cf6c9757-429a-4e42-a12b-1f82188cf22d,Antarang - Mumbai,Skilling Workshops,19.053506860057656,72.88024775932047,City-Level Fallback (city)
60511,Data Entry Volunteer,Mumbai,,7,,,16-12-2025,28-11-2026,['Health'],Hybrid,Either,10,2026-08-10 12:44:49.0,Mumbai,1574953859830,90679974-29fb-4396-a35c-79f287dbd843,Artscape Foundation,Data Entry,19.06038362333355,72.8732531586632,City-Level Fallback (city)
60496,Teaching Volunteer,Gurugram,,3,,,16-12-2025,31-10-2026,['Education & Literacy'],Onsite,Either,3,2026-07-16 16:14:12.0,Delhi,1574953842149,bfaf27a6-3da8-4362-bba8-227c108c8acf,Navraj Foundation,Teacher,28.6598598957543,77.20469343132552,City-Level Fallback (city)
60508,Road Safety Awareness Volunteer,Pune,,2,,,16-12-2025,31-08-2028,['Education & Literacy'],Hybrid,Either,4,2026-08-30 23:36:11.0,Pune,1574953847619,024d6b36-da9f-4112-af8e-da9157b8d269,United Road Safety Foundation,Awareness Campaign,18.5186225201562,73.86134256343361,City-Level Fallback (city)
60602,Program Assistance Volunteer,Delhi,,2,,,24-12-2025,25-12-2026,['Persons with Disabilities'],Onsite,Weekdays,3,2026-05-22 17:13:53.0,Delhi,1574953920955,6c9e82f0-803e-4b9c-8307-eca523ed6189,Inside Me,Programme Management,28.672699249885394,77.20636595578581,City-Level Fallback (city)
60645,Awareness Volunteer,Navi Mumbai,,5,,,31-12-2025,31-12-2026,['Women Empowerment'],Onsite,Either,4,2026-06-26 16:54:42.0,Navi Mumbai,1574953963957,c9c47d96-920f-410d-b7a8-f635d560410b,Sheelaxmi Social Foundation,Awareness Campaign,19.03681,73.01582,Exact NGO (neighbourhood)
60644,Community Survey Volunteer,Navi Mumbai,,12,,,01-01-2026,30-11-2026,['Women Empowerment'],Onsite,Either,4,2026-06-26 16:54:23.0,Navi Mumbai,1574953963800,38ffbe9e-cf89-44ed-a7b0-d7d7fa5f4960,Sheelaxmi Social Foundation,Survey,19.03681,73.01582,Exact NGO (neighbourhood)
60652,Social Media Management Volunteer,Delhi,,2,,,02-01-2026,31-12-2026,['Education & Literacy'],Onsite,Weekdays,2,2026-07-31 10:42:10.0,Delhi,1574953977540,3215ef64-6eeb-41d9-a470-9c45952c69a1,Navraj Foundation,Social Media,28.65988495422203,77.22618834058582,City-Level Fallback (city)
60350,Teaching Volunteer,Delhi,,10,,,04-01-2026,31-12-2026,['Education & Literacy'],Hybrid,Weekdays,4,2026-05-29 17:13:55.0,Delhi,1574953762087,a25af048-c6f0-428b-80a5-ee3fead30f4b,Amaanitvam Foundation,Teacher,28.652683462061145,77.20843546315471,City-Level Fallback (city)
60696,Ecological Survey and Biodiversity Assessment Volunteer,Pune Viman Nagar,,2,,,13-01-2026,28-02-2027,['Community Development'],Onsite,Either,2,2026-07-30 00:11:45.0,Pune,1574954004647,bd779f27-80ed-4e34-9571-564d7f0135e0,RPG Foundation,Research,18.514321020078242,73.86446235466686,City-Level Fallback (city)
60697,Weekly Maths Teaching Volunteer,Bengaluru,,5,,,15-01-2026,01-03-2027,['Children'],Onsite,Weekends,1,2026-01-15 12:23:13.0,Bengaluru,1574954006042,b1e2aa60-ff53-4ff3-a3f2-2fef80caa6b8,Proud Indian,Math Sci Teacher,12.970925612192644,77.6033133027011,City-Level Fallback (city)
60720,Karate Coaching Volunteer,Mumbai,Colaba,1,,,15-01-2026,31-12-2026,['Children'],Onsite,Weekdays,2,2026-01-15 11:38:44.0,Mumbai,1574954029445,e807fb55-5bc4-41ac-a847-b010cc5f93c3,Family service centre,Teacher,18.9219661,72.8345657,Exact Area (monument)
60689,Partnering and Networking Volunteers,Pune,,2,,,15-01-2026,31-12-2026,['Community Development'],Onsite,Either,2,2026-08-31 16:16:16.0,Pune,1574954002829,6bff67d5-abfb-4d6b-9d0e-30c854981d01,Sulabh Jivan Foundation,Business Development,18.51788738859194,73.84160788922651,City-Level Fallback (city)
60743,Business Development Volunteer,Delhi,,2,,,20-01-2026,30-09-2026,['Persons with Disabilities'],Hybrid,Either,3,2026-09-03 12:07:22.0,Delhi,1574954041173,6e427e50-4a5a-43eb-8102-e229ce6f7172,Inside Me,Business Development,28.659917053139864,77.2126834100491,City-Level Fallback (city)
60772,Admin and Documentation Volunteer,Pune,,2,,,21-01-2026,31-01-2027,['Children'],Onsite,Either,4,2026-07-30 00:07:04.0,Pune,1574954055023,04665d07-b8f5-4f3d-8487-558f46756922,YP Nexus Foundation,Admin,18.52626183020999,73.86479648607897,City-Level Fallback (city)
60849,Content Writing Volunteer,Navi Mumbai,,2,,,26-01-2026,26-01-2027,['Women Empowerment'],Hybrid,Either,4,2026-01-27 16:02:14.0,Navi Mumbai,1574954103900,36ab8b42-f195-4cd7-b99e-847d1afbbad2,Devadiya Foundation,Writing/Blogging,19.03681,73.01582,Exact NGO (neighbourhood)
60848,Video Creation Volunteer,Navi Mumbai,,2,,,26-01-2026,26-01-2027,['Women Empowerment'],Hybrid,Either,5,2026-05-22 17:10:45.0,Navi Mumbai,1574954103739,ffff5d23-4e31-41c2-aded-7a2ec1a7581b,Devadiya Foundation,Videography,19.03681,73.01582,Exact NGO (neighbourhood)
60863,Marketing and Communications Volunteer,Bengaluru,,2,,,26-01-2026,31-10-2026,['Education & Literacy'],Hybrid,Either,5,2026-05-22 17:10:15.0,Bengaluru,1574954107182,5167f933-ada9-460a-b1d4-4d4a2e183f66,Lamp Educational and Charitable Trust,Marketing,12.977862528818598,77.6075701957285,City-Level Fallback (city)
60850,Social Media Volunteer,Navi Mumbai,,2,,,26-01-2026,26-01-2027,['Women Empowerment'],Hybrid,Either,4,2026-05-21 16:01:32.0,Navi Mumbai,1574954104203,f84b74a4-89de-47f6-9aab-ebf0af88144b,Devadiya Foundation,Social Media,19.03681,73.01582,Exact NGO (neighbourhood)
60833,Education Outreach Program Volunteer,Delhi,,5,,,28-01-2026,28-02-2027,['Environment & Sustainability'],Hybrid,Either,2,2026-05-21 16:15:10.0,Delhi,1574954098566,b99157d5-1d94-46cb-8272-e4cde220737a,Khairati Lal Bhola And Sons Foundation Trust,Education Support,28.67256102453632,77.19764161228164,City-Level Fallback (city)
60874,Corporate Volunteering Felicitator,Mumbai,,2,,,28-01-2026,31-12-2026,['Community Development'],Onsite,Either,4,2026-08-25 12:51:13.0,Mumbai,1574954114851,2f4ddc86-976d-4bc7-81fe-97bc514ed309,DWAR Foundation,Event Management,19.042521932952027,72.87742149440302,City-Level Fallback (city)
60908,Guest Lectures BFSI Volunteer,Deonar,,5,,,30-01-2026,30-03-2027,['Education & Literacy'],Hybrid,Weekends,1,2026-01-30 15:23:26.0,Mumbai,1574954139438,1fab879d-f0f7-4b6b-909a-5e5ecf97b251,Kotak Education Foundation,Guest Lecture/Workshop,19.069008212985686,72.85444797228962,City-Level Fallback (city)
60923,Graphic Design Volunteer,Delhi,,2,,,03-02-2026,31-10-2026,['Women Empowerment'],Onsite,Either,5,2026-05-21 15:00:03.0,Delhi,1574954159251,086944f2-af76-4367-a0f9-ff40095f6922,Hamari Pahchan NGO,Brochure/Poster/Social Media Design,28.65782590988354,77.21136379905816,City-Level Fallback (city)
60927,Tailoring Teaching Volunteer,Delhi,,2,,,03-02-2026,31-10-2026,['Education & Literacy'],Hybrid,Either,1,2026-02-03 16:37:53.0,Delhi,1574954160474,e6667be6-6699-4365-9ed5-1632399ab3f0,Aatman Pratishthan,Other,28.663145849536452,77.21917143036306,City-Level Fallback (city)
60961,Cinematographer Volunteer,Bengaluru,,2,,,06-02-2026,31-10-2026,['Children'],Onsite,Weekends,10,2026-04-30 17:04:39.0,Bengaluru,1574954186408,6a637d7c-c61c-4057-b6b9-d508ead2607d,Proud Indian,Videography,12.985528187744048,77.60228049735039,City-Level Fallback (city)
60742,Urban Planting Awareness Volunteer,Delhi,,2,,,10-02-2026,31-12-2026,['Environment & Sustainability'],Hybrid,Either,4,2026-02-10 12:00:01.0,Delhi,1574954040565,8fad989d-f6a1-4f5e-87ac-fbd425012c83,Fogs Global Research & Consultancy Center,Awareness Campaign,28.677540755741145,77.22363700906534,City-Level Fallback (city)
61004,Project Coordination Volunteer,Mumbai,,2,,,10-02-2026,30-11-2026,['Education & Literacy'],Onsite,Weekdays,3,2026-06-26 16:56:22.0,Mumbai,1574954203155,42e725d8-a64b-41eb-ba69-e4fa885cc845,NamMyoho Daan Foundation,Programme Management,19.05785063018604,72.86126866913875,City-Level Fallback (city)
60971,Project leader Sabarmati Ahmedabad,Ahmedabad,,1,,,10-02-2026,30-04-2027,['Children'],Onsite,Weekends,1,2026-06-11 13:23:19.0,Ahmedabad,1574954191912,5551ddc4-48f9-49b7-8c74-d5cc17ce838b,Bookwallah Organization,Programme Management,23.03828171718465,72.56550898052713,City-Level Fallback (city)
60970,Storytelling volunteer Sabarmati Ahemdabad,Ahemdabad,,10,,,10-02-2026,03-03-2027,['Children'],Onsite,Weekends,1,2026-06-11 13:22:51.0,Ahmedabad,1574954191606,a5a39884-849b-4542-9350-d66d6058b62c,Bookwallah Organization,Communication,23.037715060372907,72.59863048465218,City-Level Fallback (city)
60972,Project leader Volunteer Bopal Road Ahmedabad,Ahmedabad,,2,,,10-02-2026,30-04-2027,['Children'],Onsite,Weekends,1,2026-06-12 16:42:36.0,Ahmedabad,1574954192216,ca142659-43cb-4dbb-a9e0-1031f1269b8c,Bookwallah Organization,For Project Management,23.026314354892435,72.56759193138197,City-Level Fallback (city)
60974,Project Management Intern,kolkata,,2,,,11-02-2026,30-09-2026,['Education & Literacy'],Hybrid,Either,5,2026-05-22 17:07:54.0,kolkata,1574954193126,fdc588b7-ad1c-4369-9e88-46bd1edd1cb4,Prabhat Foundation,Programme Management,22.575249678707948,88.37928910165864,City-Level Fallback (city)
61023,Photography Volunteer,Mumbai,,1,,,11-02-2026,31-12-2026,['Persons with Disabilities'],Onsite,Either,4,2026-07-28 16:51:21.0,Mumbai,1574954216196,6530402f-4525-4c9f-af21-81a75d8d338a,Kshitij,Photography,19.1216594,72.8250975,Exact NGO (building)
61041,Awareness Volunteer,Chennai,,2,,,12-02-2026,30-04-2027,['Women Empowerment'],Hybrid,Either,8,2026-05-21 14:49:30.0,Chennai,1574954222004,3260c3a0-fcb4-4d68-b719-563dc562e34b,Mythily Mathiah Charitable Trust,Awareness Campaign,13.064016702874586,80.25492429542821,City-Level Fallback (city)
61093,Library Awareness Volunteer,Mumbai,,3,,,16-02-2026,31-12-2028,['Women Empowerment'],Onsite,Weekdays,4,2026-06-16 14:22:13.0,Mumbai,1574954240103,541baf36-aca6-47ec-b7da-71a7cd0d9149,Dharma Bharathi Mission - Navshrushti International Trust,Awareness Campaign,19.045084356850946,72.85771255075184,City-Level Fallback (city)
61104,Graphic Design Volunteer,Mumbai Worli,,2,,,17-02-2026,31-05-2028,['Community Development'],Hybrid,Weekdays,6,2026-08-31 23:13:51.0,Mumbai,1574954244332,998f895a-88a3-4599-9899-215b841fa455,RPG Foundation,Brochure/Poster/Social Media Design,19.053912234133048,72.8505951351969,City-Level Fallback (city)
61149,Business Development Volunteer,Mumbai,,2,,,19-02-2026,30-11-2026,['Community Development'],Hybrid,Weekdays,6,2026-08-10 15:02:20.0,Mumbai,1574954264469,d0fd8ded-48c2-42e9-9b3e-1657f4fd6af9,Seva Charitable Trust,Business Development,19.036194559809662,72.85302334831083,City-Level Fallback (city)
61153,Social Media Strategist Volunteer,Mumbai,,2,,,19-02-2026,30-11-2026,['Community Development'],Hybrid,Weekdays,6,2026-08-10 15:06:38.0,Mumbai,1574954265408,f9c960a6-2c6e-488e-ae14-547d062560d1,Seva Charitable Trust,Social Media,19.05331225455287,72.88841211174129,City-Level Fallback (city)
61115,Food Photographer Volunteer,,,2,,,19-02-2026,30-11-2026,['Community Development'],Onsite,Weekdays#Weekends#Either,6,2026-08-10 15:02:45.0,Mumbai,1574954249434,06deb88c-bf90-475e-920f-ba11d1a77af7,Seva Charitable Trust,Photography,19.038768218042776,72.86589558055815,City-Level Fallback (city)
61156,Digital Marketing Volunteer,Mumbai,,2,,,19-02-2026,01-10-2026,['Community Development'],Hybrid,Weekdays,6,2026-02-20 13:18:42.0,Mumbai,1574954266199,c21d4036-51c5-429c-bcce-c7024198ec76,Seva Charitable Trust,Marketing,19.070436412992063,72.86121270495869,City-Level Fallback (city)
61150,Marketing Volunteer,Mumbai,,2,,,19-02-2026,30-11-2026,['Community Development'],Hybrid,Weekdays,3,2026-08-10 15:03:27.0,Mumbai,1574954264782,15f910ae-58a5-4ffe-8675-2ffc5ce34655,Seva Charitable Trust,Marketing,19.049809958796708,72.87608908732653,City-Level Fallback (city)
61196,Fundraising Strategy Volunteer,Navi Mumbai,,2,,,26-02-2026,31-12-2027,['Women Empowerment'],Hybrid,Either,4,2026-05-21 15:50:43.0,Mumbai,1574954306128,71f75cdd-a46e-43e5-bd88-a662cb2aa3af,Sadiva foundation,Fundraising Strategy,19.04693043945324,72.86229585772134,City-Level Fallback (city)
61216,HR Consultant Volunteer,Navi Mumbai,,2,,,01-03-2026,31-03-2027,['Women Empowerment'],Hybrid,Either,3,2026-03-04 16:15:49.0,Navi Mumbai,1574954328299,f35efadb-ec7c-48a8-b5eb-44bfa1da2bed,Apne Aap Women's Collective,Human Resource(HR),19.03681,73.01582,Exact NGO (neighbourhood)
61212,Event Management Volunteer,Mumbai,,2,,,02-03-2026,11-12-2026,['Children'],Onsite,Either,5,2026-05-26 11:16:10.0,Mumbai,1574954327226,605b385d-f324-4578-bd8b-016f1a4af1d5,Bodhmarga Foundation,Event Management,19.050636814585626,72.87055344429058,City-Level Fallback (city)
61219,Marketing Volunteer,Navi Mumbai,,1,,,02-03-2026,31-03-2027,['Women Empowerment'],Hybrid,Either,6,2026-03-04 16:23:33.0,Navi Mumbai,1574954330245,b3e54d7e-f775-4e53-a473-7ff539868bca,Apne Aap Women's Collective,Marketing,19.03681,73.01582,Exact NGO (neighbourhood)
61228,Survey Volunteer,Pune Karve Nagar,,2,,,02-03-2026,28-02-2027,['Education & Literacy'],Onsite,Weekdays#Weekends,4,2026-08-11 22:09:05.0,Pune,1574954333457,2db9e561-2c6e-425c-bb74-f4f4adfbe361,Sevavrat Foundation,Survey,18.506182173385678,73.86051821917017,City-Level Fallback (city)
61218,Accounts and Finance Consultant Volunteer,Navi Mumbai,,1,,,02-03-2026,31-03-2027,['Women Empowerment'],Hybrid,Either,6,2026-03-04 16:18:44.0,Navi Mumbai,1574954329982,1a9db653-96b1-4215-a737-e783010b5c1d,Apne Aap Women's Collective,Finance/Accounts,19.03681,73.01582,Exact NGO (neighbourhood)
61250,Social Media Volunteer,Delhi,,2,,,04-03-2026,31-05-2028,['Environment & Sustainability'],Hybrid,Either,5,2026-08-30 23:34:09.0,Delhi,1574954341217,8b1514b3-e3a7-48b9-9c9c-efd3ccb71aab,THINK GOOD FOUNDATION,Social Media,28.666070155791743,77.21357199784072,City-Level Fallback (city)
61267,AI Solutions Developer Volunteer,Mumbai,,2,,,05-03-2026,09-12-2026,['Youth Development'],Hybrid,Weekdays,4,2026-05-22 11:13:39.0,Mumbai,1574954358159,497a02c3-fa45-43dd-8d71-6e5da0adddb7,Kherwadi Social Welfare Association (Yuva Parivartan) Mumbai,Tech/Coding,19.066899236124282,72.8562744746994,City-Level Fallback (city)
61290,Teaching Project Management Volunteer,Mumbai,,2,,,08-03-2026,31-12-2026,['Women Empowerment'],Onsite,Weekends,2,2026-06-29 16:01:58.0,Mumbai,1574954368284,ea5ee6ab-4c90-4e57-a6a3-2fb50dce48f8,Tap To Smile,Teacher,19.072466693647428,72.86314903873154,City-Level Fallback (city)
61284,Communication Intern,Mumbai,,2,,,09-03-2026,31-12-2026,['Environment & Sustainability'],Hybrid,Either,4,2026-03-09 23:45:49.0,Thane,1574954366565,d0083f3a-10dd-45fe-856b-b0f0195b3229,Global Youth for Environment and Sustainability,Communication,19.37495142578114,73.38408267376097,City-Level Fallback (state_district)
61314,Social Media Volunteer,Delhi,,2,,,11-03-2026,30-09-2026,['Education & Literacy'],Hybrid,Either,3,2026-09-03 12:07:51.0,Delhi,1574954382677,3dc24124-db23-4265-b3d2-e1e4ba47ef51,Inside Me,Social Media,28.68557570334472,77.20910319253565,City-Level Fallback (city)
61330,Mentoring Volunteer,Mumbai,,10,,,11-03-2026,28-02-2027,['Children'],Onsite,Weekends,2,2026-08-13 15:34:23.0,Mazgaon and Andheri,1574954390932,6d556bed-2f4c-4d0b-a8d1-050d3aee925d,The Lighthouse Project,Mentoring,19.1493998145048,72.87141082214205,City-Level Fallback (city)
61305,Content Writing Volunteer,Mumbai,,3,,,15-03-2026,31-03-2027,['Children'],Hybrid,Either,8,2026-06-18 18:25:42.0,Thane,1574954375538,cf9f72c7-0272-4b2f-8a8b-1c9c8c819920,Jeevan Samvardhan Foundation,Writing/Blogging,19.346754445110935,73.37570547609448,City-Level Fallback (state_district)
61122,Photography Volunteer,Mumbai,,3,,,16-03-2026,31-10-2026,['Children'],Onsite,Either,2,2026-08-19 17:01:10.0,Mumbai,1574954252828,97d050fd-827a-4263-a01b-e3e322c8f1d7,Bodhmarga Foundation,Photography,19.070196046810995,72.87191101149658,City-Level Fallback (city)
61393,HR Intern,Delhi,,2,,,19-03-2026,29-08-2027,['Children'],Onsite,Weekdays,7,2026-06-26 11:40:01.0,Delhi,1574954431797,6c46fee1-e0e0-43ff-80ef-ab602d071db6,Udayan Care - Delhi,Human Resource(HR),28.6872243,77.2919043,Exact NGO (shop)
61405,Tailoring Training Volunteer,Pune,,2,,,20-03-2026,30-06-2027,['Women Empowerment'],Onsite,Either,3,2026-08-11 15:05:30.0,Pune,1574954435509,2dc19944-3709-4ec9-8001-b0d3cd22a114,Samajbandh,Skilling Workshops,18.512685555193443,73.85529297290293,City-Level Fallback (city)
61394,Advocacy Research Training Intern,Delhi,,2,,,26-03-2026,29-07-2027,['Children'],Onsite,Weekdays,7,2026-06-26 11:38:14.0,Delhi,1574954431953,fc3b3440-aff3-45a2-bcc8-78c9d396ec9b,Udayan Care - Delhi,Research,28.6872243,77.2919043,Exact NGO (shop)
61471,Pamphlet Distribution Volunteer,Mumbai,,2,,,27-03-2026,30-04-2027,['Women Empowerment'],Onsite,Weekdays,4,2026-05-21 15:49:05.0,Mumbai,1574954498685,b306005c-81be-442b-ac01-47e232a49f37,Dharma Bharathi Mission - Navshrushti International Trust,Civic-Distribution Drives,19.037012794481242,72.85853610278211,City-Level Fallback (city)
61456,Science Teaching Volunteer,Hyderabad Telangana,,8,,,27-03-2026,31-12-2026,['Children'],Onsite,Weekdays,2,2026-07-14 15:47:13.0,Hyderabad Telangana,1574954491282,25ca725f-82ba-4b67-bba0-d78074f2f24d,YASHODA FOUNDATION,Math Sci Teacher,17.31944495055089,78.56424832896671,City-Level Fallback (bank)
61386,Teacher Volunteers,Navi Mumbai,,5,,,01-04-2026,31-10-2026,['Education & Literacy'],Hybrid,Weekends,2,2026-07-02 09:22:09.0,Navi Mumbai,1574954428427,1b674276-2efe-45ae-b641-b7abcc23257a,Dronagiri foundation,Teacher,19.03681,73.01582,Exact NGO (neighbourhood)
61472,Teaching Volunteer,Gurugram,,5,,,02-04-2026,30-03-2027,['Women Empowerment'],Onsite,Weekdays,4,2026-04-02 12:08:39.0,Sohna Road Fazilpur Gurugram ,1574954503428,9ee4d84f-d541-4fa6-a97e-07e332a9ae16,SahajShakti Foundation,Teacher,,,Failed
61543,Volunteer for Fashion Designing,Ahiron,,2,,,09-04-2026,31-10-2026,['Environment & Sustainability'],Onsite,Weekdays,3,2026-07-31 12:05:07.0,Ahmedabad,1574954547121,8faf5ed7-51c7-45e6-b5d1-0e1d9a61f086,India Recycles,Other,23.02030805916718,72.57601588081832,City-Level Fallback (city)
61548,Content Management Volunteer,Delhi,,2,,,10-04-2026,30-11-2026,['Persons with Disabilities'],Hybrid,Either,3,2026-06-26 16:58:08.0,Delhi,1574954550165,7be93129-c22f-4cb1-9f2f-8e85b76ee240,Rising Star Khilte Chehre,Content Management/Creation,28.653510455310602,77.23506628216158,City-Level Fallback (city)
61570,Distribution and Clean Up Drive Volunteer,Delhi,,5,,,13-04-2026,31-12-2030,['Environment & Sustainability'],Onsite,Weekends,2,2026-08-25 11:25:10.0,Delhi,1574954582178,f474dffa-d8a2-4e52-a620-9dba1b16cd2f,Aashray Foundation,Civic-Distribution Drives,28.678450152309036,77.2275028906622,City-Level Fallback (city)
61553,HR Internship,Bengaluru,,3,,,15-04-2026,30-09-2026,['Education & Literacy'],Hybrid,Either,8,2026-05-22 12:29:08.0,Bengaluru,1574954551892,f004942b-e105-4607-9fed-6e403589db9f,Kalike Trust,Human Resource(HR),12.97528440246101,77.57636945641836,City-Level Fallback (city)
61609,Event Support Volunteers for Happy Street,Ahmedabad,,10,,,16-04-2026,28-02-2027,['Children'],Onsite,Weekends,3,2026-08-25 11:20:32.0,Ahmedabad,1574954573092,1af54a24-933c-40c1-960d-e3d4abbac63a,aProCh - Riverside Education Foundation,Event Support,23.026998022974492,72.59577035159326,City-Level Fallback (city)
61625,Social Media Volunteer,Chennai,,3,,,20-04-2026,30-11-2026,['Women Empowerment'],Onsite,Weekdays,6,2026-07-09 12:31:18.0,Mangadu Chennai,1574954586045,a90096c8-f75c-4985-aeea-d3902e8a66ca,Women's Education and Economic Development Society,Brochure/Poster/Social Media Design,13.011416891832013,80.15261862225003,City-Level Fallback (atm)
61569,Project Manager Volunteer,Mumbai,,2,,,22-04-2026,30-04-2027,['Education & Literacy'],Hybrid,Weekdays#Weekends#Either,3,2026-07-07 17:41:20.0,Mumbai,1574954556501,f4e3c64d-fa6b-4d55-b345-4e7a4070a238,Damini Chopra Foundation,For Project Management,19.037784922474618,72.85505510597737,City-Level Fallback (city)
61651,Field Research Assistant Intern,Delhi,,2,,,23-04-2026,31-08-2027,['Children'],Onsite,Either,8,2026-06-26 11:39:27.0,Delhi,1574954599051,ab5f3083-4452-47f6-9ab7-c3780e66eebe,Udayan Care - Delhi,Research,28.6872243,77.2919043,Exact NGO (shop)
61658,Communication Volunteer,Mumbai,,2,,,27-04-2026,31-12-2026,['Environment & Sustainability'],Onsite,Weekends,4,2026-05-21 14:49:11.0,Mumbai,1574954602146,ab0c3d94-ac9a-4a70-8c3d-f938af287022,R2R Desai Textile Foundation,Communication,19.065803892002968,72.86903410897322,City-Level Fallback (city)
61656,CSR Research and Outreach Volunteer,Mumbai,,2,,,27-04-2026,30-11-2026,['Environment & Sustainability'],Hybrid,Either,2,2026-05-31 19:28:53.0,Mumbai,1574954601539,02a3915f-5e24-472d-a0c0-27e2d5c3efaf,R2R Desai Textile Foundation,Business Development,19.062784550422656,72.8874100449016,City-Level Fallback (city)
61681,Doctor Volunteer,Pilkhuva,,1,,,28-04-2026,30-09-2027,['Health'],Onsite,Weekdays,6,2026-08-27 10:35:02.0,Delhi NCR,1574954626565,893cdcc9-adef-40d1-bb56-c89db4fb4479,VS New Life Foundation,Medical,28.66047,77.07733,Exact NGO (municipality)
61679,Nurse Volunteer,Pilkhuva,,2,,,28-04-2026,30-09-2027,['Health'],Onsite,Either,6,2026-08-27 10:35:18.0,Delhi NCR,1574954625966,990482ea-86a3-44f9-bdeb-5e0ce77275b7,VS New Life Foundation,Medical,28.66047,77.07733,Exact NGO (municipality)
61678,Teaching and Mentoring Volunteer,Pune,,5,,,29-04-2026,31-05-2027,['Education & Literacy'],Onsite,Either,4,2026-07-29 23:49:27.0,Pune,1574954625660,8e4ef52f-3747-4455-a59b-2cc0a9ada440,Sevavrat Foundation,Mentoring,18.515806847830316,73.86696863352641,City-Level Fallback (city)
61692,Data Management Volunteer,Mumbai,,2,,,30-04-2026,31-10-2026,['Education & Literacy'],Onsite,Weekdays,3,2026-05-21 14:54:53.0,Mumbai,1574954648626,0d2d3544-23b5-4c2a-87c6-f6d788214467,VIDYA - Mumbai,Data Analysis,19.0817351,72.9075151,Exact NGO (bank)
61709,Video editing trainer,Kolkata,,2,,,03-05-2026,30-11-2026,['Community Development'],Hybrid,Either,2,2026-05-04 10:41:33.0,Kolkata,1574954655546,0de7136a-0e0c-4079-aafe-f124dd9cfed8,Kankura Masat Social Welfare Society,Videography,22.57155022694504,88.36886700651186,City-Level Fallback (city)
61720,Fundraising Strategy Volunteer,CBD Belapur,,2,,,04-05-2026,30-11-2026,['Health'],Hybrid,Weekdays,5,2026-05-21 15:46:24.0,Navi Mumbai,1574954675492,32ceb806-92fd-478c-bbd7-ddd4ccd88dd2,Safenhappyperiods - Amodini Foundation,Fundraising Strategy,19.03681,73.01582,Exact NGO (neighbourhood)
61721,Business Development Volunteer,CBD Belapur,,2,,,04-05-2026,30-11-2026,['Health'],Hybrid,Weekdays,6,2026-05-21 15:45:36.0,Navi Mumbai,1574954675801,e93b3202-2660-4f04-9a2d-e297cbe16244,Safenhappyperiods - Amodini Foundation,Business Development,19.03681,73.01582,Exact NGO (neighbourhood)
61722,Community Engagement Volunteer,Mumbai,,2,,,05-05-2026,31-12-2027,['Women Empowerment'],Onsite,Weekdays,4,2026-05-21 15:45:01.0,Mumbai,1574954676751,8eaebf95-5c5e-4ca5-a3d9-627ae63e8bf9,Dharma Bharathi Mission - Navshrushti International Trust,Survey,19.05911494210602,72.88895335022198,City-Level Fallback (city)
61698,Kitchen Support Volunteer,Mumbai,,10,,,05-05-2026,31-12-2026,['Health'],Onsite,Weekdays,2,2026-05-05 00:00:01.0,Mumbai,1574954651716,f2c8e0f8-99f0-49ec-866c-82293bfcfaf1,Pepper Cook Seva Foundation,Easy To Do,19.048539928018982,72.87989723741869,City-Level Fallback (city)
61734,Event Management Volunteer,Belagavi ,,2,,,06-05-2026,30-09-2026,['Education & Literacy'],Hybrid,Weekends#Either,2,2026-06-29 14:15:42.0,Bengaluru,1574954685313,eae31bf7-2230-4e42-99a3-5c27acd261f9,Sri Takshashila Gurukul,Event Management,12.975328083119221,77.59263452899339,City-Level Fallback (city)
61717,Community Survey and Outreach Volunteer,Bengaluru,,2,,,09-05-2026,31-01-2027,['Women Empowerment'],Hybrid,Weekdays,5,2026-05-20 18:07:07.0,Bengaluru,1574954674411,87e6a0ca-0505-41be-b90b-7847eeb6437e,Connecting Smiles Foundation,Survey,12.979015204200888,77.59340677393318,City-Level Fallback (city)
61759,Mentoring Volunteer,Hyderabad,,2,,,11-05-2026,10-10-2026,['Education & Literacy'],Hybrid,Weekdays,2,2026-05-22 17:19:45.0,Hyderabad,1574954698702,d72c380a-5e5f-40ed-ab5f-c39a2cf505de,YLI Organization,Mentoring,17.34422488714925,78.49030096906455,City-Level Fallback (city)
61757,Social Media Volunteer,Hyderabad,,2,,,11-05-2026,10-10-2026,['Education & Literacy'],Hybrid,Weekdays,1,2026-05-21 14:45:19.0,Hyderabad,1574954698303,a3df16df-ebf5-4e90-aba9-fa08c297f8d0,YLI Organization,Social Media,17.35652557296067,78.48099017075894,City-Level Fallback (city)
61797,Life Skills Volunteer,Hyderabad,,2,,,14-05-2026,15-11-2026,['Education & Literacy'],Hybrid,Either,2,2026-05-22 17:19:13.0,Hyderabad,1574954719284,fd80f187-789e-41fb-99ee-6e0dada4f857,YLI Organization,Skilling Workshops,17.371839180052227,78.4728446869464,City-Level Fallback (city)
61809,Graphic Designing Volunteer,Ahmedabad,,2,,,15-05-2026,31-10-2026,['Health'],Hybrid,Weekdays,4,2026-07-24 18:01:50.0,Ahmedabad,1574954724542,f3c33c03-8939-4370-b704-5e1d59d9ca49,Home of Beautiful Souls Foundation,Brochure/Poster/Social Media Design,23.02837800818982,72.59592555430142,City-Level Fallback (city)
61805,Trainer Volunteer,Hyderabad,,2,,,15-05-2026,31-10-2026,['Women Empowerment'],Onsite,Weekdays,2,2026-05-15 17:10:44.0,Hyderabad,1574954722355,fa62ac08-ecfa-46c5-8b96-c3cc993ff563,Changespark Foundation,Skilling Workshops,17.349971382009556,78.47893323906145,City-Level Fallback (city)
61804,Kindness Store Volunteer,Hyderabad ,,3,,,18-05-2026,31-12-2026,['Education & Literacy'],Hybrid,Either,4,2026-07-28 16:55:29.0,Hyderabad ,1574954722052,3f28f7a9-6796-4d67-accd-bbfb5c2eb7fa,Rak.social,Civic-Distribution Drives,17.3448394963873,78.49373656610916,City-Level Fallback (city)
61829,Community Impact Volunteer,Hyderabad,,5,,,19-05-2026,31-07-2027,['Environment & Sustainability'],Onsite,Weekends,2,2026-08-25 11:24:27.0,Hyderabad,1574954737645,b5f8fa46-2f26-4057-b6f7-4257368a9fd1,Aashray Foundation,Civic-Distribution Drives,17.35997441957861,78.46398375471357,City-Level Fallback (city)
61841,Performing Arts for Volunteer,Noida,,5,,,01-06-2026,30-11-2026,['Education & Literacy'],Onsite,Either,2,2026-08-31 12:32:16.0,Noida,1574954745011,7c79403b-22cb-4813-9d09-548d19528d23,Aahan Foundation For Social Change,Drama,28.55592043884826,77.3359208474764,City-Level Fallback (city)
61647,Teaching Volunteer,Mira Bhayander,,3,,,01-06-2026,01-04-2027,['Education & Literacy'],Onsite,Weekdays,2,2026-06-01 00:00:01.0,Thane,1574954596535,9e00db99-0045-4f6a-b01e-0b7c6373c397,Pravas Foundation,Teacher,19.380534022062427,73.38572479099113,City-Level Fallback (state_district)
61966,Assessment Volunteer,,Opera House,2,,,03-06-2026,30-09-2026,['Community Development'],Onsite,Weekdays,2,2026-06-03 11:29:21.0,Mumbai,1574954928394,86c92ea3-9498-4172-acf2-dee49837fb08,Manpasand Life,Education Support,18.9560477,72.8155711,Exact Area (theatre)
61991,Computer Teacher Volunteer,Mumbai,,4,,,05-06-2026,31-08-2027,['Children'],Onsite,Weekends,2,2026-07-31 10:36:11.0,Mumbai,1574954944671,012b2f17-90ed-4c4e-899d-2773f03f6a62,Ashadeep Association,Computer Teacher,19.037988970183083,72.88210615560725,City-Level Fallback (city)
61990,Helpline Volunteer,Mumbai,,2,,,08-06-2026,30-06-2027,['Health'],Onsite,Weekdays,4,2026-06-25 12:56:03.0,Mumbai,1574954944367,d281db77-1b43-45c6-833d-52b12cc1d437,Sister Living Works,Medical,19.040754313064287,72.88519746149547,City-Level Fallback (city)
61999,Proposal Writing Volunteer,Vasai,,2,,,08-06-2026,31-12-2027,['Health'],Hybrid,Either,5,2026-06-09 17:04:30.0,Vasai,1574954948482,bdd5e3f5-1926-46d6-a18e-9bf7b2097f2f,HELP Foundation,Writing/Blogging,19.3373548985403,72.786219836264,City-Level Fallback (village)
62022,HR Recruiter,Hyderabad,,2,,,11-06-2026,30-09-2026,['Education & Literacy'],Hybrid,Either,4,2026-06-12 10:00:14.0,Hyderabad Telangana,1574954968279,f6808256-beb4-4f63-a1e1-a96861c4fb4b,Humanity Uplifting Mankind,Human Resource(HR),17.32264391982115,78.57283306018965,City-Level Fallback (bank)
62039,Art Drawing Teacher Volunteer,Mumbai,,5,,,12-06-2026,30-04-2027,['Education & Literacy'],Onsite,Weekdays#Weekends,2,2026-06-15 17:43:59.0,Mumbai,1574954982152,c0f59e87-e824-4e87-aec9-35524f30ccd2,Tvastra by Prachi Foundation,Art/Craft Teacher,19.066486935360416,72.87393316099967,City-Level Fallback (city)
62047,Operation Head,New Delhi,,2,,,12-06-2026,30-09-2026,['Persons with Disabilities'],Hybrid,Either,5,2026-06-26 17:02:05.0,Delhi,1574954984804,bd900ee8-3064-4c42-bb94-d62433edf656,PENAVMOTA FOUNDATION,Operations,28.66090780396289,77.20140406137772,City-Level Fallback (city)
62040,Documentation and Data Management Volunteer Khar,Mumbai,,2,,,13-06-2026,31-03-2027,['Women Empowerment'],Onsite,Weekdays,4,2026-06-15 10:45:16.0,Mumbai,1574954982461,fb577ed0-1cc6-4e83-8b62-7972f2c9f952,Dharma Bharathi Mission - Navshrushti International Trust,Documentation,19.054645468924004,72.86395126074947,City-Level Fallback (city)
62030,Guest Lectures for JEE and NEET Volunteer,Deonar,,3,,,15-06-2026,15-01-2027,['Education & Literacy'],Hybrid,Either,3,2026-06-15 00:00:01.0,Mumbai,1574954972278,52cfef6c-adae-42ac-b413-a601d40e5ff8,Kotak Education Foundation,Guest Lecture/Workshop,19.058941047175004,72.86653506516818,City-Level Fallback (city)
62031,CRS Motivational Speaker Volunteer,Deonar,,3,,,15-06-2026,15-03-2027,['Education & Literacy'],Onsite,Weekends,2,2026-06-15 00:00:01.0,Mumbai,1574954972578,670014d8-c9cd-4ac4-9420-64ddeecfb500,Kotak Education Foundation,Guest Lecture/Workshop,19.04547745802761,72.86253027773293,City-Level Fallback (city)
62052,CA Volunteer,Navi Mumbai,,2,,,15-06-2026,31-12-2026,['Women Empowerment'],Hybrid,Either,2,2026-06-15 17:33:51.0,Navi Mumbai,1574954986056,23984222-22df-4f46-80b9-18791f13e9f6,Sheelaxmi Social Foundation,Finance/Accounts,19.03681,73.01582,Exact NGO (neighbourhood)
62033,Psychology Volunteers,Mumbai,,5,,,15-06-2026,15-04-2027,['Children'],Onsite,Either,2,2026-08-04 11:02:56.0,Mumbai,1574954973972,d2ab8abf-463a-48aa-a6d0-09b57db6ef70,Bookwallah Organization,Research,19.040827413554798,72.86506910578649,City-Level Fallback (city)
62072,Volunteer Sunday Funday with kids,Mumbai,Mahim,1,,,17-06-2026,31-10-2026,['Children'],Onsite,Weekends,4,2026-06-17 14:30:05.0,Mumbai,1574955001855,23cc344b-fb6c-4064-9875-97389e005612,Ashiyana,Easy To Do,19.0387601,72.8420967,Exact Area (bus_stop)
62075,Computer Teacher Volunteer,Pune,,1,,,17-06-2026,16-12-2027,['Health'],Onsite,Weekdays,3,2026-08-27 10:37:18.0,Pune,1574955002794,33db74b7-437e-41f2-960c-bf7de1ac66ea,Decent Foundation,Computer Teacher,18.534272324486206,73.86183149333701,City-Level Fallback (city)
62081,Event Coordinator Delhi,Delhi,,2,,,18-06-2026,31-03-2027,['Community Development'],Onsite,Weekends,4,2026-08-04 10:53:19.0,Delhi,1574955006557,575f1946-f02c-4e18-b297-74c63a6bc714,DWAR Foundation,Event Support,28.67014853198135,77.20675509576242,City-Level Fallback (city)
62090,Impact Assessor Field Volunteer,Mumbai,,2,,,18-06-2026,30-09-2026,['Community Development'],Hybrid,Weekdays,5,2026-06-18 18:08:27.0,Mumbai,1574955011144,639fc433-254d-4e49-aaf5-68eb45d3d1ab,Bombay Community Public Trust,Survey,19.05570779356924,72.86332026766773,City-Level Fallback (city)
62073,Communications Coordinator Volunteer,Delhi,,3,,,19-06-2026,31-12-2026,['Health'],Hybrid,Either,3,2026-07-02 10:36:36.0,Delhi,1574955002322,4ed39002-e45f-4549-bd9f-b5e28212f7c3,Atijeevan Foundation,Communication,28.677908037524514,77.2182439295295,City-Level Fallback (city)
62087,Teaching Support volunteer,Mumbai,,2,,,19-06-2026,31-03-2027,['Education & Literacy'],Onsite,Weekdays,2,2026-08-03 10:56:52.0,Mumbai,1574955009295,f0db725b-4811-4a56-acc6-2a3b5327c827,Spark a Change Foundation,Teacher,19.06332421610725,72.85164393123038,City-Level Fallback (city)
62102,Recreational Activity Volunteer,Khirki village,,2,,,20-06-2026,31-12-2026,['Education & Literacy'],Onsite,Either,4,2026-06-23 17:48:03.0,Gurugram,1574955021976,2fe0f51a-1df3-46fd-9233-21e4366874e8,Navraj Foundation,Easy To Do,28.449593745710477,77.03177821588216,City-Level Fallback (city)
62012,Video Maker and Editor Volunteer,Delhi,,1,,,22-06-2026,30-11-2026,['Health'],Hybrid,Weekdays,3,2026-06-22 00:00:01.0,Delhi,1574954959302,2918c2d2-d9c1-471f-a4f1-0593c3905d80,Lenskart Foundation,Videography,28.66605105859421,77.21934613310714,City-Level Fallback (city)
62109,Spoken English Volunteer,Delhi,Jasola,2,,,22-06-2026,31-12-2026,['Children'],Onsite,Weekdays,4,2026-06-22 18:07:09.0,Delhi,1574955026225,b78dbc18-126e-4c3c-93b6-6914086e1db0,Ujjawal Trust,English Teacher,28.5427353,77.2913342,Exact Area (neighbourhood)
62104,Program Facilitation Intern,Mumbai,,2,,,23-06-2026,01-04-2027,['Children'],Onsite,Weekdays,3,2026-08-19 17:03:05.0,Mumbai,1574955022576,5fc2932c-9e45-4a67-b6a2-4802eac63c33,Bodhmarga Foundation,For Project Management,19.056070184375663,72.87405446530978,City-Level Fallback (city)
62122,Need Assessment Survey Volunteer,Pune Hadapsar,,2,,,24-06-2026,30-09-2026,['Education & Literacy'],Onsite,Either,4,2026-06-24 15:07:45.0,Pune,1574955036208,5e8d9f9d-98b3-49ea-a189-29892993aa87,Sahyadri Foundation,Survey,18.533802183059187,73.84354214732413,City-Level Fallback (city)
62114,Storytelling Volunteers Navi Mumbai,Mumbai,,5,,,25-06-2026,15-04-2027,['Children'],Onsite,Weekdays,2,2026-07-03 18:51:11.0,Navi Mumbai,1574955030635,5d3bae94-ebd5-4c2b-98ff-35e309b893b8,Bookwallah Organization,Communication,19.03681,73.01582,Exact NGO (neighbourhood)
62125,Healthcare Career Mentor Volunteer,Deonar,,3,,,25-06-2026,25-03-2027,['Education & Literacy'],Hybrid,Weekends,1,2026-06-26 11:09:00.0,Mumbai,1574955036972,93fe7549-3ce9-4fe3-9cb1-b4395c21ba39,Kotak Education Foundation,Medical,19.069172063170363,72.8778628321614,City-Level Fallback (city)
62113,Videography Volunteer,Thane,,2,,,25-06-2026,31-10-2026,['Community Development'],Hybrid,Either,5,2026-07-23 22:04:00.0,Thane,1574955030332,d499e6c5-f6c1-4863-a381-106eeffbbdca,R  L Somani charitable trust,Video Editing,19.364026366412073,73.36803123521801,City-Level Fallback (state_district)
62134,Data Entry Volunteer,Mumbai,,2,,,26-06-2026,31-03-2027,['Children'],Onsite,Weekdays,2,2026-06-26 11:20:37.0,Mumbai,1574955041207,3f772e9f-a4c0-430a-a784-518babce7eea,Indian Association for the Promotion of Adoption and Child Welfare,Data Entry,19.059134185123177,72.8764872331221,City-Level Fallback (city)
62160,Psychologist Volunteer,Gurugram,,2,,,29-06-2026,30-06-2027,['Children'],Hybrid,Either,2,2026-06-29 10:58:51.0,Gurugram,1574955068775,bb30658a-70db-45f7-81ef-ee3a205c8459,Together We Will Foundation,Mentoring,28.453438484048053,77.01805055169717,City-Level Fallback (city)
62169,Fundraising Strategy Volunteer,Pune,,1,,,29-06-2026,31-07-2027,['Health'],Hybrid,Weekdays,6,2026-06-29 17:31:47.0,Pune,1574955072362,a08e5a36-59f6-4f57-b4a2-5576a97971bf,Decent Foundation,Fundraising Strategy,18.510098477695546,73.85465099187121,City-Level Fallback (city)
62174,Volunteer for Teaching,Hyderabad,Gachibowli,5,,,29-06-2026,29-01-2027,['Women Empowerment'],Hybrid,Weekends,2,2026-06-29 16:38:27.0,Hyderabad (Telangana),1574955083417,6be7cb87-ad63-4a6f-968c-5a29a97f0ecf,Tap To Smile,Teacher,17.4436222,78.3519638,Exact Area (neighbourhood)
62165,Sports with Kids Volunteer,Delhi,Jasola,2,,,29-06-2026,31-12-2026,['Children'],Onsite,Either,2,2026-06-29 10:37:08.0,Delhi,1574955070252,37f1a4cb-a892-4809-a631-d3d816acd99d,Ujjawal Trust,Sports,28.5427353,77.2913342,Exact Area (neighbourhood)
62179,Spoken English Volunteer,Solapur,Chembur,10,,,30-06-2026,31-10-2026,['Education & Literacy'],Onsite,Weekdays#Weekends,1,2026-06-30 14:16:06.0,Mumbai,1574955093996,7a2278c3-dfcd-4bb4-bd3a-6ff7d20b0daa,Gyaandaan Foundation (Sampoorna Shiksha),Teacher,19.054818,72.8979713,Exact Area (neighbourhood)
61986,Part time art teacher,Delhi,,6,,,01-07-2026,31-07-2027,['Persons with Disabilities'],Onsite,Weekdays,2,2026-07-01 00:00:01.0,Delhi,1574954939374,0437a76c-8114-4c8f-8098-157b52258a52,Inside Me,Art/Craft Teacher,28.662965576787002,77.21290278931666,City-Level Fallback (city)
62159,Art Class Support Volunteer,Mumbai,,2,,,01-07-2026,30-04-2027,['Education & Literacy'],Onsite,Either,2,2026-07-01 00:00:01.0,Mumbai,1574955053558,93d91f8c-f540-4cf8-9a51-1d6c6db92f2c,Tvastra by Prachi Foundation,Education Support,19.04171516133056,72.8805440503156,City-Level Fallback (city)
62131,Fundraising Strategy Volunteer,Mumbai,,2,,,01-07-2026,30-09-2026,['Education & Literacy'],Hybrid,Either,3,2026-07-01 00:00:01.0,Mumbai,1574955039663,5cf60c0f-bacd-4861-97a2-8f8d864bb3f4,Spark a Change Foundation,Fundraising Strategy,19.063108499173367,72.87223436409573,City-Level Fallback (city)
62141,Career Guidance Volunteer,Pune,,2,,,01-07-2026,30-09-2026,['Community Development'],Onsite,Weekdays,2,2026-07-01 00:00:01.0,Pune,1574955043157,9c7e6102-25a9-4b27-b5ec-d07c2943c673,Sulabh Jivan Foundation,Education Support,18.52011630560334,73.86878807527036,City-Level Fallback (city)
62200,Data Entry Volunteer,Worli Naka,,4,,,03-07-2026,31-10-2026,['Animal Welfare'],Onsite,Either,4,2026-09-02 10:44:03.0,Mumbai,1574955115910,c564326f-745b-4c04-93ea-518784432b7c,All About Them,Data Entry,19.04540818983637,72.85539565110783,City-Level Fallback (city)
62194,Academic Partnership and Outreach Intern,Rangareddi,SERILINGAMPALLY,2,,,03-07-2026,31-12-2026,['Women Empowerment'],Hybrid,Either,1,2026-07-03 12:05:46.0,Rangareddi,1574955113124,1c471c11-2bbf-4662-b4ad-60d3cac2c64d,RURAL DEVELOPMENT SOCIETY,Outreach,17.292038590423694,78.15367067640712,City-Level Fallback (county)
62197,Wall Painting Drive,Gurugram,,50,,,04-07-2026,30-09-2026,['Environment & Sustainability'],Onsite,Either,5,2026-07-09 12:44:35.0,Gurugram,1574955113893,0c7f71f5-6661-4b23-a280-6c78cf7b9726,Hara Jeevan,Art/Craft Volunteer,28.463123092245752,77.00995345345632,City-Level Fallback (city)
62198,Storytelling Volunteer,Delhi,,2,,,06-07-2026,31-01-2027,['Education & Literacy'],Onsite,Weekdays,2,2026-07-06 20:21:20.0,Delhi,1574955114189,dfeaab20-ad39-4eba-8cd3-aa93853cad82,Rajesh Bhasin Foundation,Skilling Workshops,28.684785141238336,77.23319231884349,City-Level Fallback (city)
62204,Learning Enhancement Programme Volunteer,Mumbai,,2,,,06-07-2026,31-05-2027,['Education & Literacy'],Onsite,Weekdays#Weekends#Either,3,2026-07-07 16:16:02.0,Mumbai,1574955117768,f90e34c0-b74e-4d40-9162-cc2ba695126e,Fazlani Aishabai Trust,Teacher,19.04138654523399,72.8556294485378,City-Level Fallback (city)
62199,Art Workshop Volunteer,Delhi,,2,,,06-07-2026,31-12-2026,['Education & Literacy'],Onsite,Weekdays,2,2026-07-06 20:27:18.0,Delhi,1574955114486,e159acfe-07d9-4981-afb9-aaac24017b54,Rajesh Bhasin Foundation,Art/Craft Teacher,28.660365379401195,77.20211850618159,City-Level Fallback (city)
62214,Volunteer for Teaching in Delhi,Delhi,,2,,,06-07-2026,31-07-2030,['Education & Literacy'],Onsite,Weekends,2,2026-07-09 11:39:48.0,Delhi,1574955120969,6de265f0-fddf-4e0c-aba5-86743326bbf8,Aashray Foundation,Teacher,28.669325607849075,77.20604103446836,City-Level Fallback (city)
62196,Student Program and Events Intern,Rangareddi,,2,,,08-07-2026,30-06-2027,['Women Empowerment'],Hybrid,Either,1,2026-07-09 00:00:01.0,Rangareddi,1574955113583,d0ef06b3-eaaa-40ff-bc46-3967a6ddb980,RURAL DEVELOPMENT SOCIETY,Skilling Workshops,17.26550009395232,78.17960234999526,City-Level Fallback (county)
62229,Academic Partnership and Outreach Intern,Hyderabad (Telangana),SERILINGAMPALLY,2,,,08-07-2026,31-12-2026,['Women Empowerment'],Hybrid,Either,2,2026-07-08 15:43:03.0,Rangareddi,1574955130904,46cd534a-5dec-4922-a5e5-1e76325428fb,Dharani Life Skills,Outreach,17.28809487702244,78.16592969715259,City-Level Fallback (county)
62227,Campaign Coordination Volunteer,Hyderabad Telangana,,2,,,10-07-2026,30-09-2026,['Community Development'],Hybrid,Either,6,2026-07-10 23:48:03.0,Hyderabad Telangana,1574955130316,7fc948e4-7eff-4558-a8b0-10c6bfe10d9a,Babul Films Society,Communication,17.31502115301115,78.57102157348167,City-Level Fallback (bank)
62239,Tree Plantation Volunteer,Delhi,,15,,,10-07-2026,31-03-2027,['Women Empowerment'],Onsite,Weekends,3,2026-07-14 14:32:50.0,Delhi,1574955142262,77fa2e08-73ab-4764-8120-294fbac6cb2a,Saahiji Social Welfare Foundation,Civic-Tree Plantation & Cleanup Drives,28.67011915072569,77.21679660259888,City-Level Fallback (city)
62241,Outreach Program Volunteer,Noida,,1,,,12-07-2026,28-02-2027,['Education & Literacy'],Onsite,Either,2,2026-08-26 17:32:55.0,Noida,1574955144277,07eb0c8a-1752-49b6-a786-06d7710abea0,Suma Blessings Foundation,Outreach,28.56552614562726,77.3279761116787,City-Level Fallback (city)
62211,teaching volunteer,Mumbai,,6,,,13-07-2026,31-03-2027,['Education & Literacy'],Onsite,Weekdays,3,2026-07-13 00:00:01.0,Mumbai,1574955119995,8b9d2d35-33df-4795-ac03-95c5ed578867,SHIKSHA FOUNDATION,Teacher,19.040044936649924,72.88478575195754,City-Level Fallback (city)
62270,Volunteer for Spoken English,Govandi East,,2,,,14-07-2026,31-12-2026,['Women Empowerment'],Onsite,Either,2,2026-09-02 12:04:19.0,Mumbai,1574955161309,c53c041b-31e4-4485-937c-d79d0f0dea70,Kshamata,English Teacher,19.06532594902552,72.85421435158234,City-Level Fallback (city)
62255,Teaching Volunteer,Mumbai,,3,,,15-07-2026,31-12-2026,['Education & Literacy'],Onsite,Weekdays,2,2026-09-01 15:11:54.0,Mumbai,1574955151841,8403b367-3cfe-4fa7-9bf7-0068e2e71eff,Pehlay Akshar Foundation,Teacher,19.04521107854904,72.85926513663519,City-Level Fallback (city)
62297,Cultural Exchange Volunteer,Barasat,Amdanga,2,,,17-07-2026,31-03-2027,['Education & Literacy'],Onsite,Weekdays,5,2026-07-17 10:26:33.0,Barasat,1574955177777,b9bb8b22-d5c8-44a4-bd3c-626d48b23c93,Kolotan,Awareness Campaign,22.7674265,88.5337149,Exact Area (atm)
62295,Communication Volunteer,Hyderabad,,3,,,20-07-2026,01-03-2027,['Women Empowerment'],Hybrid,Either,1,2026-07-20 00:00:01.0,Hyderabad,1574955175684,b5a24186-0a84-48a0-9501-faf70ceb5706,Suharth Foundation,Communication,17.348510959735254,78.48068233007913,City-Level Fallback (city)
62326,Graphic Design Volunteer,Mumbai,,2,,,21-07-2026,30-11-2026,['Women Empowerment'],Hybrid,Weekdays,3,2026-07-22 10:44:21.0,Mumbai,1574955195381,67483995-63b7-406c-9e71-2cd5fc7ee26b,Umang Foundation Trust,Brochure/Poster/Social Media Design,19.057564145716697,72.88021631424375,City-Level Fallback (city)
62332,Spoken English Volunteer,GOVANDI Byculla,,5,,,22-07-2026,31-12-2026,['Education & Literacy'],Onsite,Weekdays#Weekends,2,2026-08-27 10:36:08.0,Mumbai,1574955198361,349a9691-65df-4da7-b0d6-530adf52eded,Gyaandaan Foundation (Sampoorna Shiksha),Teacher-Languages,19.042597468777867,72.86593454829884,City-Level Fallback (city)
62336,Photography and Videography Volunteer,Chennai,,2,,,22-07-2026,22-07-2027,['Education & Literacy'],Onsite,Weekends#Either,3,2026-07-23 12:49:27.0,Chennai,1574955202158,64d9c60d-8af7-42f5-a31e-11b86969f044,VVAY FORWARD,Photography,13.083338014922864,80.27089412563745,City-Level Fallback (city)
62327,Classroom Assistant Volunteer,Mumbai,,2,,,23-07-2026,30-09-2026,['Education & Literacy'],Onsite,Weekdays,6,2026-07-23 17:38:39.0,Mumbai,1574955196943,3da379ef-f275-4ccc-931d-71235605cf1c,RAYS OF HOPE CHARITABLE TRUST,Education Support,19.049825471855744,72.88180749586485,City-Level Fallback (city)
62359,Awareness Session Volunteer,Mumbai,,10,,,25-07-2026,31-12-2026,['Women Empowerment'],Onsite,Weekdays,4,2026-07-27 12:42:47.0,Mumbai,1574955225559,2611feba-f153-4b87-bf63-2b2e8c402e1f,ASK Foundation24,Awareness Campaign,19.056680631423745,72.88234374672811,City-Level Fallback (city)
62366,Event Manager Volunteer,Mumbai,,4,,,27-07-2026,31-12-2026,['Children'],Hybrid,Either,2,2026-08-03 10:42:56.0,Mumbai,1574955228808,99bc3baa-1201-4704-bcc8-4845fbff6531,Seva Sanjivani Social Foundation,Event Management,19.050126364172254,72.85796365568112,City-Level Fallback (city)
62348,Marketing Volunteer,Mumbai,,2,,,27-07-2026,31-10-2026,['Education & Literacy'],Onsite,Weekdays,6,2026-07-27 12:10:53.0,Mumbai,1574955213515,9ec8aa3b-92a3-4eda-bae4-4ffda70de0b0,Missing link trust,Marketing,19.063607404360276,72.86769147357971,City-Level Fallback (city)
62378,Social Media Volunteer,Thane,Thane,2,,,28-07-2026,30-09-2026,['Education & Literacy'],Onsite,Either,5,2026-07-28 13:50:12.0,Mumbai,1574955237199,0ed23d35-93eb-4199-8745-7435269541d3,Udaan Welfare Foundation,Social Media,19.117493,72.9644013,Exact Area (nature_reserve)
62355,Program Support Volunteer,Mumbai,,2,,,28-07-2026,31-01-2027,['Education & Literacy'],Onsite,Weekdays,3,2026-07-28 16:42:43.0,Mumbai,1574955216611,3b8ebca2-172b-44ca-a305-75deb64af0ac,Samarpan Charitable Trust - Heed India,Programme Management,19.043009423564374,72.84946557471253,City-Level Fallback (city)
62381,Mental Health Support Volunteer,Thane,,2,,,28-07-2026,30-06-2027,['Education & Literacy'],Hybrid,Either,2,2026-09-03 16:53:27.0,Thane,1574955237999,5254059b-bb93-442f-8ff2-6ea3e23556ba,Udaan Welfare Foundation,Awareness Campaign,19.356150937736587,73.3607134244397,City-Level Fallback (state_district)
62360,Operations Support Volunteer,Ludhiana,,2,,,29-07-2026,31-10-2026,['Children'],Onsite,Weekdays,2,2026-07-29 16:51:04.0,Punjab,1574955225866,8d795758-fe49-4c57-9182-8e1580cf3aaa,Ksudharta foundation,Operations,,,Failed
62391,English Teaching Volunteer,AFAC School Chembur,,7,,,29-07-2026,31-12-2026,['Education & Literacy'],Onsite,Weekdays,2,2026-08-27 10:35:02.0,Mumbai,1574955256018,07dedbc5-d6e6-4aa1-bfd6-8c2b930f33f6,Gyaandaan Foundation (Sampoorna Shiksha),Teacher-Languages,19.035873180887936,72.86568600243753,City-Level Fallback (city)
62397,Teaching Volunteer,Mumbai,,20,,,31-07-2026,31-03-2027,['Education & Literacy'],Hybrid,Weekdays#Weekends#Either,2,2026-07-31 17:42:35.0,Mumbai,1574955270283,c64f670e-a66a-4783-99d1-ac16f45c1e14,Angel Xpress Foundation,Teacher,19.060149990105394,72.8634137052218,City-Level Fallback (city)
62388,SCAN Buddy Up volunteer,Chennai,,5,,,01-08-2026,31-03-2027,['Persons with Disabilities'],Onsite,Weekends,3,2026-08-01 00:00:01.0,Chennai,1574955251305,d6031c33-b647-4ce4-8c82-2fb5ed6a97a3,Special Child Assistance Network (SCAN) Trust,Easy To Do,13.072904923741678,80.27755230328833,City-Level Fallback (city)
62413,Human Resource Volunteer,Pune,,5,,,01-08-2026,31-12-2026,['Youth Development'],Onsite,Weekdays,4,2026-08-03 11:04:54.0,Pune,1574955285006,67f27c57-87e2-4b3e-b021-eca17167e6f5,CYDA,Human Resource(HR),18.51745821095751,73.8481965363121,City-Level Fallback (city)
62384,Food Distribution Volunteer,Chennai,,5,,,01-08-2026,30-01-2027,['Health'],Onsite,Weekdays#Weekends,3,2026-08-01 00:00:01.0,Chennai,1574955238606,e37178f2-e48a-4035-bbed-0e8d72ab2ae7,Give a hand foundation,Civic-Distribution Drives,13.08754138103154,80.2824028018846,City-Level Fallback (city)
62322,Awareness Volunteer,Mumbai,,2,,,01-08-2026,31-10-2026,['Environment & Sustainability'],Onsite,Either,1,2026-08-01 00:00:01.0,Mumbai,1574955193584,3b413ed9-b8f0-4618-ad25-949e20e4fb97,Vikalp Foundation,Awareness Campaign,19.063648945255974,72.84929058629821,City-Level Fallback (city)
62386,Teaching Volunteer,Navi Mumbai,,5,,,01-08-2026,31-03-2027,['Education & Literacy'],Onsite,Weekends,3,2026-08-01 00:00:01.0,Navi Mumbai,1574955243401,92a564ca-baa6-4af2-aa43-806e3df36fa0,Ecovision Social Welfare Foundation,Teacher,19.03681,73.01582,Exact NGO (neighbourhood)
62415,Corporate Outreach Volunteer,Thane,,2,,,03-08-2026,30-12-2027,['Women Empowerment'],Hybrid,Either,3,2026-08-03 15:11:59.0,Mumbai,1574955285602,f405d0c9-210e-4cbd-934a-d8070146c439,Sheelaxmi Social Foundation,Outreach,19.05723216730357,72.8607855924139,City-Level Fallback (city)
62417,Survey and Data Collection Volunteer,Navi Mumbai,,2,,,03-08-2026,30-12-2027,['Women Empowerment'],Onsite,Either,3,2026-08-03 15:21:38.0,Koperkhairne  Vashi  Navi Mum,1574955286063,119a43ca-687f-4c9d-b915-254a5a018d55,Sheelaxmi Social Foundation,Data Analysis,,,Failed
62425,Carter Cleanup Event Support Volunteer,Mumbai,Bandra,10,,,03-08-2026,04-09-2026,['Community Development'],Onsite,Weekends,3,2026-08-03 16:38:59.0,Mumbai,1574955292240,e43c4075-8ada-4ad1-9231-61a7ca0318f4,Rosy Blue Foundation Mumbai,Event Support,19.0549792,72.8402203,Exact Area (railway)
62436,Teaching Volunteer,Navi Mumbai,,3,,,05-08-2026,31-12-2031,['Education & Literacy'],Onsite,Weekends#Either,2,2026-08-05 17:10:17.0,Navi Mumbai,1574955298304,3f0bb2dd-ddbf-4374-b633-51cf7ca1e7b2,Mission Learning Foundation,Teacher,19.03681,73.01582,Exact NGO (neighbourhood)
62443,Project Coordinator Volunteer,Mumbai Andheri,,2,,,06-08-2026,31-12-2026,['Health'],Hybrid,Either,5,2026-08-06 17:16:00.0,Mumbai,1574955301683,56773bdb-ca11-4a67-97f3-a20f4aedd023,Mouli FitLife Foundation,Admin,19.071264447163205,72.87205978608017,City-Level Fallback (city)
62441,Data Entry Volunteer,Mumbai,,2,,,06-08-2026,30-09-2026,['Community Development'],Onsite,Weekdays,5,2026-08-06 10:33:39.0,Mumbai,1574955300761,e7d7e5bf-a319-4d07-b41d-56ba80afe395,Jeevan dhara,Data Entry,19.063280902315856,72.861370549384,City-Level Fallback (city)
62469,Community Field Survey Volunteer Mankhurd,Mumbai,,3,,,10-08-2026,31-12-2027,['Women Empowerment'],Onsite,Weekdays,4,2026-08-11 12:48:39.0,Mumbai,1574955315697,b8fdba15-c93d-4838-a5e7-ce08f5cc843d,Dharma Bharathi Mission - Navshrushti International Trust,Survey,19.070898193814156,72.85248601407669,City-Level Fallback (city)
62485,Traditional Artisan Videography Volunteer,Tier One Cities,,2,,,10-08-2026,31-01-2027,['Environment & Sustainability'],Onsite,Either,5,2026-08-11 22:02:21.0,Tier One Cities,1574955323688,5bde7182-e543-4afe-939c-2ca2e4f67d5c,Gullakaari Foundation,Videography,,,Failed
62300,Teaching Volunteer,Bengaluru,,3,,,11-08-2026,31-12-2026,['Education & Literacy'],Onsite,Weekdays,2,2026-08-11 00:00:01.0,Bengaluru,1574955178847,d9616a13-a62a-4ba2-a54f-3651abf76958,Children of India Foundation,Teacher-Extra curricular subjects,12.97934882468358,77.58342822830915,City-Level Fallback (city)
62490,Photography volunteer,Mumbai,,2,,,11-08-2026,31-10-2026,['Community Development'],Onsite,Weekends,3,2026-08-11 11:47:09.0,Mumbai,1574955326994,153e6aca-d94b-4451-8f16-f6c8385feb89,Jeevan dhara,Photography,19.045563389203963,72.86171398915866,City-Level Fallback (city)
62508,Mentoring Volunteer,Mumbai,,15,,,12-08-2026,31-03-2027,['Education & Literacy'],Onsite,Weekdays,2,2026-08-12 11:21:16.0,Powai Mumbai,1574955335313,289a5052-c889-4849-82df-835ce84cf5cf,Udaan India Foundation,Mentoring,19.120363876492327,72.92328194096473,City-Level Fallback (building)
62537,Awareness Volunteer,Kolkata,,2,,,14-08-2026,31-12-2026,['Health'],Onsite,Either,6,2026-08-18 15:36:57.0,Kolkata,1574955353380,3cd02549-9f92-4da0-bb1f-785076d906ce,Nishchaya Foundation,Awareness Campaign,22.589721490535105,88.379040075087,City-Level Fallback (city)
62535,School Hygiene Awareness Volunteer,Mumbai,,3,,,14-08-2026,30-11-2026,['Health'],Onsite,Weekdays,3,2026-08-14 11:01:02.0,Mumbai,1574955352640,ab02beef-9c19-4f4c-aca1-ba90706ff1ff,Akshaya Chaitanya,Awareness Campaign,19.06226098705688,72.86414079089079,City-Level Fallback (city)
62488,Weekend Skill Development Volunteer,Thane,,2,,,15-08-2026,31-12-2026,['Education & Literacy'],Onsite,Weekends,2,2026-08-15 00:00:01.0,Thane,1574955324760,e9458446-7188-4498-a90c-25168007f9a0,Swadharma Nirmaan Foundation,Art/Craft Volunteer,19.383138713854024,73.36661216941386,City-Level Fallback (state_district)
62528,Survey Volunteers,Pune,,3,,,17-08-2026,31-03-2027,['Women Empowerment'],Onsite,Either,3,2026-08-17 00:00:01.0,Pune,1574955346322,ffe1cc80-d9ae-47c4-923a-3b0d399ed19c,Dyandeep Jankalyan Foundation,Survey,18.534512004874227,73.83500484356917,City-Level Fallback (city)
62546,Counsellor Volunteer,Mumbai,,2,,,18-08-2026,31-03-2027,['Health'],Onsite,Weekdays,2,2026-08-18 10:01:48.0,Mumbai,1574955357198,28cc936f-6872-46f3-b693-0b17d7aee765,MOC Cancer Care Foundation,Psychology,19.04556519824018,72.88604926078482,City-Level Fallback (city)
62536,Mentor Volunteer,Mumbai,,3,,,20-08-2026,31-12-2026,['Education & Literacy'],Onsite,Weekdays,3,2026-08-20 00:00:01.0,Mumbai,1574955352950,29635562-97c9-4695-8eb4-fef063bf0371,Akanksha Foundation - Mumbai,Mentoring,19.045446377722158,72.88695596635968,City-Level Fallback (city)
62585,Teaching Volunteer,Navi Mumbai,Airoli,4,,,20-08-2026,30-11-2026,['Children'],Onsite,Weekdays,6,2026-08-20 12:33:40.0,Navi Mumbai,1574955385127,3663b8a1-f6a3-4161-9368-80b0781a5fe7,Little Angel Foundation,Teacher,19.1585147,72.9994019,Exact Area (railway)
62605,Teachers Day Volunteer,Mumbai,,7,,,24-08-2026,05-09-2026,['Education & Literacy'],Onsite,Weekdays,4,2026-08-27 10:07:14.0,Mumbai,1574955396973,edd86bf3-1ebe-4831-8155-07f01ed809b6,Spark a Change Foundation,Event Management,19.038927273424093,72.86583858743612,City-Level Fallback (city)
62586,Data Collection Volunteer,Mumbai,,2,,,24-08-2026,31-10-2026,['Health'],Onsite,Either,3,2026-08-24 11:26:14.0,Mumbai,1574955385425,0890b3e6-ab1d-4993-90f4-ac570666311e,Akshaya Chaitanya,Data Entry,19.058094470283915,72.85307422156228,City-Level Fallback (city)
62630,Recreational Activity Volunteer,Mumbai,,20,,,25-08-2026,31-08-2027,['Children'],Onsite,Weekends,4,2026-08-27 10:10:09.0,Mumbai,1574955415069,79a87503-0e2e-4a95-9d60-dfef877d36f4,Ankur Pratishthan,Education Support,19.058795311420624,72.85498598399344,City-Level Fallback (city)
62609,Social Media Volunteeer,Mumbai,,2,,,26-08-2026,31-03-2027,['Education & Literacy'],Hybrid,Weekdays,5,2026-08-26 11:05:01.0,Mumbai,1574955400977,efb8f899-0350-4e29-aefa-53998c431531,Raana Kathiwada Foundation,Social Media,19.062073164715752,72.85900163171985,City-Level Fallback (city)
62688,Account Volunteer,Thane,,2,,,01-09-2026,31-12-2027,['Women Empowerment'],Onsite,Weekdays,4,2026-09-02 12:19:35.0,Thane,1574955473753,a173da90-e8e4-4af1-b2ac-527c2a8a7644,Kshamata,Finance/Accounts,19.37085165682665,73.36427381495311,City-Level Fallback (state_district)
62660,Social Media Volunteer,Navi Mumbai,,2,,,01-09-2026,30-11-2026,['Women Empowerment'],Onsite,Weekdays,5,2026-09-02 10:49:11.0,Navi Mumbai,1574955452981,69490a9c-9ef6-4811-9db1-b40699b08315,Victor Manickam Foundation,Social Media,19.03681,73.01582,Exact NGO (neighbourhood)
62553,Teaching Volunteer,Mumbai,,10,,,01-09-2026,31-12-2026,['Children'],Onsite,Weekdays,2,2026-09-01 00:00:01.0,Mumbai,1574955363307,b107df87-bc80-49ad-bcec-ef0b67375008,Spark a Change Foundation,Teacher,19.037534167538084,72.85235103149392,City-Level Fallback (city)
62650,Annual Report Design Volunteer,Mumbai,,1,,,01-09-2026,30-09-2026,['Health'],Hybrid,Weekdays,2,2026-09-01 00:00:01.0,Mumbai,1574955442382,ad65256c-949f-4c98-96a7-22a0fcdca42a,Artscape Foundation,Document/Report Design,19.051957793458033,72.87145289526434,City-Level Fallback (city)
62669,Event Support Volunteer,Delhi,,5,,,02-09-2026,30-11-2026,['Education & Literacy'],Onsite,Either,7,2026-09-03 13:26:14.0,Delhi,1574955458992,02b67f46-e9f4-4683-9482-e60467f76875,Anantya Foundation,Event Support,28.67905907519957,77.19736658101073,City-Level Fallback (city)
62687,Festive Sales and Exhibition Volunteer,Mumbai,,20,,,02-09-2026,31-12-2026,['Women Empowerment'],Onsite,Either,5,2026-09-03 13:23:22.0,Mumbai,1574955473115,a3b6f91f-974f-4c6e-af05-ec5d3f80665a,Kshamata,Event Support,19.073308671728398,72.87269867392884,City-Level Fallback (city)
62649,Photography Volunteers,Bengaluru,,2,,,03-09-2026,15-04-2027,['Children'],Onsite,Weekends,2,2026-09-04 00:00:01.0,Bengaluru,1574955441688,43e6121d-6773-4d8f-8a95-68eec0ca8006,Bookwallah Organization,Photography,12.958896773427602,77.58099776877386,City-Level Fallback (city)
62710,City Lead Volunteer,Nagpur,,3,,,03-09-2026,30-06-2027,['Youth Development'],Hybrid,Either,2,2026-09-03 15:03:26.0,Nagpur,1574955488647,71e50fc0-11a3-42ef-9990-02f908ac75a6,Support Wings,Event Support,21.14956652204639,79.09859371825307,City-Level Fallback (city)
62719,Events Support Volunteer,Mumbai,Malabar Hill,10,,,03-09-2026,30-09-2026,['Community Development'],Onsite,Either,2,2026-09-03 12:41:47.0,Mumbai,1574955491529,9c0481e9-6d84-48c9-88fa-1dc961168983,RPG Foundation,Event Support,18.9581616,72.8033665,Exact Area (neighbourhood)
62708,Music Lessons Volunteer,Mumbai,,1,,,03-09-2026,31-05-2027,['Children'],Onsite,Either,1,2026-09-03 17:29:32.0,Mumbai,1574955487737,7deea1e7-57ec-48bd-ade0-f2f4c8b215d9,Shelter Don Bosco,Music,19.059270873259997,72.88503286945691,City-Level Fallback (city)
62727,Photography at Play Sessions Volunteer,Mumbai,Mahim,2,,,04-09-2026,30-09-2027,['Children'],Onsite,Weekdays,5,2026-09-04 10:32:22.0,Mumbai,1574955499302,03f8530c-9c9e-4d7c-a555-5b94b8630a06,Toybank - The Opentree Foundation,Photography,19.0387601,72.8420967,Exact Area (bus_stop)
62661,Beach Cleanup Drive Juhu Beach,Mumbai,Juhu Beach Garden,600,,,05-09-2026,05-09-2026,['Community Development'],Onsite,Weekends,2,2026-08-29 00:00:01.0,Mumbai,1574955453286,35655960-d447-4d02-af3c-56b32ee4476c,Rosy Blue Foundation Mumbai,Easy To Do,19.052767396464137,72.85649249855084,City-Level Fallback (city)
62539,Carter Cleanup,Mumbai,Bandra,200,,,05-09-2026,05-09-2026,['Health'],Onsite,Weekends,2,2026-08-14 00:00:01.0,Mumbai,1574955353983,e0b2c40e-10c0-4246-aff9-9883806e6deb,RENAISSANCE FOUNDATION,Easy To Do,19.0549792,72.8402203,Exact Area (railway)
62615,A Card of Thanks Teachers Day Special,Mumbai,Ramnagar,100,,,05-09-2026,05-09-2026,['Women Empowerment'],Onsite,Weekends,2,2026-08-25 00:00:01.0,Mumbai,1574955404636,06d1aef8-3227-4ec7-8317-52703ca0ead6,Umang Foundation Trust,Easy To Do,19.0426294,72.8938452,Exact Area (neighbourhood)
62617,Inventopia Safari,Mumbai,Near Sakinaka Metro Station,100,,,06-09-2026,06-09-2026,['Education & Literacy'],Onsite,Weekends,2,2026-08-25 12:00:02.0,Mumbai,1574955405205,2ea75206-d062-4141-8887-a4df0653aa45,Janvi Charitable Trust,Education Support,19.04545346161703,72.85445621162275,City-Level Fallback (city)
62617,Inventopia Safari,Mumbai,Near Sakinaka Metro Station,100,,,06-09-2026,06-09-2026,['Education & Literacy'],Onsite,Weekends,2,2026-08-25 12:00:02.0,Mumbai,1574955405205,2ea75206-d062-4141-8887-a4df0653aa45,Janvi Charitable Trust,Education Support,19.067295498412825,72.8580303561099,City-Level Fallback (city)
62723,Pack A Meal in Mumbai,Mumbai,Kandivali West,30,,,07-09-2026,07-09-2026,['Community Development'],Onsite,Weekends,2,2026-09-04 00:00:01.0,Mumbai,1574955495029,081fa0b2-2d9f-4165-bcfb-a62245d9e0a9,Rise Against Hunger India,Civic-Distribution Drives,19.2140139,72.8372919,Exact Area (railway)
62711,Pack A Meal in Mumbai,Mumbai,Kandivali West,30,,,07-09-2026,07-09-2026,['Community Development'],Onsite,Weekends,2,2026-09-04 00:00:01.0,Mumbai,1574955489419,a87a6cd7-5e8e-4d0a-92cc-cdf803412a9f,Rise Against Hunger India,Easy To Do,19.2140139,72.8372919,Exact Area (railway)
62712,Pack A Meal in Mumbai,Mumbai,Kandivali West,30,,,08-09-2026,08-09-2026,['Community Development'],Onsite,Weekends,2,2026-09-04 00:00:01.0,Mumbai,1574955489955,67d06a47-4961-4fd7-b5a7-de04014d92bb,Rise Against Hunger India,Easy To Do,19.2140139,72.8372919,Exact Area (railway)
62713,Pack A Meal in Mumbai,Mumbai,Kandivali West,30,,,09-09-2026,09-09-2026,['Community Development'],Onsite,Weekends,2,2026-09-04 00:00:01.0,Mumbai,1574955490062,d6a8f1a3-27d4-4506-9052-9c08d48c7ced,Rise Against Hunger India,Easy To Do,19.2140139,72.8372919,Exact Area (railway)
62714,Pack A Meal in Mumbai,Mumbai,Kandivali West,30,,,10-09-2026,10-09-2026,['Community Development'],Onsite,Weekends,2,2026-09-04 00:00:01.0,Mumbai,1574955490169,c746172d-adc4-4eb6-b2e3-2fbea6e217d4,Rise Against Hunger India,Easy To Do,19.2140139,72.8372919,Exact Area (railway)
62616,Reflections Through Art Ganpati Festival,Mumbai,Ramnagar,100,,,12-09-2026,12-09-2026,['Women Empowerment'],Onsite,Weekends,2,2026-08-25 12:00:02.0,Mumbai,1574955404941,be8ce1b5-3c09-464b-83a6-60c2acf1476a,Umang Foundation Trust,Easy To Do,19.0426294,72.8938452,Exact Area (neighbourhood)
62693,Beach Cleanup Drive Mahim Beach,Mumbai,Mahim Beach,1000,,,13-09-2026,13-09-2026,['Education & Literacy'],Onsite,Weekends,2,2026-09-02 00:00:02.0,Mumbai,1574955476778,dc6d9348-3375-4005-b0d7-a72f0edbb0da,Gully Classes Foundation,Easy To Do,19.0440726,72.8387676,Exact Area (beach)
62618,Inventopia Spotlight,Mumbai,Near Sakinaka Metro Station,100,,,13-09-2026,13-09-2026,['Education & Literacy'],Onsite,Weekends,2,2026-08-25 12:00:02.0,Mumbai,1574955405398,467de635-3a4b-43a0-ac3f-b4d5f5fdce7b,Janvi Charitable Trust,Education Support,19.061847290128288,72.86041099006216,City-Level Fallback (city)
62614,Funducation Vedic Maths Magic,Mumbai,Near Galaxy Apartment,100,,,13-09-2026,13-09-2026,['Community Development'],Onsite,Weekends,2,2026-08-25 00:00:01.0,Mumbai,1574955404478,bfe4ec77-14e7-4aaa-a21e-ed5845fe6a9c,Adarsh Foundation,Education Support,19.05915709205351,72.87553692770396,City-Level Fallback (city)
62717,Pack A Meal in Mumbai,Mumbai,Kandivali West,30,,,15-09-2026,15-09-2026,['Community Development'],Onsite,Weekends,2,2026-09-04 00:00:01.0,Mumbai,1574955490484,53d4a83f-02ef-45a0-ad19-9493301216a6,Rise Against Hunger India,Easy To Do,19.2140139,72.8372919,Exact Area (railway)
62716,Pack A Meal in Mumbai,Mumbai,Kandivali West,30,,,15-09-2026,15-09-2026,['Community Development'],Onsite,Weekends,2,2026-09-04 00:00:01.0,Mumbai,1574955490377,c1d93e5f-f348-4a1d-b416-0d66e4a0a667,Rise Against Hunger India,Easy To Do,19.2140139,72.8372919,Exact Area (railway)
62554,Jallosh Clean Coast Dadar,Mumbai,Dadar West,200,,,19-09-2026,19-09-2026,['Environment & Sustainability'],Onsite,Weekends,2,2026-08-18 00:00:01.0,Mumbai,1574955364462,bf1b8228-c265-487a-af17-fe79df8ab1fb,Project Mumbai,Easy To Do,19.0238887,72.8382236,Exact Area (neighbourhood)
62707,Dadar Beach Cleanup Drive,Mumbai,,1000,,,19-09-2026,19-09-2026,['Environment & Sustainability'],Onsite,Weekends,2,2026-09-03 00:00:01.0,Mumbai,1574955485717,b98901cc-873f-4223-8168-3a77e9c6f316,Khushiyaan Foundation,Easy To Do,19.071934099970374,72.86435739099112,City-Level Fallback (city)
62706,Prabhadevi Beach Cleanup Drive,Mumbai,,1000,,,19-09-2026,19-09-2026,['Environment & Sustainability'],Onsite,Weekends,2,2026-09-03 00:00:01.0,Mumbai,1574955485411,7143e269-c49e-465b-a7c0-a54c272772dd,Khushiyaan Foundation,Easy To Do,19.052728254286666,72.881519675228,City-Level Fallback (city)
62705,Juhu Beach Cleanup Drive,Mumbai,,1000,,,19-09-2026,19-09-2026,['Environment & Sustainability'],Onsite,Weekends,2,2026-09-03 00:00:01.0,Mumbai,1574955484870,c8928e9b-e308-4c99-b4a9-dfc29cbb0a7f,Khushiyaan Foundation,Easy To Do,19.074453220240663,72.86662770053145,City-Level Fallback (city)
62555,Jallosh Clean Coast Juhu,Mumbai,Juhu,200,,,19-09-2026,19-09-2026,['Environment & Sustainability'],Onsite,Weekends,2,2026-08-18 00:00:01.0,Mumbai,1574955364730,1aa1c292-245c-4717-90e7-53a43c858f8a,Project Mumbai,Easy To Do,19.1070215,72.8275275,Exact Area (neighbourhood)
62694,Beach Cleanup Drive Juhu Beach,Mumbai,Juhu Koliwada Beach,1000,,,20-09-2026,20-09-2026,['Education & Literacy'],Onsite,Weekends,2,2026-09-02 00:00:02.0,Mumbai,1574955477422,bd4ad8d9-4154-4312-958c-fdfe8a96dd4f,Gully Classes Foundation,Easy To Do,19.042377077455654,72.8639980661414,City-Level Fallback (city)
62634,Visarjan Cleanup,Mumbai,Juhu,100,,,26-09-2026,26-09-2026,['Persons with Disabilities'],Onsite,Weekdays#Weekends,3,2026-08-27 00:00:01.0,Mumbai,1574955418957,853da421-a32e-4243-8c0f-3002d78ad25d,Association Of Social Beyond Boundaries,Easy To Do,19.1070215,72.8275275,Exact Area (neighbourhood)
62540,Carter Visarjan Cleanup,Mumbai,,200,,,26-09-2026,26-09-2026,['Health'],Onsite,Weekends,2,2026-08-26 13:01:19.0,Mumbai,1574955354220,a57ee6b6-9ef9-4aa8-bf04-7f6caea5f7ad,RENAISSANCE FOUNDATION,Easy To Do,19.045332865902143,72.87701454023673,City-Level Fallback (city)
62556,Visarjan Clean Up Dadar,Mumbai,,250,,,26-09-2026,26-09-2026,['Environment & Sustainability'],Onsite,Weekends,2,2026-08-26 13:00:19.0,Mumbai,1574955365336,b89ddb91-7d9d-46a8-b324-88237a6d7142,Jay Foundation,Easy To Do,19.048442098075736,72.86967581403317,City-Level Fallback (city)
62620,Visarjan Cleanup Drive Juhu Beach,Mumbai,Near Chhatrapati Shivaji Maharaj Monument,1000,,,27-09-2026,27-09-2026,['Community Development'],Onsite,Weekends,3,2026-08-25 12:00:02.0,Mumbai,1574955406005,de46491e-7eb9-4061-a4b9-25f04b833625,Rosy Blue Foundation Mumbai,Easy To Do,19.05118913377121,72.85570945848012,City-Level Fallback (city)
62621,Visarjan Cleanup Drive Girgaon Beach,Mumbai,Near Sukh Sagar Building,1000,,,27-09-2026,27-09-2026,['Community Development'],Onsite,Weekends,3,2026-08-25 12:00:02.0,Mumbai,1574955406163,76b5cdab-1397-47d8-8b20-7e366c352129,Rosy Blue Foundation Mumbai,Easy To Do,19.05419543303556,72.85563925567442,City-Level Fallback (city)
62619,Visarjan Cleanup Drive Dadar Beach,Mumbai,Near Kirti College,1000,,,27-09-2026,27-09-2026,['Community Development'],Onsite,Weekends,3,2026-08-25 12:00:02.0,Mumbai,1574955405704,27484982-63aa-437c-8d8a-91b4d328309e,Rosy Blue Foundation Mumbai,Easy To Do,19.060006503634945,72.87165390559889,City-Level Fallback (city)
